{
	"parent": "item/generated",
	"textures": {
		"layer0": "item/leather_horse_armor"
	},
 
	"overrides": [
		{"predicate": {"custom_model_data":1}, "model": "rocket_spleef/hand_cannon_empty_0"},
		{"predicate": {"custom_model_data":2}, "model": "rocket_spleef/hand_cannon_empty_1"},
		{"predicate": {"custom_model_data":3}, "model": "rocket_spleef/hand_cannon_empty_2"},
		{"predicate": {"custom_model_data":4}, "model": "rocket_spleef/hand_cannon_empty_3"},
		{"predicate": {"custom_model_data":5}, "model": "rocket_spleef/hand_cannon_loaded_1"},
		{"predicate": {"custom_model_data":6}, "model": "rocket_spleef/hand_cannon_loaded_2"},
		{"predicate": {"custom_model_data":7}, "model": "rocket_spleef/hand_cannon_loaded_3"}
	]
}