{"display":{"thirdperson_righthand":{"scale":[0.25,0.25,0.25]},"thirdperson_lefthand":{"scale":[0.25,0.25,0.25]},"firstperson_righthand":{"rotation":[0,103,0],"scale":[0.5,0.5,0.5]},"firstperson_lefthand":{"rotation":[0,103,0],"scale":[0.5,0.5,0.5]},"ground":{"translation":[0,5,0]},"gui":{"rotation":[0,-141,0],"translation":[0,-1.75,0],"scale":[0.5,0.5,0.51]},"head":{"translation":[0,-19.1,0],"scale":[3.2,3.2,3.2]},"fixed":{"rotation":[-90,0,0],"translation":[0,0,-31],"scale":[4,4,4]}},"texture_size":[64,64],"textures":{"0":"parkour_warrior/frog_stone"},"elements":[{"from":[5.5,17.8,2.6],"to":[10.5,23.8,7.6],"rotation":{"angle":0,"axis":"y","origin":[28.9,-0.75,-6.4]},"faces":{"north":{"uv":[10.5,0.25,11.75,1.75],"texture":"#0"},"east":{"uv":[10.5,0.25,11.75,1.75],"texture":"#0"},"south":{"uv":[10.5,0.25,11.75,1.75],"texture":"#0"},"west":{"uv":[10.5,0.25,11.75,1.75],"texture":"#0"}}},{"name":"cube inverted","from":[10.5,23.8,7.6],"to":[5.5,17.8,2.6],"rotation":{"angle":0,"axis":"y","origin":[28.9,-0.75,-6.4]},"faces":{"north":{"uv":[10.5,1.75,11.75,0.25],"texture":"#0"},"east":{"uv":[10.5,1.75,11.75,0.25],"texture":"#0"},"south":{"uv":[10.5,1.75,11.75,0.25],"texture":"#0"},"west":{"uv":[10.5,1.75,11.75,0.25],"texture":"#0"},"up":{"uv":[10.5,0,11.75,0],"texture":"#0"},"down":{"uv":[10.5,0,11.75,0],"texture":"#0"}}},{"from":[0.5,11.85,-1.8],"to":[15.5,17.85,11.2],"rotation":{"angle":0,"axis":"y","origin":[7.7,9.51811,6.82252]},"faces":{"north":{"uv":[3.75,0,7.5,1.5],"texture":"#0"},"east":{"uv":[3.75,3,7,4.5],"texture":"#0"},"south":{"uv":[3.75,1.5,7.5,3],"texture":"#0"},"west":{"uv":[7,3,3.75,4.5],"texture":"#0"},"up":{"uv":[3.75,3.25,0,0],"texture":"#0"},"down":{"uv":[3.75,3.25,0,6.5],"texture":"#0"}}},{"from":[12,14.25,1.8],"to":[17,19.25,6.8],"rotation":{"angle":0,"axis":"y","origin":[8,9.51811,6.82252]},"faces":{"north":{"uv":[8.75,1.25,10,2.5],"texture":"#0"},"east":{"uv":[8.75,0,10,1.25],"texture":"#0"},"south":{"uv":[10,1.25,8.75,2.5],"texture":"#0"},"west":{"uv":[7.5,1.25,8.75,2.5],"rotation":180,"texture":"#0"},"up":{"uv":[8.75,0,7.5,1.25],"rotation":270,"texture":"#0"},"down":{"uv":[7.5,2.5,8.75,1.25],"rotation":270,"texture":"#0"}}},{"from":[-1,14.25,1.8],"to":[4,19.25,6.8],"rotation":{"angle":0,"axis":"y","origin":[8,9.51811,6.82252]},"faces":{"north":{"uv":[10,1.25,8.75,2.5],"texture":"#0"},"east":{"uv":[7.5,1.25,8.75,2.5],"rotation":180,"texture":"#0"},"south":{"uv":[8.75,1.25,10,2.5],"texture":"#0"},"west":{"uv":[8.75,0,10,1.25],"texture":"#0"},"up":{"uv":[8.75,0,7.5,1.25],"rotation":90,"texture":"#0"},"down":{"uv":[7.5,2.5,8.75,1.25],"rotation":270,"texture":"#0"}}},{"from":[0.5,-0.15,1.2],"to":[15.5,11.85,16.2],"rotation":{"angle":0,"axis":"y","origin":[7.7,9.31811,3.22252]},"faces":{"north":{"uv":[12.25,3.75,16,6.75],"texture":"#0"},"east":{"uv":[8.5,3.75,12.25,6.75],"texture":"#0"},"south":{"uv":[12.25,6.75,16,9.75],"texture":"#0"},"west":{"uv":[12.25,3.75,8.5,6.75],"texture":"#0"},"up":{"uv":[16,3.75,12.25,0],"texture":"#0"},"down":{"uv":[9.25,4.75,9.25,4.75],"texture":"#0"}}},{"from":[-2.8,0.05,7.2],"to":[1.2,10.05,14.2],"rotation":{"angle":0,"axis":"y","origin":[8,9.51811,6.82252]},"faces":{"north":{"uv":[1.75,6.625,2.75,9.125],"texture":"#0"},"east":{"uv":[0,10.5,1.75,13],"texture":"#missing"},"south":{"uv":[2.75,6.625,3.75,9.125],"texture":"#0"},"west":{"uv":[0,6.625,1.75,9.125],"texture":"#0"},"up":{"uv":[4.75,8.375,3.75,6.625],"texture":"#0"},"down":{"uv":[9.25,4.75,9.25,4.75],"texture":"#0"}}},{"from":[14.8,0.05,7.2],"to":[18.8,10.05,14.2],"rotation":{"angle":0,"axis":"y","origin":[8,9.51811,6.82252]},"faces":{"north":{"uv":[2.75,6.625,1.75,9.125],"texture":"#0"},"east":{"uv":[1.75,6.625,0,9.125],"texture":"#0"},"south":{"uv":[3.75,6.625,2.75,9.125],"texture":"#0"},"west":{"uv":[1.75,10.5,0,13],"texture":"#missing"},"up":{"uv":[3.75,8.375,4.75,6.625],"texture":"#0"},"down":{"uv":[9.25,4.75,9.25,4.75],"texture":"#0"}}},{"from":[-2.8,0.05,4.2],"to":[1.2,2.05,7.2],"rotation":{"angle":0,"axis":"y","origin":[8,9.51811,6.82252]},"faces":{"north":{"uv":[4.75,6.625,5.75,7.125],"texture":"#0"},"east":{"uv":[6.5,6.625,5.75,7.125],"texture":"#0"},"south":{"uv":[13.5,2.75,12.5,3.25],"texture":"#missing"},"west":{"uv":[5.75,6.625,6.5,7.125],"texture":"#0"},"up":{"uv":[5.75,7.875,4.75,7.125],"texture":"#0"},"down":{"uv":[9.25,4.75,9.25,4.75],"texture":"#0"}}},{"from":[-1,-0.82527,7.0409],"to":[2.6,4.57473,10.6409],"rotation":{"angle":45,"axis":"x","origin":[8,9.51811,6.82252]},"faces":{"north":{"uv":[0.875,9.25,1.75,10.625],"texture":"#0"},"east":{"uv":[1.75,9.25,2.625,10.625],"texture":"#0"},"south":{"uv":[9.25,4.75,9.25,4.75],"texture":"#0"},"west":{"uv":[0,9.25,0.875,10.625],"texture":"#0"},"up":{"uv":[3.5,10.125,2.625,9.25],"texture":"#0"},"down":{"uv":[4.5,9.25,3.625,10.125],"texture":"#0"}}},{"from":[13.4,-0.82527,7.0409],"to":[17,4.57473,10.6409],"rotation":{"angle":45,"axis":"x","origin":[8,9.51811,6.82252]},"faces":{"north":{"uv":[1.75,9.25,0.875,10.625],"texture":"#0"},"east":{"uv":[0.875,9.25,0,10.625],"texture":"#0"},"south":{"uv":[9.25,4.75,9.25,4.75],"texture":"#0"},"west":{"uv":[2.625,9.25,1.75,10.625],"texture":"#0"},"up":{"uv":[2.625,10.125,3.5,9.25],"texture":"#0"},"down":{"uv":[3.625,9.25,4.5,10.125],"texture":"#0"}}},{"from":[14.8,0.05,4.2],"to":[18.8,2.05,7.2],"rotation":{"angle":0,"axis":"y","origin":[8,9.51811,6.82252]},"faces":{"north":{"uv":[5.75,6.625,4.75,7.125],"texture":"#0"},"east":{"uv":[6.5,6.625,5.75,7.125],"texture":"#0"},"south":{"uv":[13.5,2.75,12.5,3.25],"texture":"#missing"},"west":{"uv":[5.75,6.625,6.5,7.125],"texture":"#0"},"up":{"uv":[4.75,7.875,5.75,7.125],"texture":"#0"},"down":{"uv":[9.25,4.75,9.25,4.75],"texture":"#0"}}}]}