{
	"credit": "Made with Blockbench",
	"texture_size": [32, 32],
	"elements": [
		{
			"name": "blade",
			"from": [8, 0, 4],
			"to": [8, 7, 12],
			"faces": {
				"north": {"uv": [0, 0, 0, 5.5], "texture": "#missing"},
				"east": {"uv": [8.5, 4.5, 12.5, 8], "texture": "#0"},
				"south": {"uv": [0, 0, 0, 5.5], "texture": "#missing"},
				"west": {"uv": [8.5, 4.5, 12.5, 8], "texture": "#0"},
				"up": {"uv": [0, 0, 0, 4], "texture": "#missing"},
				"down": {"uv": [0, 0, 0, 4], "texture": "#missing"}
			}
		},
		{
			"name": "socket",
			"from": [7, 4, 7],
			"to": [9, 7, 9],
			"faces": {
				"north": {"uv": [10, 4.5, 11, 6], "texture": "#0"},
				"east": {"uv": [10, 4.5, 11, 6], "texture": "#0"},
				"south": {"uv": [10, 4.5, 11, 6], "texture": "#0"},
				"west": {"uv": [10, 4.5, 11, 6], "texture": "#0"},
				"up": {"uv": [10, 5, 11, 6], "texture": "#0"},
				"down": {"uv": [10, 5, 11, 6], "texture": "#0"}
			}
		},
		{
			"name": "shaft",
			"from": [8, 7, 7],
			"to": [8, 11, 9],
			"faces": {
				"north": {"uv": [0, 0, 0, 2], "texture": "#missing"},
				"east": {"uv": [7.5, 4.5, 8.5, 6.5], "texture": "#0"},
				"south": {"uv": [0, 0, 0, 2], "texture": "#missing"},
				"west": {"uv": [7.5, 4.5, 8.5, 6.5], "texture": "#0"},
				"up": {"uv": [0, 0, 0, 1], "texture": "#missing"},
				"down": {"uv": [0, 0, 0, 1], "texture": "#missing"}
			}
		},
		{
			"from": [10, 7, 6],
			"to": [10, 9, 10],
			"faces": {
				"north": {"uv": [0, 0, 0, 1], "texture": "#missing"},
				"east": {"uv": [2.5, 6.5, 4.5, 7.5], "texture": "#0"},
				"south": {"uv": [0, 0, 0, 1], "texture": "#missing"},
				"west": {"uv": [4.5, 6.5, 2.5, 7.5], "texture": "#0"},
				"up": {"uv": [0, 0, 0, 2], "texture": "#missing"},
				"down": {"uv": [0, 0, 0, 2], "texture": "#missing"}
			}
		},
		{
			"from": [6, 7, 6],
			"to": [6, 9, 10],
			"faces": {
				"north": {"uv": [0, 0, 0, 1], "texture": "#missing"},
				"east": {"uv": [2.5, 6.5, 4.5, 7.5], "texture": "#0"},
				"south": {"uv": [0, 0, 0, 1], "texture": "#missing"},
				"west": {"uv": [4.5, 6.5, 2.5, 7.5], "texture": "#0"},
				"up": {"uv": [0, 0, 0, 2], "texture": "#missing"},
				"down": {"uv": [0, 0, 0, 2], "texture": "#missing"}
			}
		},
		{
			"from": [6, 7, 6],
			"to": [10, 9, 6],
			"faces": {
				"north": {"uv": [4.5, 6.5, 6.5, 7.5], "texture": "#0"},
				"east": {"uv": [0, 0, 0, 1], "texture": "#missing"},
				"south": {"uv": [4.5, 6.5, 6.5, 7.5], "texture": "#0"},
				"west": {"uv": [0, 0, 0, 1], "texture": "#missing"},
				"up": {"uv": [0, 0, 2, 0], "texture": "#missing"},
				"down": {"uv": [0, 0, 2, 0], "texture": "#missing"}
			}
		},
		{
			"from": [6, 7, 10],
			"to": [10, 9, 10],
			"faces": {
				"north": {"uv": [6.5, 6.5, 8.5, 7.5], "texture": "#0"},
				"east": {"uv": [0, 0, 0, 1], "texture": "#missing"},
				"south": {"uv": [6.5, 6.5, 8.5, 7.5], "texture": "#0"},
				"west": {"uv": [0, 0, 0, 1], "texture": "#missing"},
				"up": {"uv": [0, 0, 2, 0], "texture": "#missing"},
				"down": {"uv": [0, 0, 2, 0], "texture": "#missing"}
			}
		},
		{
			"from": [11, 9, 5],
			"to": [11, 11, 11],
			"faces": {
				"north": {"uv": [0, 0, 0, 1], "texture": "#missing"},
				"east": {"uv": [2.5, 5.5, 5.5, 6.5], "texture": "#0"},
				"south": {"uv": [0, 0, 0, 1], "texture": "#missing"},
				"west": {"uv": [2.5, 5.5, 5.5, 6.5], "texture": "#0"},
				"up": {"uv": [0, 0, 0, 3], "texture": "#missing"},
				"down": {"uv": [0, 0, 0, 3], "texture": "#missing"}
			}
		},
		{
			"from": [5, 9, 5],
			"to": [5, 11, 11],
			"faces": {
				"north": {"uv": [0, 0, 0, 1], "texture": "#missing"},
				"east": {"uv": [2.5, 5.5, 5.5, 6.5], "texture": "#0"},
				"south": {"uv": [0, 0, 0, 1], "texture": "#missing"},
				"west": {"uv": [2.5, 5.5, 5.5, 6.5], "texture": "#0"},
				"up": {"uv": [0, 0, 0, 3], "texture": "#missing"},
				"down": {"uv": [0, 0, 0, 3], "texture": "#missing"}
			}
		},
		{
			"from": [5, 9, 5],
			"to": [11, 11, 5],
			"faces": {
				"north": {"uv": [2.5, 5.5, 5.5, 6.5], "texture": "#0"},
				"east": {"uv": [0, 0, 0, 1], "texture": "#missing"},
				"south": {"uv": [2.5, 5.5, 5.5, 6.5], "texture": "#0"},
				"west": {"uv": [0, 0, 0, 1], "texture": "#missing"},
				"up": {"uv": [0, 0, 3, 0], "texture": "#missing"},
				"down": {"uv": [0, 0, 3, 0], "texture": "#missing"}
			}
		},
		{
			"from": [5, 9, 11],
			"to": [11, 11, 11],
			"faces": {
				"north": {"uv": [2.5, 5.5, 5.5, 6.5], "texture": "#0"},
				"east": {"uv": [0, 0, 0, 1], "texture": "#missing"},
				"south": {"uv": [2.5, 5.5, 5.5, 6.5], "texture": "#0"},
				"west": {"uv": [0, 0, 0, 1], "texture": "#missing"},
				"up": {"uv": [0, 0, 3, 0], "texture": "#missing"},
				"down": {"uv": [0, 0, 3, 0], "texture": "#missing"}
			}
		},
		{
			"name": "bottom_cube",
			"from": [3.5, 11, 3.5],
			"to": [12.5, 17, 12.5],
			"faces": {
				"north": {"uv": [4.5, 8, 9, 11], "texture": "#0"},
				"east": {"uv": [0, 8, 4.5, 11], "texture": "#0"},
				"south": {"uv": [4.5, 8, 9, 11], "texture": "#0"},
				"west": {"uv": [4.5, 8, 0, 11], "texture": "#0"},
				"up": {"uv": [7, 0, 11.5, 4.5], "texture": "#0"},
				"down": {"uv": [7, 0, 11.5, 4.5], "texture": "#0"}
			}
		},
		{
			"name": "side_cube",
			"from": [6.5, 12, 2.5],
			"to": [9.5, 15, 3.5],
			"faces": {
				"north": {"uv": [2, 0, 3.5, 1.5], "texture": "#0"},
				"east": {"uv": [2, 0, 2.5, 1.5], "texture": "#0"},
				"south": {"uv": [2, 0, 3.5, 1.5], "texture": "#0"},
				"west": {"uv": [3, 0, 3.5, 1.5], "texture": "#0"},
				"up": {"uv": [1, 0.5, 2.5, 1], "texture": "#0"},
				"down": {"uv": [1, 0.5, 2.5, 1], "texture": "#0"}
			}
		},
		{
			"name": "side_cube",
			"from": [6.5, 12, 12.5],
			"to": [9.5, 15, 13.5],
			"faces": {
				"north": {"uv": [2, 0, 3.5, 1.5], "texture": "#0"},
				"east": {"uv": [2, 0, 2.5, 1.5], "texture": "#0"},
				"south": {"uv": [2, 0, 3.5, 1.5], "texture": "#0"},
				"west": {"uv": [3, 0, 3.5, 1.5], "texture": "#0"},
				"up": {"uv": [1, 0.5, 2.5, 1], "texture": "#0"},
				"down": {"uv": [1, 0.5, 2.5, 1], "texture": "#0"}
			}
		},
		{
			"name": "middle_cube",
			"from": [5, 17, 5],
			"to": [11, 22, 11],
			"faces": {
				"north": {"uv": [4, 0, 7, 2.5], "texture": "#0"},
				"east": {"uv": [4, 2.5, 7, 5], "texture": "#0"},
				"south": {"uv": [4, 0, 7, 2.5], "texture": "#0"},
				"west": {"uv": [4, 2.5, 7, 5], "texture": "#0"},
				"up": {"uv": [0, 0, 3, 3], "texture": "#missing"},
				"down": {"uv": [0, 0, 3, 3], "texture": "#missing"}
			}
		},
		{
			"name": "counter",
			"from": [11, 17, 6.5],
			"to": [13, 24, 9.5],
			"faces": {
				"north": {"uv": [1.5, 4.5, 2.5, 8], "texture": "#0"},
				"east": {"uv": [0.5, 4.5, 2, 8], "texture": "#0"},
				"south": {"uv": [0, 4.5, 1, 8], "texture": "#0"},
				"west": {"uv": [0, 0, 1.5, 3.5], "texture": "#missing"},
				"up": {"uv": [8.5, 1.5, 9.5, 3], "texture": "#0"},
				"down": {"uv": [8.5, 1.5, 9.5, 3], "texture": "#0"}
			}
		},
		{
			"name": "top_cube",
			"from": [4, 22, 4],
			"to": [12, 25, 12],
			"faces": {
				"north": {"uv": [0, 1.5, 4, 3], "texture": "#0"},
				"east": {"uv": [0, 3, 4, 4.5], "texture": "#0"},
				"south": {"uv": [0, 1.5, 4, 3], "texture": "#0"},
				"west": {"uv": [4, 3, 0, 4.5], "texture": "#0"},
				"up": {"uv": [11.5, 0, 15.5, 4], "texture": "#0"},
				"down": {"uv": [11.5, 0, 15.5, 4], "texture": "#0"}
			}
		},
		{
			"from": [1.5, 27.5, 6],
			"to": [1.5, 30.5, 10],
			"rotation": {"angle": -22.5, "axis": "z", "origin": [0, 0, 0]},
			"faces": {
				"north": {"uv": [0, 0, 0, 1.5], "texture": "#missing"},
				"east": {"uv": [0, 0, 2, 1.5], "texture": "#0"},
				"south": {"uv": [0, 0, 0, 1.5], "texture": "#missing"},
				"west": {"uv": [0, 0, 2, 1.5], "texture": "#0"},
				"up": {"uv": [0, 0, 0, 2], "texture": "#missing"},
				"down": {"uv": [0, 0, 0, 2], "texture": "#missing"}
			}
		},
		{
			"from": [13.25, 21.5, 6],
			"to": [13.25, 24.5, 10],
			"rotation": {"angle": 22.5, "axis": "z", "origin": [0, 0, 0]},
			"faces": {
				"north": {"uv": [0, 0, 0, 1.5], "texture": "#missing"},
				"east": {"uv": [0, 0, 2, 1.5], "texture": "#0"},
				"south": {"uv": [0, 0, 0, 1.5], "texture": "#missing"},
				"west": {"uv": [0, 0, 2, 1.5], "texture": "#0"},
				"up": {"uv": [0, 0, 0, 2], "texture": "#missing"},
				"down": {"uv": [0, 0, 0, 2], "texture": "#missing"}
			}
		},
		{
			"from": [6, 21.5, 13.25],
			"to": [10, 24.5, 13.25],
			"rotation": {"angle": -22.5, "axis": "x", "origin": [0, 0, 0]},
			"faces": {
				"north": {"uv": [0, 0, 2, 1.5], "texture": "#0"},
				"east": {"uv": [0, 0, 0, 1.5], "texture": "#missing"},
				"south": {"uv": [0, 0, 2, 1.5], "texture": "#0"},
				"west": {"uv": [0, 0, 0, 1.5], "texture": "#missing"},
				"up": {"uv": [0, 0, 0, 2], "rotation": 270, "texture": "#missing"},
				"down": {"uv": [0, 0, 0, 2], "rotation": 90, "texture": "#missing"}
			}
		},
		{
			"from": [6, 27.5, 1.5],
			"to": [10, 30.5, 1.5],
			"rotation": {"angle": 22.5, "axis": "x", "origin": [0, 0, 0]},
			"faces": {
				"north": {"uv": [0, 0, 2, 1.5], "texture": "#0"},
				"east": {"uv": [0, 0, 0, 1.5], "texture": "#missing"},
				"south": {"uv": [0, 0, 2, 1.5], "texture": "#0"},
				"west": {"uv": [0, 0, 0, 1.5], "texture": "#missing"},
				"up": {"uv": [0, 0, 0, 2], "rotation": 270, "texture": "#missing"},
				"down": {"uv": [0, 0, 0, 2], "rotation": 90, "texture": "#missing"}
			}
		}
	],
	"display": {
		"thirdperson_righthand": {
			"rotation": [90, 0, 0],
			"translation": [0, -2, -5],
			"scale": [0.77, 0.77, 0.77]
		},
		"thirdperson_lefthand": {
			"rotation": [90, 0, 0],
			"translation": [0, -2, -5],
			"scale": [-0.77, 0.77, 0.77]
		},
		"firstperson_righthand": {
			"rotation": [105, 180, 10],
			"translation": [0, 5, -1.5],
			"scale": [0.4, 0.4, 0.4]
		},
		"firstperson_lefthand": {
			"rotation": [105, 0, -10],
			"translation": [0, 4.5, -1.5],
			"scale": [0.4, 0.4, 0.4]
		},
		"ground": {
			"rotation": [100, 0, 0],
			"translation": [0, 2, -6.5],
			"scale": [0.6, 0.6, 0.6]
		},
		"gui": {
			"rotation": [100, 40, 100],
			"translation": [3, 2, 0],
			"scale": [0.5, 0.5, 0.5]
		},
		"fixed": {
			"rotation": [0, 0, -90],
			"translation": [-3, 0, 0],
			"scale": [0.5, 0.5, 0.5]
		}
	},
	"groups": [
		{
			"name": "shovel",
			"origin": [8, 8, 8],
			"color": 0,
			"children": [
				0,
				1,
				2,
				{
					"name": "bottom_ring",
					"origin": [8, 8, 8],
					"color": 0,
					"children": [3, 4, 5, 6]
				},
				{
					"name": "top_ring",
					"origin": [8, 8, 8],
					"color": 0,
					"children": [7, 8, 9, 10]
				}
			]
		},
		{
			"name": "launcher",
			"origin": [8, 8, 8],
			"color": 0,
			"children": [11, 12, 13, 14, 15, 16]
		},
		{
			"name": "top",
			"origin": [8, 8, 8],
			"color": 0,
			"children": [17, 18, 19, 20]
		}
	]
}