{
	"credit": "Made with Blockbench",
	"textures": {
		"0": "sands_of_time/coin",
		"particle": "sands_of_time/coin"
	},
	"elements": [
		{
			"from": [6, 0, 10],
			"to": [10, 1, 14],
			"rotation": {"angle": 22.5, "axis": "y", "origin": [8, 0.5, 12]},
			"faces": {
				"north": {"uv": [0, 5, 4, 6], "texture": "#0"},
				"east": {"uv": [0, 5, 4, 6], "texture": "#0"},
				"south": {"uv": [0, 5, 4, 6], "texture": "#0"},
				"west": {"uv": [0, 5, 4, 6], "texture": "#0"},
				"up": {"uv": [0, 0, 4, 4], "texture": "#0"},
				"down": {"uv": [0, 0, 4, 4], "texture": "#0"}
			}
		},
		{
			"from": [9, 1, 3],
			"to": [13, 2, 7],
			"rotation": {"angle": 22.5, "axis": "y", "origin": [11, 1.5, 5]},
			"faces": {
				"north": {"uv": [0, 4, 4, 5], "texture": "#0"},
				"east": {"uv": [0, 4, 4, 5], "texture": "#0"},
				"south": {"uv": [0, 4, 4, 5], "texture": "#0"},
				"west": {"uv": [0, 4, 4, 5], "texture": "#0"},
				"up": {"uv": [0, 0, 4, 4], "texture": "#0"},
				"down": {"uv": [0, 0, 4, 4], "texture": "#0"}
			}
		},
		{
			"from": [6, 4, 10],
			"to": [10, 5, 14],
			"rotation": {"angle": 22.5, "axis": "y", "origin": [8, 4.5, 12]},
			"faces": {
				"north": {"uv": [0, 4, 4, 5], "texture": "#0"},
				"east": {"uv": [0, 4, 4, 5], "texture": "#0"},
				"south": {"uv": [0, 4, 4, 5], "texture": "#0"},
				"west": {"uv": [0, 4, 4, 5], "texture": "#0"},
				"up": {"uv": [0, 0, 4, 4], "texture": "#0"},
				"down": {"uv": [0, 0, 4, 4], "texture": "#0"}
			}
		},
		{
			"from": [6, 1, 10],
			"to": [10, 2, 14],
			"rotation": {"angle": 22.5, "axis": "y", "origin": [8, 1.5, 12]},
			"faces": {
				"north": {"uv": [0, 4, 4, 5], "texture": "#0"},
				"east": {"uv": [0, 4, 4, 5], "texture": "#0"},
				"south": {"uv": [0, 4, 4, 5], "texture": "#0"},
				"west": {"uv": [0, 4, 4, 5], "texture": "#0"},
				"up": {"uv": [0, 0, 4, 4], "texture": "#0"},
				"down": {"uv": [0, 0, 4, 4], "texture": "#0"}
			}
		},
		{
			"from": [5, 2, 10],
			"to": [9, 3, 14],
			"rotation": {"angle": 22.5, "axis": "y", "origin": [7, 2.5, 12]},
			"faces": {
				"north": {"uv": [0, 4, 4, 5], "texture": "#0"},
				"east": {"uv": [0, 4, 4, 5], "texture": "#0"},
				"south": {"uv": [0, 4, 4, 5], "texture": "#0"},
				"west": {"uv": [0, 4, 4, 5], "texture": "#0"},
				"up": {"uv": [0, 0, 4, 4], "texture": "#0"},
				"down": {"uv": [0, 0, 4, 4], "texture": "#0"}
			}
		},
		{
			"from": [6, 3, 10],
			"to": [10, 4, 14],
			"rotation": {"angle": 22.5, "axis": "y", "origin": [8, 3.5, 12]},
			"faces": {
				"north": {"uv": [0, 5, 4, 6], "texture": "#0"},
				"east": {"uv": [0, 5, 4, 6], "texture": "#0"},
				"south": {"uv": [0, 5, 4, 6], "texture": "#0"},
				"west": {"uv": [0, 5, 4, 6], "texture": "#0"},
				"up": {"uv": [0, 0, 4, 4], "texture": "#0"},
				"down": {"uv": [0, 0, 4, 4], "texture": "#0"}
			}
		},
		{
			"from": [9, 0, 4],
			"to": [13, 1, 8],
			"rotation": {"angle": 0, "axis": "x", "origin": [11, 0.5, 6]},
			"faces": {
				"north": {"uv": [0, 5, 4, 6], "texture": "#0"},
				"east": {"uv": [0, 5, 4, 6], "texture": "#0"},
				"south": {"uv": [0, 5, 4, 6], "texture": "#0"},
				"west": {"uv": [0, 5, 4, 6], "texture": "#0"},
				"up": {"uv": [0, 0, 4, 4], "texture": "#0"},
				"down": {"uv": [0, 0, 4, 4], "texture": "#0"}
			}
		},
		{
			"from": [1, 1, 1],
			"to": [5, 2, 5],
			"rotation": {"angle": -22.5, "axis": "y", "origin": [3, 1.5, 3]},
			"faces": {
				"north": {"uv": [0, 4, 4, 5], "texture": "#0"},
				"east": {"uv": [0, 4, 4, 5], "texture": "#0"},
				"south": {"uv": [0, 4, 4, 5], "texture": "#0"},
				"west": {"uv": [0, 4, 4, 5], "texture": "#0"},
				"up": {"uv": [0, 0, 4, 4], "texture": "#0"},
				"down": {"uv": [0, 0, 4, 4], "texture": "#0"}
			}
		},
		{
			"from": [1, 0, 1],
			"to": [5, 1, 5],
			"rotation": {"angle": -45, "axis": "y", "origin": [3, 0.5, 3]},
			"faces": {
				"north": {"uv": [0, 5, 4, 6], "texture": "#0"},
				"east": {"uv": [0, 5, 4, 6], "texture": "#0"},
				"south": {"uv": [0, 5, 4, 6], "texture": "#0"},
				"west": {"uv": [0, 5, 4, 6], "texture": "#0"},
				"up": {"uv": [0, 0, 4, 4], "texture": "#0"},
				"down": {"uv": [0, 0, 4, 4], "texture": "#0"}
			}
		},
		{
			"from": [11, 0, 9],
			"to": [15, 1, 13],
			"rotation": {"angle": 22.5, "axis": "y", "origin": [13, 0.5, 11]},
			"faces": {
				"north": {"uv": [0, 4, 4, 5], "texture": "#0"},
				"east": {"uv": [0, 4, 4, 5], "texture": "#0"},
				"south": {"uv": [0, 4, 4, 5], "texture": "#0"},
				"west": {"uv": [0, 4, 4, 5], "texture": "#0"},
				"up": {"uv": [0, 0, 4, 4], "texture": "#0"},
				"down": {"uv": [0, 0, 4, 4], "texture": "#0"}
			}
		},
		{
			"from": [11, 1, 9],
			"to": [15, 2, 13],
			"rotation": {"angle": 22.5, "axis": "y", "origin": [13, 1.5, 11]},
			"faces": {
				"north": {"uv": [0, 5, 4, 6], "texture": "#0"},
				"east": {"uv": [0, 5, 4, 6], "texture": "#0"},
				"south": {"uv": [0, 5, 4, 6], "texture": "#0"},
				"west": {"uv": [0, 5, 4, 6], "texture": "#0"},
				"up": {"uv": [0, 0, 4, 4], "texture": "#0"},
				"down": {"uv": [0, 0, 4, 4], "texture": "#0"}
			}
		},
		{
			"from": [11, 2, 8],
			"to": [15, 3, 12],
			"rotation": {"angle": 22.5, "axis": "y", "origin": [13, 2.5, 10]},
			"faces": {
				"north": {"uv": [0, 4, 4, 5], "texture": "#0"},
				"east": {"uv": [0, 4, 4, 5], "texture": "#0"},
				"south": {"uv": [0, 4, 4, 5], "texture": "#0"},
				"west": {"uv": [0, 4, 4, 5], "texture": "#0"},
				"up": {"uv": [0, 0, 4, 4], "texture": "#0"},
				"down": {"uv": [0, 0, 4, 4], "texture": "#0"}
			}
		},
		{
			"from": [4, 1, 5],
			"to": [8, 2, 9],
			"rotation": {"angle": -22.5, "axis": "y", "origin": [6, 1.5, 7]},
			"faces": {
				"north": {"uv": [0, 4, 4, 5], "texture": "#0"},
				"east": {"uv": [0, 4, 4, 5], "texture": "#0"},
				"south": {"uv": [0, 4, 4, 5], "texture": "#0"},
				"west": {"uv": [0, 4, 4, 5], "texture": "#0"},
				"up": {"uv": [0, 0, 4, 4], "texture": "#0"},
				"down": {"uv": [0, 0, 4, 4], "texture": "#0"}
			}
		},
		{
			"from": [4, 3, 5],
			"to": [8, 4, 9],
			"rotation": {"angle": -22.5, "axis": "y", "origin": [6, 3.5, 7]},
			"faces": {
				"north": {"uv": [0, 4, 4, 5], "texture": "#0"},
				"east": {"uv": [0, 4, 4, 5], "texture": "#0"},
				"south": {"uv": [0, 4, 4, 5], "texture": "#0"},
				"west": {"uv": [0, 4, 4, 5], "texture": "#0"},
				"up": {"uv": [0, 0, 4, 4], "texture": "#0"},
				"down": {"uv": [0, 0, 4, 4], "texture": "#0"}
			}
		},
		{
			"from": [4, 4, 5],
			"to": [8, 5, 9],
			"rotation": {"angle": -22.5, "axis": "y", "origin": [6, 4.5, 7]},
			"faces": {
				"north": {"uv": [0, 5, 4, 6], "texture": "#0"},
				"east": {"uv": [0, 5, 4, 6], "texture": "#0"},
				"south": {"uv": [0, 5, 4, 6], "texture": "#0"},
				"west": {"uv": [0, 5, 4, 6], "texture": "#0"},
				"up": {"uv": [0, 0, 4, 4], "texture": "#0"},
				"down": {"uv": [0, 0, 4, 4], "texture": "#0"}
			}
		},
		{
			"from": [4, 2, 5],
			"to": [8, 3, 9],
			"rotation": {"angle": -22.5, "axis": "y", "origin": [6, 2.5, 7]},
			"faces": {
				"north": {"uv": [0, 5, 4, 6], "texture": "#0"},
				"east": {"uv": [0, 5, 4, 6], "texture": "#0"},
				"south": {"uv": [0, 5, 4, 6], "texture": "#0"},
				"west": {"uv": [0, 5, 4, 6], "texture": "#0"},
				"up": {"uv": [0, 0, 4, 4], "texture": "#0"},
				"down": {"uv": [0, 0, 4, 4], "texture": "#0"}
			}
		},
		{
			"from": [4, 0, 5],
			"to": [8, 1, 9],
			"rotation": {"angle": -22.5, "axis": "y", "origin": [6, 0.5, 7]},
			"faces": {
				"north": {"uv": [0, 5, 4, 6], "texture": "#0"},
				"east": {"uv": [0, 5, 4, 6], "texture": "#0"},
				"south": {"uv": [0, 5, 4, 6], "texture": "#0"},
				"west": {"uv": [0, 5, 4, 6], "texture": "#0"},
				"up": {"uv": [0, 0, 4, 4], "texture": "#0"},
				"down": {"uv": [0, 0, 4, 4], "texture": "#0"}
			}
		},
		{
			"from": [4, 5, 5],
			"to": [8, 6, 9],
			"rotation": {"angle": -22.5, "axis": "y", "origin": [6, 5.5, 7]},
			"faces": {
				"north": {"uv": [0, 4, 4, 5], "texture": "#0"},
				"east": {"uv": [0, 4, 4, 5], "texture": "#0"},
				"south": {"uv": [0, 4, 4, 5], "texture": "#0"},
				"west": {"uv": [0, 4, 4, 5], "texture": "#0"},
				"up": {"uv": [0, 0, 4, 4], "texture": "#0"},
				"down": {"uv": [0, 0, 4, 4], "texture": "#0"}
			}
		},
		{
			"from": [1, 0, 9],
			"to": [5, 1, 13],
			"rotation": {"angle": 22.5, "axis": "y", "origin": [3, 0.5, 11]},
			"faces": {
				"north": {"uv": [0, 5, 4, 6], "texture": "#0"},
				"east": {"uv": [0, 5, 4, 6], "texture": "#0"},
				"south": {"uv": [0, 5, 4, 6], "texture": "#0"},
				"west": {"uv": [0, 5, 4, 6], "texture": "#0"},
				"up": {"uv": [0, 0, 4, 4], "rotation": 90, "texture": "#0"},
				"down": {"uv": [0, 0, 4, 4], "rotation": 270, "texture": "#0"}
			}
		},
		{
			"from": [1, 1, 9],
			"to": [5, 2, 13],
			"rotation": {"angle": 22.5, "axis": "y", "origin": [3, 1.5, 11]},
			"faces": {
				"north": {"uv": [0, 4, 4, 5], "texture": "#0"},
				"east": {"uv": [0, 4, 4, 5], "texture": "#0"},
				"south": {"uv": [0, 4, 4, 5], "texture": "#0"},
				"west": {"uv": [0, 4, 4, 5], "texture": "#0"},
				"up": {"uv": [0, 0, 4, 4], "rotation": 90, "texture": "#0"},
				"down": {"uv": [0, 0, 4, 4], "rotation": 270, "texture": "#0"}
			}
		}
	],
	"display": {
		"head": {
			"translation": [0, -35.2, 0]
		}
	}
}
