{
	"credit": "Made with Blockbench",
	"texture_size": [128, 128],
	"textures": {
		"top": "decision_dome/top",
		"side": "#side",
		"particle": "decision_dome/top"
	},
	"elements": [
		{
			"from": [0, 0, 0],
			"to": [32, 32, 32],
			"faces": {
				"north": {"uv": [0, 0, 16, 16], "texture": "#side"},
				"east": {"uv": [0, 0, 16, 16], "texture": "#side"},
				"south": {"uv": [0, 0, 16, 16], "texture": "#side"},
				"west": {"uv": [0, 0, 16, 16], "texture": "#side"},
				"up": {"uv": [0, 0, 16, 16], "texture": "#top"},
				"down": {"uv": [0, 0, 16, 16], "texture": "#top"}
			}
		}
	],
	"display": {
		"head": {
			"rotation": [0, 0, 0],
			"translation": [0, -30.4375, 0],
			"scale": [1.6, 1.6, 1.6]
		}
	}
}