{
    "providers": [
		{"file": "minecraft:font/teams/red_rabbits.png", "type": "bitmap", "ascent": 7, "chars": ["\uE000"], "height": 8},
		{"file": "minecraft:font/teams/orange_ocelots.png", "type": "bitmap", "ascent": 7, "chars": ["\uE001"], "height": 8},
		{"file": "minecraft:font/teams/yellow_yaks.png", "type": "bitmap", "ascent": 7, "chars": ["\uE002"], "height": 8},
		{"file": "minecraft:font/teams/lime_llamas.png", "type": "bitmap", "ascent": 7, "chars": ["\uE003"], "height": 8},
		{"file": "minecraft:font/teams/green_geckos.png", "type": "bitmap", "ascent": 7, "chars": ["\uE004"], "height": 8},
		{"file": "minecraft:font/teams/cyan_coyotes.png", "type": "bitmap", "ascent": 7, "chars": ["\uE005"], "height": 8},
		{"file": "minecraft:font/teams/aqua_axolotls.png", "type": "bitmap", "ascent": 7, "chars": ["\uE006"], "height": 8},
		{"file": "minecraft:font/teams/blue_bats.png", "type": "bitmap", "ascent": 7, "chars": ["\uE007"], "height": 8},
		{"file": "minecraft:font/teams/purple_pandas.png", "type": "bitmap", "ascent": 7, "chars": ["\uE008"], "height": 8},
		{"file": "minecraft:font/teams/pink_parrots.png", "type": "bitmap", "ascent": 7, "chars": ["\uE009"], "height": 8},
		{"file": "minecraft:font/teams/red_ravens.png", "type": "bitmap", "ascent": 7, "chars": ["\uE00A"], "height": 8},
		{"file": "minecraft:font/teams/orange_oozes.png", "type": "bitmap", "ascent": 7, "chars": ["\uE00B"], "height": 8},
		{"file": "minecraft:font/teams/mustard_mummies.png", "type": "bitmap", "ascent": 7, "chars": ["\uE00C"], "height": 8},
		{"file": "minecraft:font/teams/lime_liches.png", "type": "bitmap", "ascent": 7, "chars": ["\uE00D"], "height": 8},
		{"file": "minecraft:font/teams/green_goblins.png", "type": "bitmap", "ascent": 7, "chars": ["\uE00E"], "height": 8},
		{"file": "minecraft:font/teams/cyan_centipedes.png", "type": "bitmap", "ascent": 7, "chars": ["\uE00F"], "height": 8},
		{"file": "minecraft:font/teams/aqua_abominations.png", "type": "bitmap", "ascent": 7, "chars": ["\uE010"], "height": 8},
		{"file": "minecraft:font/teams/blue_banshees.png", "type": "bitmap", "ascent": 7, "chars": ["\uE011"], "height": 8},
		{"file": "minecraft:font/teams/violet_vampires.png", "type": "bitmap", "ascent": 7, "chars": ["\uE012"], "height": 8},
		{"file": "minecraft:font/teams/fuchsia_frankens.png", "type": "bitmap", "ascent": 7, "chars": ["\uE013"], "height": 8},
		{"file": "minecraft:font/teams/red_reindeer.png", "type": "bitmap", "ascent": 7, "chars": ["\uE014"], "height": 8},
		{"file": "minecraft:font/teams/ginger_breadmen.png", "type": "bitmap", "ascent": 7, "chars": ["\uE015"], "height": 8},
		{"file": "minecraft:font/teams/yellow_yetis.png", "type": "bitmap", "ascent": 7, "chars": ["\uE016"], "height": 8},
		{"file": "minecraft:font/teams/mint_mistletoes.png", "type": "bitmap", "ascent": 7, "chars": ["\uE017"], "height": 8},
		{"file": "minecraft:font/teams/emerald_elves.png", "type": "bitmap", "ascent": 7, "chars": ["\uE018"], "height": 8},
		{"file": "minecraft:font/teams/teal_turkeys.png", "type": "bitmap", "ascent": 7, "chars": ["\uE019"], "height": 8},
		{"file": "minecraft:font/teams/cerulean_canes.png", "type": "bitmap", "ascent": 7, "chars": ["\uE01A"], "height": 8},
		{"file": "minecraft:font/teams/sapphire_santas.png", "type": "bitmap", "ascent": 7, "chars": ["\uE01B"], "height": 8},
		{"file": "minecraft:font/teams/purple_penguins.png", "type": "bitmap", "ascent": 7, "chars": ["\uE01C"], "height": 8},
		{"file": "minecraft:font/teams/pink_presents.png", "type": "bitmap", "ascent": 7, "chars": ["\uE01D"], "height": 8},
		{"file": "minecraft:font/spectator.png", "type": "bitmap", "ascent": 7, "chars": ["\uE01E"], "height": 8},
		{"file": "minecraft:font/crown.png", "type": "bitmap", "ascent": 7, "chars": ["\uE01F"], "height": 8},
		{
			"file": "minecraft:font/misc_icons.png",
			"type": "bitmap",
			"ascent": 7,
			"chars": ["\u2606\u7B14\u8BB0\u0000","\uE100\uE101\u0000\u0000","\u0000\u0000\u0000\u0000","\u0000\u0000\u0000\u0000"],
			"height": 8
		},
		{"file": "minecraft:font/parkour_warrior/frog_empty.png", "type": "bitmap", "ascent": 7,"chars": ["\uE040"], "height": 8},
		{"file": "minecraft:font/parkour_warrior/frog_bronze.png", "type": "bitmap", "ascent": 7,"chars": ["\uE041"], "height": 8},
		{"file": "minecraft:font/parkour_warrior/frog_silver.png", "type": "bitmap", "ascent": 7,"chars": ["\uE042"], "height": 8},
		{"file": "minecraft:font/parkour_warrior/frog_gold.png", "type": "bitmap", "ascent": 7,"chars": ["\uE043"], "height": 8},
		{"file": "minecraft:font/parkour_warrior/medal.png", "type": "bitmap", "ascent": 7,"chars": ["\uE044"], "height": 8},
		{"file": "minecraft:font/parkour_warrior/stone_medal.png", "type": "bitmap", "ascent": 7,"chars": ["\uE045"], "height": 8},
		{"file": "minecraft:font/parkour_warrior/bronze_medal.png", "type": "bitmap", "ascent": 7,"chars": ["\uE046"], "height": 8},
		{"file": "minecraft:font/parkour_warrior/silver_medal.png", "type": "bitmap", "ascent": 7,"chars": ["\uE047"], "height": 8},
		{"file": "minecraft:font/parkour_warrior/gold_medal.png", "type": "bitmap", "ascent": 7,"chars": ["\uE048"], "height": 8},
		{"file": "minecraft:font/games/decision_dome.png", "type": "bitmap", "ascent": 7,"chars": ["\uE060"], "height": 8},
		{"file": "minecraft:font/games/unknown.png", "type": "bitmap", "ascent": 7,"chars": ["\uE061"], "height": 8},
		{"file": "minecraft:font/games/dodgebolt.png", "type": "bitmap", "ascent": 7,"chars": ["\uE062"], "height": 8},
		{"file": "minecraft:font/games/ace_race.png", "type": "bitmap", "ascent": 7,"chars": ["\uE063"], "height": 8},
		{"file": "minecraft:font/games/sky_battle.png", "type": "bitmap", "ascent": 7,"chars": ["\uE064"], "height": 8},
		{"file": "minecraft:font/games/tgttos.png", "type": "bitmap", "ascent": 7,"chars": ["\uE065"], "height": 8},
		{"file": "minecraft:font/games/rocket_spleef.png", "type": "bitmap", "ascent": 7,"chars": ["\uE066"], "height": 8},
		{"file": "minecraft:font/games/survival_games.png", "type": "bitmap", "ascent": 7,"chars": ["\uE067"], "height": 8},
		{"file": "minecraft:font/games/build_mart.png", "type": "bitmap", "ascent": 7,"chars": ["\uE068"], "height": 8},
		{"file": "minecraft:font/games/hole_in_the_wall.png", "type": "bitmap", "ascent": 7,"chars": ["\uE069"], "height": 8},
		{"file": "minecraft:font/games/parkour_warrior.png", "type": "bitmap", "ascent": 7,"chars": ["\uE06A"], "height": 8},
		{"file": "minecraft:font/games/battle_box.png", "type": "bitmap", "ascent": 7,"chars": ["\uE06B"], "height": 8},
		{"file": "minecraft:font/games/parkour_tag.png", "type": "bitmap", "ascent": 7,"chars": ["\uE06C"], "height": 8},
		{"file": "minecraft:font/games/sands_of_time.png", "type": "bitmap", "ascent": 7,"chars": ["\uE06D"], "height": 8},
		{"file": "minecraft:font/games/grid_runners.png", "type": "bitmap", "ascent": 7,"chars": ["\uE06E"], "height": 8},
		{"file": "minecraft:font/games/meltdown.png", "type": "bitmap", "ascent": 7,"chars": ["\uE06F"], "height": 8},
		{"file": "minecraft:font/games/bingo_but_fast.png", "type": "bitmap", "ascent": 7,"chars": ["\uE070"], "height": 8},
		{"file": "minecraft:font/game_logos/dodgebolt.png", "type": "bitmap", "ascent": 25, "chars": ["\uE082"], "height": 50},
		{"file": "minecraft:font/game_logos/ace_race.png", "type": "bitmap", "ascent": 25, "chars": ["\uE083"], "height": 50},
		{"file": "minecraft:font/game_logos/sky_battle.png", "type": "bitmap", "ascent": 25, "chars": ["\uE084"], "height": 50},
		{"file": "minecraft:font/game_logos/tgttos.png", "type": "bitmap", "ascent": 25, "chars": ["\uE085"], "height": 50},
		{"file": "minecraft:font/game_logos/rocket_spleef_rush.png", "type": "bitmap", "ascent": 25, "chars": ["\uE086"], "height": 50},
		{"file": "minecraft:font/game_logos/survival_games.png", "type": "bitmap", "ascent": 25, "chars": ["\uE087"], "height": 50},
		{"file": "minecraft:font/game_logos/build_mart.png", "type": "bitmap", "ascent": 25, "chars": ["\uE088"], "height": 50},
		{"file": "minecraft:font/game_logos/hole_in_the_wall.png", "type": "bitmap", "ascent": 25, "chars": ["\uE089"], "height": 50},
		{"file": "minecraft:font/game_logos/parkour_warrior.png", "type": "bitmap", "ascent": 25, "chars": ["\uE08A"], "height": 50},
		{"file": "minecraft:font/game_logos/battle_box.png", "type": "bitmap", "ascent": 25, "chars": ["\uE08B"], "height": 50},
		{"file": "minecraft:font/game_logos/parkour_tag.png", "type": "bitmap", "ascent": 25, "chars": ["\uE08C"], "height": 50},
		{"file": "minecraft:font/game_logos/sands_of_time.png", "type": "bitmap", "ascent": 25, "chars": ["\uE08D"], "height": 50},
		{"file": "minecraft:font/game_logos/grid_runners.png", "type": "bitmap", "ascent": 25, "chars": ["\uE08E"], "height": 50},
		{"file": "minecraft:font/game_logos/meltdown.png", "type": "bitmap", "ascent": 25, "chars": ["\uE08F"], "height": 50},
		{"file": "minecraft:font/game_logos/bingo_but_fast.png", "type": "bitmap", "ascent": 25, "chars": ["\uE090"], "height": 50},
		{"file": "minecraft:font/game_logos/survival_games_blitz.png", "type": "bitmap", "ascent": 25, "chars": ["\uE092"], "height": 50},
		{"file": "minecraft:font/action_left_click.png", "type": "bitmap", "ascent": 7, "chars": ["\uE0A0"], "height": 7},
		{"file": "minecraft:font/action_right_click.png", "type": "bitmap", "ascent": 7, "chars": ["\uE0A1"], "height": 7},
		{"file": "minecraft:font/action_shift_click.png", "type": "bitmap", "ascent": 7, "chars": ["\uE0A2"], "height": 7},
		{"file": "minecraft:font/player.png", "type": "bitmap", "ascent": 7, "chars": ["\uE0A3"], "height": 8},
		{"file": "minecraft:font/team_flag.png", "type": "bitmap", "ascent": 7, "chars": ["\uE0A4"], "height": 8},
		{"file": "minecraft:font/skull.png", "type": "bitmap", "ascent": 7, "chars": ["\uE0A5"], "height": 8},
		{"file": "minecraft:font/tick.png", "type": "bitmap", "ascent": 7, "chars": ["\uE0A6"], "height": 8},
		{"file": "minecraft:font/cross.png", "type": "bitmap", "ascent": 7, "chars": ["\uE0A7"], "height": 8},
		{"file": "minecraft:font/clock.png", "type": "bitmap", "ascent": 7, "chars": ["\uE0A8"], "height": 8},
		{"file": "minecraft:font/warning.png", "type": "bitmap", "ascent": 7, "chars": ["\uE0A9\uE0AA","\uE0AB\uE0AC"], "height": 8},
		{"file": "minecraft:font/none.png", "type": "bitmap", "ascent": 7, "chars": ["\uE0AD"], "height": 8},
		{"file": "minecraft:font/star.png", "type": "bitmap", "ascent": 7, "chars": ["\uE0AF"], "height": 8},
		{"file": "minecraft:font/flag.png", "type": "bitmap", "ascent": 7, "chars": ["\uE0B0"], "height": 8},
		{"file": "minecraft:font/challenge.png", "type": "bitmap", "ascent": 7, "chars": ["\uE0B1"], "height": 8},
		{"file": "minecraft:font/point_empty.png", "type": "bitmap", "ascent": 7, "chars": ["\uE0B2"], "height": 8},
		{"file": "minecraft:font/point_full.png", "type": "bitmap", "ascent": 7, "chars": ["\uE0B3"], "height": 8},
		{"file": "minecraft:font/crown.png", "type": "bitmap", "ascent": 7, "chars": ["\uE0B4"], "height": 8},
		{"file": "minecraft:font/offline.png", "type": "bitmap", "ascent": 7, "chars": ["\uE0B5"], "height": 8},
		{"file": "minecraft:font/breakdown.png", "type": "bitmap", "ascent": 7, "chars": ["\uE0B6"], "height": 8},
		{
			"file": "minecraft:font/space_split.png",
			"ascent": -32768,
			"type": "bitmap",
			"chars": ["\uE200"],
			"height": -1
		},
		{
			"file": "minecraft:font/space_split.png",
			"ascent": -32768,
			"type": "bitmap",
			"chars": ["\uE201"],
			"height": 1
		},
		{
			"file": "minecraft:font/space_split.png",
			"ascent": -32768,
			"type": "bitmap",
			"chars": ["\uE202"],
			"height": 3
		},
		{
			"file": "minecraft:font/space_split.png",
			"ascent": -32768,
			"type": "bitmap",
			"chars": ["\uE203"],
			"height": 7
		},
		{
			"file": "minecraft:font/space_split.png",
			"ascent": -32768,
			"type": "bitmap",
			"chars": ["\uE204"],
			"height": 15
		},
		{
			"file": "minecraft:font/space_split.png",
			"ascent": -32768,
			"type": "bitmap",
			"chars": ["\uE205"],
			"height": 31
		},
		{
			"file": "minecraft:font/space_split.png",
			"ascent": -32768,
			"type": "bitmap",
			"chars": ["\uE206"],
			"height": 63
		},
		{
			"file": "minecraft:font/space_split.png",
			"ascent": -32768,
			"type": "bitmap",
			"chars": ["\uE207"],
			"height": 5
		}
    ]
}
