{
  "effects.points.acquired": {"sounds":[{"name": "effects/points/acquired"}]},
  "effects.points.big_acquired": {"sounds":[{"name": "effects/points/big_acquired"}]},
  "effects.points.huge_acquired": {"sounds":[{"name": "effects/points/huge_acquired"}]},
  "effects.points.small_coins": {"sounds":[{"name": "effects/points/small_coins"}]},
  "effects.points.big_coins": {"sounds":[{"name": "effects/points/big_coins"}]},
  "effects.points.objective": {"sounds":[{"name": "effects/points/objective"}]},
  
  "effects.timer.tick": {"sounds":[{"name": "effects/timer/tick"}]},
  "effects.timer.tick_high": {"sounds":[{"name": "effects/timer/tick_high"}]},
  "effects.timer.321": {"sounds":[{"name": "effects/timer/321", "preload": true}]},
  "effects.timer.go": {"sounds":[{"name": "effects/timer/go", "preload": true}]},
  "effects.timer.round_end": {"sounds":[{"name": "effects/timer/round_end"}]},
  "effects.timer.grace_period": {"sounds":[{"name": "effects/timer/grace_period"}]},
  "effects.timer.text_pop": {"sounds":[{"name": "effects/timer/text_pop"}]},
  "effects.timer.ping": {"sounds":[{"name": "effects/timer/ping"}]},
  
  "effects.map.alert": {"sounds":[{"name": "effects/map/alert"}]},
  "effects.map.border": {"sounds":[{"name": "effects/map/border"}]},
  "effects.map.shrink_short": {"sounds":[{"name": "effects/map/shrink_short"}]},
  "effects.map.update": {"sounds":[{"name": "effects/map/update"}]},
  "effects.map.team_eliminated": {"sounds":[{"name": "effects/map/team_eliminated"}]},
  "effects.map.enemy_completed": {"sounds":[{"name": "effects/map/enemy_completed"}]},
  "effects.map.lockout": {"sounds":[{"name": "effects/map/lockout"}]},
  "effects.map.warn": {"sounds":[{"name": "effects/map/warn"}]},
  "effects.map.difficulty_increase": {"sounds":[{"name": "effects/map/difficulty_increase"}]},
  "effects.map.speed_increase": {"sounds":[{"name": "effects/map/speed_increase"}]},
  "effects.map.title": {"sounds":[{"name": "effects/map/title"}]},
  "effects.map.elimination_pop": {"sounds":[{"name": "effects/map/elimination_pop"}]},
  
  "effects.sands_of_time.key_pickup_rusty": {"sounds":[{"name": "effects/sands_of_time/key_pickup_rusty"}]},
  "effects.sands_of_time.key_pickup_vault": {"sounds":[{"name": "effects/sands_of_time/key_pickup_vault"}]},
  "effects.sands_of_time.rusty_open": {"sounds":[{"name": "effects/sands_of_time/rusty_open"}]},
  "effects.sands_of_time.vault_open_team": {"sounds":[{"name": "effects/sands_of_time/vault_open_team"}]},
  "effects.sands_of_time.vault_open_enemy": {"sounds":[{"name": "effects/sands_of_time/vault_open_enemy"}]},
  "effects.sands_of_time.solve_puzzle": {"sounds":[{"name": "effects/sands_of_time/solve_puzzle"}]},
  "effects.sands_of_time.revive_player": {"sounds":[{"name": "effects/sands_of_time/revive_player"}]},
  "effects.sands_of_time.timer_10": {"sounds":[{"name": "effects/sands_of_time/timer_10"}]},
  "effects.sands_of_time.timer_20": {"sounds":[{"name": "effects/sands_of_time/timer_20"}]},
  "effects.sands_of_time.timer_30": {"sounds":[{"name": "effects/sands_of_time/timer_30"}]},
  "effects.sands_of_time.locked_in": {"sounds":[{"name": "effects/sands_of_time/locked_in"}]},
  "effects.sands_of_time.sand_place": {"sounds":[{"name": "effects/sands_of_time/sand_place1"},{"name": "effects/sands_of_time/sand_place2"},{"name": "effects/sands_of_time/sand_place3"}]},
  "effects.sands_of_time.statue": {"sounds":[{"name": "effects/sands_of_time/statue"}]},

  "soundtrack.sands_of_time": {"sounds":[{"name": "soundtrack/sands_of_time", "stream": true}]},

  "soundtrack.game_intro": {"sounds":[{"name": "soundtrack/game_intro", "preload": true}]},
  "soundtrack.game_end": {"sounds":[{"name": "soundtrack/game_end", "preload": true}]},
  "soundtrack.round_end": {"sounds":[{"name": "soundtrack/round_end", "preload": true}]},
  "soundtrack.overtime_intro": {"sounds":[{"name": "soundtrack/overtime_intro", "stream": true}]},
  "soundtrack.overtime_loop": {"sounds":[{"name": "soundtrack/overtime_loop", "stream": true}]},
  
  "block.piston.contract": {"sounds": [{"name": "tile/piston/in", "volume": 0.3}], "subtitle": "subtitles.block.piston.move"},
  "block.piston.extend": {"sounds": [{"name": "tile/piston/out", "volume": 0.3}], "subtitle": "subtitles.block.piston.move"}
}