{"textures": {"0": "sands_of_time/coin", "1": "sands_of_time/debug/coin_2", "particle": "sands_of_time/coin"}, "elements": [{"from": [3, 0, 3], "to": [13, 5, 13], "rotation": {"angle": 0, "axis": "y", "origin": [2, 0, 2]}, "faces": {"north": {"uv": [0, 4, 4, 6], "texture": "#0"}, "east": {"uv": [0, 4, 4, 6], "texture": "#0"}, "south": {"uv": [0, 4, 4, 6], "texture": "#0"}, "west": {"uv": [0, 4, 4, 6], "texture": "#0"}, "up": {"uv": [0, 0, 16, 16], "texture": "#1"}, "down": {"uv": [0, 0, 4, 4], "texture": "#0"}}}]}