{
  "sources": [
    {
      "type": "directory",
      "source": "block",
      "prefix": "block/"
    },
    {
      "type": "directory",
      "source": "block/concrete",
      "prefix": "block/concrete/"
    },
    {
      "type": "directory",
      "source": "block/terracotta",
      "prefix": "block/terracotta/"
    },
    {
      "type": "directory",
      "source": "block/wool",
      "prefix": "block/wool/"
    },
    {
      "type": "directory",
      "source": "decision_dome",
      "prefix": "decision_dome/"
    },
    {
      "type": "directory",
      "source": "dome",
      "prefix": "dome/"
    },
    {
      "type": "directory",
      "source": "dome/checkers",
      "prefix": "dome/checkers/"
    },
    {
      "type": "directory",
      "source": "entity",
      "prefix": "entity/"
    },
    {
      "type": "directory",
      "source": "entity/bee",
      "prefix": "entity/bee/"
    },
    {
      "type": "directory",
      "source": "entity/chest",
      "prefix": "entity/chest/"
    },
    {
      "type": "directory",
      "source": "entity/end_crystal",
      "prefix": "entity/end_crystal/"
    },
    {
      "type": "directory",
      "source": "font",
      "prefix": "font/"
    },
    {
      "type": "directory",
      "source": "font/games",
      "prefix": "font/games/"
    },
    {
      "type": "directory",
      "source": "font/game_names",
      "prefix": "font/game_names/"
    },
    {
      "type": "directory",
      "source": "font/parkour_warrior",
      "prefix": "font/parkour_warrior/"
    },
    {
      "type": "directory",
      "source": "fun",
      "prefix": "fun/"
    },
    {
      "type": "directory",
      "source": "game_items",
      "prefix": "game_items/"
    },
    {
      "type": "directory",
      "source": "gui",
      "prefix": "gui/"
    },
    {
      "type": "directory",
      "source": "gui/container",
      "prefix": "gui/container/"
    },
    {
      "type": "directory",
      "source": "item",
      "prefix": "item/"
    },
    {
      "type": "directory",
      "source": "item/game_icons",
      "prefix": "item/game_icons/"
    },
    {
      "type": "directory",
      "source": "models",
      "prefix": "models/"
    },
    {
      "type": "directory",
      "source": "models/armor",
      "prefix": "models/armor/"
    },
    {
      "type": "directory",
      "source": "particle",
      "prefix": "particle/"
    }
  ]
}