{
	"credit": "Made with Blockbench",
	"texture_size": [32, 32],
	"textures": {
		"0": "sands_of_time/button",
		"particle": "sands_of_time/button"
	},
	"elements": [
		{
			"from": [5, 15.5, 5],
			"to": [11, 17.5, 11],
			"rotation": {"angle": 0, "axis": "y", "origin": [0, -1.5, 0]},
			"faces": {
				"north": {"uv": [10, 8.5, 13, 9.5], "texture": "#0"},
				"east": {"uv": [13, 8.5, 10, 9.5], "texture": "#0"},
				"south": {"uv": [10, 9.5, 13, 10.5], "texture": "#0"},
				"west": {"uv": [13, 9.5, 10, 10.5], "texture": "#0"},
				"up": {"uv": [10, 5.5, 13, 8.5], "texture": "#0"},
				"down": {"uv": [0, 0, 3, 3], "texture": "#missing"}
			}
		},
		{
			"from": [3, 14, 3],
			"to": [13, 17, 13],
			"faces": {
				"north": {"uv": [0, 5.5, 5, 7], "texture": "#0"},
				"east": {"uv": [5, 5.5, 10, 7], "texture": "#0"},
				"south": {"uv": [0, 5.5, 5, 7], "texture": "#0"},
				"west": {"uv": [5, 5.5, 10, 7], "texture": "#0"},
				"up": {"uv": [4, 0.5, 9, 5.5], "texture": "#0"},
				"down": {"uv": [0, 0, 5, 5], "texture": "#missing"}
			}
		},
		{
			"from": [4, 3, 4],
			"to": [12, 14, 12],
			"faces": {
				"north": {"uv": [0, 0, 4, 5.5], "texture": "#0"},
				"east": {"uv": [0, 0, 4, 5.5], "texture": "#0"},
				"south": {"uv": [0, 0, 4, 5.5], "texture": "#0"},
				"west": {"uv": [0, 0, 4, 5.5], "texture": "#0"},
				"up": {"uv": [0, 0, 4, 4], "texture": "#missing"},
				"down": {"uv": [0, 0, 4, 4], "texture": "#missing"}
			}
		},
		{
			"from": [3, 0, 3],
			"to": [13, 3, 13],
			"faces": {
				"north": {"uv": [0, 5.5, 5, 7], "texture": "#0"},
				"east": {"uv": [5, 5.5, 10, 7], "texture": "#0"},
				"south": {"uv": [0, 5.5, 5, 7], "texture": "#0"},
				"west": {"uv": [5, 5.5, 10, 7], "texture": "#0"},
				"up": {"uv": [4, 0.5, 9, 5.5], "texture": "#0"},
				"down": {"uv": [9, 0.5, 14, 5.5], "texture": "#0"}
			}
		}
	],
	"display": {
		"head": {
			"translation": [0, -30.5, 0],
			"scale": [1.6, 1.6, 1.6]
		}
	}
}