{
  "parent": "minecraft:item/generated",
  "overrides": [
    {
      "predicate": {
        "custom_model_data": 1001
      },
      "model": "item/fun/hotdog"
    },
    {
      "predicate": {
        "custom_model_data": 1002
      },
      "model": "item/fun/burger"
    },
    {
      "predicate": {
        "custom_model_data": 1003
      },
      "model": "item/fun/taco"
    },
    {
      "predicate": {
        "custom_model_data": 1004
      },
      "model": "item/fun/fries"
    }
  ],
  "textures": {
    "layer0": "minecraft:item/suspicious_stew"
  }
}
