{"display":{"thirdperson_righthand":{"rotation":[75,45,0],"translation":[0,2.5,0],"scale":[0.375,0.375,0.375]},"thirdperson_lefthand":{"rotation":[75,45,0],"translation":[0,2.5,0],"scale":[0.375,0.375,0.375]},"firstperson_righthand":{"rotation":[0,45,0],"scale":[0.4,0.4,0.4]},"firstperson_lefthand":{"rotation":[0,225,0],"scale":[0.4,0.4,0.4]},"ground":{"translation":[0,3,0],"scale":[0.25,0.25,0.25]},"gui":{"rotation":[30,225,0],"scale":[0.625,0.625,0.625]},"fixed":{"scale":[0.5,0.5,0.5]}},"texture_size":[32,32,32,32],"textures":{"0":"block/coin_crate","particle":"block/coin_crate"},"elements":[{"from":[1,1,1],"to":[15,15,15],"faces":{"north":{"uv":[8.5,0,15.5,7],"texture":"#0"},"east":{"uv":[8.5,0,15.5,7],"texture":"#0"},"south":{"uv":[8.5,0,15.5,7],"texture":"#0"},"west":{"uv":[8.5,0,15.5,7],"texture":"#0"},"up":{"uv":[0,0,7,7],"texture":"#0"},"down":{"uv":[0,0,7,7],"texture":"#0"}}},{"from":[0,13,0],"to":[16,16,3],"faces":{"north":{"uv":[0,7,8,8.5],"texture":"#0"},"east":{"uv":[6.5,7,8,8.5],"texture":"#0"},"south":{"uv":[1.5,8.5,6.5,9],"rotation":180,"texture":"#0"},"west":{"uv":[0,7,1.5,8.5],"texture":"#0"},"up":{"uv":[0,7,8,8.5],"texture":"#0"},"down":{"uv":[1.5,8.5,6.5,9],"rotation":180,"texture":"#0"}}},{"from":[0,13,13],"to":[16,16,16],"faces":{"north":{"uv":[1.5,8.5,6.5,9],"rotation":180,"texture":"#0"},"east":{"uv":[0,7,1.5,8.5],"texture":"#0"},"south":{"uv":[0,7,8,8.5],"texture":"#0"},"west":{"uv":[6.5,7,8,8.5],"texture":"#0"},"up":{"uv":[0,7,8,8.5],"rotation":180,"texture":"#0"},"down":{"uv":[1.5,8.5,6.5,9],"rotation":180,"texture":"#0"}}},{"from":[0,0,13],"to":[16,3,16],"faces":{"north":{"uv":[0,9.5,8,10],"rotation":180,"texture":"#0"},"east":{"uv":[0,7,1.5,8.5],"texture":"#0"},"south":{"uv":[0,7,8,8.5],"texture":"#0"},"west":{"uv":[6.5,7,8,8.5],"texture":"#0"},"up":{"uv":[0,7,8,8.5],"rotation":180,"texture":"#0"},"down":{"uv":[0,8.5,8,10],"texture":"#0"}}},{"from":[0,0,0],"to":[16,3,3],"faces":{"north":{"uv":[0,7,8,8.5],"texture":"#0"},"east":{"uv":[0,7,1.5,8.5],"texture":"#0"},"south":{"uv":[0,9.5,8,10],"rotation":180,"texture":"#0"},"west":{"uv":[0,7,1.5,8.5],"texture":"#0"},"up":{"uv":[0,7,8,8.5],"texture":"#0"},"down":{"uv":[0,8.5,8,10],"rotation":180,"texture":"#0"}}},{"from":[0,3,0],"to":[3,13,3],"faces":{"north":{"uv":[8.5,0,7,5],"texture":"#0"},"east":{"uv":[7,0,8.5,5],"texture":"#0"},"south":{"uv":[8.5,0,7,5],"texture":"#0"},"west":{"uv":[7,0,8.5,5],"texture":"#0"},"up":{"uv":[7,0,7.5,0.5],"texture":"#0"},"down":{"uv":[7,0,7.5,0.5],"texture":"#0"}}},{"from":[13,3,0],"to":[16,13,3],"rotation":{"angle":0,"axis":"y","origin":[16,0,0]},"faces":{"north":{"uv":[7,0,8.5,5],"texture":"#0"},"east":{"uv":[8.5,0,7,5],"texture":"#0"},"south":{"uv":[7,0,8.5,5],"texture":"#0"},"west":{"uv":[8.5,0,7,5],"texture":"#0"},"up":{"uv":[7.5,0,7,0.5],"texture":"#0"},"down":{"uv":[7.5,0,7,0.5],"texture":"#0"}}},{"from":[13,3,13],"to":[16,13,16],"rotation":{"angle":0,"axis":"y","origin":[16,0,16]},"faces":{"north":{"uv":[8.5,0,7,5],"texture":"#0"},"east":{"uv":[7,0,8.5,5],"texture":"#0"},"south":{"uv":[8.5,0,7,5],"texture":"#0"},"west":{"uv":[7,0,8.5,5],"texture":"#0"},"up":{"uv":[7.5,0.5,7,0],"texture":"#0"},"down":{"uv":[7.5,0.5,7,0],"texture":"#0"}}},{"from":[0,3,13],"to":[3,13,16],"rotation":{"angle":0,"axis":"y","origin":[0,0,16]},"faces":{"north":{"uv":[7,0,8.5,5],"texture":"#0"},"east":{"uv":[8.5,0,7,5],"texture":"#0"},"south":{"uv":[7,0,8.5,5],"texture":"#0"},"west":{"uv":[8.5,0,7,5],"texture":"#0"},"up":{"uv":[7,0.5,7.5,0],"texture":"#0"},"down":{"uv":[7,0.5,7.5,0],"texture":"#0"}}},{"from":[13,13,3],"to":[16,16,13],"faces":{"north":{"uv":[0,0,3,3],"texture":"#missing"},"east":{"uv":[1.5,7,6.5,8.5],"texture":"#0"},"south":{"uv":[0,0,3,3],"texture":"#missing"},"west":{"uv":[1.5,8.5,6.5,9],"rotation":180,"texture":"#0"},"up":{"uv":[1.5,7,6.5,8.5],"rotation":90,"texture":"#0"},"down":{"uv":[1.5,8.5,6.5,9],"rotation":180,"texture":"#0"}}},{"from":[0,13,3],"to":[3,16,13],"faces":{"north":{"uv":[0,0,3,3],"texture":"#missing"},"east":{"uv":[1.5,8.5,6.5,9],"rotation":180,"texture":"#0"},"south":{"uv":[0,0,3,3],"texture":"#missing"},"west":{"uv":[1.5,7,6.5,8.5],"texture":"#0"},"up":{"uv":[1.5,7,6.5,8.5],"rotation":270,"texture":"#0"},"down":{"uv":[1.5,8.5,6.5,9],"rotation":180,"texture":"#0"}}},{"from":[0,0,3],"to":[3,3,13],"faces":{"north":{"uv":[0,0,3,3],"texture":"#missing"},"east":{"uv":[1.5,9.5,6.5,10],"rotation":180,"texture":"#0"},"south":{"uv":[0,0,3,3],"texture":"#missing"},"west":{"uv":[1.5,7,6.5,8.5],"texture":"#0"},"up":{"uv":[1.5,7,6.5,8.5],"rotation":270,"texture":"#0"},"down":{"uv":[0,10,1.5,15],"rotation":180,"texture":"#0"}}},{"from":[13,0,3],"to":[16,3,13],"faces":{"north":{"uv":[0,0,3,3],"texture":"#missing"},"east":{"uv":[1.5,7,6.5,8.5],"texture":"#0"},"south":{"uv":[0,0,3,3],"texture":"#missing"},"west":{"uv":[1.5,9.5,6.5,10],"rotation":180,"texture":"#0"},"up":{"uv":[1.5,7,6.5,8.5],"rotation":90,"texture":"#0"},"down":{"uv":[1.5,10,0,15],"rotation":180,"texture":"#0"}}},{"from":[1,1,1],"to":[15,15,15],"faces":{"north":{"uv":[8.5,0,15.5,7],"texture":"#0"},"east":{"uv":[8.5,0,15.5,7],"texture":"#0"},"south":{"uv":[8.5,0,15.5,7],"texture":"#0"},"west":{"uv":[8.5,0,15.5,7],"texture":"#0"},"up":{"uv":[0,0,7,7],"texture":"#0"},"down":{"uv":[0,0,7,7],"texture":"#0"}}},{"from":[0,13,0],"to":[16,16,3],"faces":{"north":{"uv":[0,7,8,8.5],"texture":"#0"},"east":{"uv":[6.5,7,8,8.5],"texture":"#0"},"south":{"uv":[1.5,8.5,6.5,9],"rotation":180,"texture":"#0"},"west":{"uv":[0,7,1.5,8.5],"texture":"#0"},"up":{"uv":[0,7,8,8.5],"texture":"#0"},"down":{"uv":[1.5,8.5,6.5,9],"rotation":180,"texture":"#0"}}},{"from":[0,13,13],"to":[16,16,16],"faces":{"north":{"uv":[1.5,8.5,6.5,9],"rotation":180,"texture":"#0"},"east":{"uv":[0,7,1.5,8.5],"texture":"#0"},"south":{"uv":[0,7,8,8.5],"texture":"#0"},"west":{"uv":[6.5,7,8,8.5],"texture":"#0"},"up":{"uv":[0,7,8,8.5],"rotation":180,"texture":"#0"},"down":{"uv":[1.5,8.5,6.5,9],"rotation":180,"texture":"#0"}}},{"from":[0,0,13],"to":[16,3,16],"faces":{"north":{"uv":[0,9.5,8,10],"rotation":180,"texture":"#0"},"east":{"uv":[0,7,1.5,8.5],"texture":"#0"},"south":{"uv":[0,7,8,8.5],"texture":"#0"},"west":{"uv":[6.5,7,8,8.5],"texture":"#0"},"up":{"uv":[0,7,8,8.5],"rotation":180,"texture":"#0"},"down":{"uv":[0,8.5,8,10],"texture":"#0"}}},{"from":[0,0,0],"to":[16,3,3],"faces":{"north":{"uv":[0,7,8,8.5],"texture":"#0"},"east":{"uv":[0,7,1.5,8.5],"texture":"#0"},"south":{"uv":[0,9.5,8,10],"rotation":180,"texture":"#0"},"west":{"uv":[0,7,1.5,8.5],"texture":"#0"},"up":{"uv":[0,7,8,8.5],"texture":"#0"},"down":{"uv":[0,8.5,8,10],"rotation":180,"texture":"#0"}}},{"from":[0,3,0],"to":[3,13,3],"faces":{"north":{"uv":[8.5,0,7,5],"texture":"#0"},"east":{"uv":[7,0,8.5,5],"texture":"#0"},"south":{"uv":[8.5,0,7,5],"texture":"#0"},"west":{"uv":[7,0,8.5,5],"texture":"#0"},"up":{"uv":[7,0,7.5,0.5],"texture":"#0"},"down":{"uv":[7,0,7.5,0.5],"texture":"#0"}}},{"from":[13,3,0],"to":[16,13,3],"rotation":{"angle":0,"axis":"y","origin":[16,0,0]},"faces":{"north":{"uv":[7,0,8.5,5],"texture":"#0"},"east":{"uv":[8.5,0,7,5],"texture":"#0"},"south":{"uv":[7,0,8.5,5],"texture":"#0"},"west":{"uv":[8.5,0,7,5],"texture":"#0"},"up":{"uv":[7.5,0,7,0.5],"texture":"#0"},"down":{"uv":[7.5,0,7,0.5],"texture":"#0"}}},{"from":[13,3,13],"to":[16,13,16],"rotation":{"angle":0,"axis":"y","origin":[16,0,16]},"faces":{"north":{"uv":[8.5,0,7,5],"texture":"#0"},"east":{"uv":[7,0,8.5,5],"texture":"#0"},"south":{"uv":[8.5,0,7,5],"texture":"#0"},"west":{"uv":[7,0,8.5,5],"texture":"#0"},"up":{"uv":[7.5,0.5,7,0],"texture":"#0"},"down":{"uv":[7.5,0.5,7,0],"texture":"#0"}}},{"from":[0,3,13],"to":[3,13,16],"rotation":{"angle":0,"axis":"y","origin":[0,0,16]},"faces":{"north":{"uv":[7,0,8.5,5],"texture":"#0"},"east":{"uv":[8.5,0,7,5],"texture":"#0"},"south":{"uv":[7,0,8.5,5],"texture":"#0"},"west":{"uv":[8.5,0,7,5],"texture":"#0"},"up":{"uv":[7,0.5,7.5,0],"texture":"#0"},"down":{"uv":[7,0.5,7.5,0],"texture":"#0"}}},{"from":[13,13,3],"to":[16,16,13],"faces":{"north":{"uv":[0,0,3,3],"texture":"#missing"},"east":{"uv":[1.5,7,6.5,8.5],"texture":"#0"},"south":{"uv":[0,0,3,3],"texture":"#missing"},"west":{"uv":[1.5,8.5,6.5,9],"rotation":180,"texture":"#0"},"up":{"uv":[1.5,7,6.5,8.5],"rotation":90,"texture":"#0"},"down":{"uv":[1.5,8.5,6.5,9],"rotation":180,"texture":"#0"}}},{"from":[0,13,3],"to":[3,16,13],"faces":{"north":{"uv":[0,0,3,3],"texture":"#missing"},"east":{"uv":[1.5,8.5,6.5,9],"rotation":180,"texture":"#0"},"south":{"uv":[0,0,3,3],"texture":"#missing"},"west":{"uv":[1.5,7,6.5,8.5],"texture":"#0"},"up":{"uv":[1.5,7,6.5,8.5],"rotation":270,"texture":"#0"},"down":{"uv":[1.5,8.5,6.5,9],"rotation":180,"texture":"#0"}}},{"from":[0,0,3],"to":[3,3,13],"faces":{"north":{"uv":[0,0,3,3],"texture":"#missing"},"east":{"uv":[1.5,9.5,6.5,10],"rotation":180,"texture":"#0"},"south":{"uv":[0,0,3,3],"texture":"#missing"},"west":{"uv":[1.5,7,6.5,8.5],"texture":"#0"},"up":{"uv":[1.5,7,6.5,8.5],"rotation":270,"texture":"#0"},"down":{"uv":[0,10,1.5,15],"rotation":180,"texture":"#0"}}},{"from":[13,0,3],"to":[16,3,13],"faces":{"north":{"uv":[0,0,3,3],"texture":"#missing"},"east":{"uv":[1.5,7,6.5,8.5],"texture":"#0"},"south":{"uv":[0,0,3,3],"texture":"#missing"},"west":{"uv":[1.5,9.5,6.5,10],"rotation":180,"texture":"#0"},"up":{"uv":[1.5,7,6.5,8.5],"rotation":90,"texture":"#0"},"down":{"uv":[1.5,10,0,15],"rotation":180,"texture":"#0"}}}]}