{
    "providers": [
		{"chars": ["\uE000"], "file": "minecraft:font/notifications/base/1.png", "type": "bitmap", "ascent": 121, "height": 128},
		{"chars": ["\uE001"], "file": "minecraft:font/notifications/base/2.png", "type": "bitmap", "ascent": 121, "height": 128},
		{"chars": ["\uE002"], "file": "minecraft:font/notifications/base/3.png", "type": "bitmap", "ascent": 121, "height": 128},
		{"chars": ["\uE003"], "file": "minecraft:font/notifications/base/4.png", "type": "bitmap", "ascent": 121, "height": 128},
		{"chars": ["\uE004"], "file": "minecraft:font/notifications/elimination/single_kill/5.png", "type": "bitmap", "ascent": 121, "height": 128},
		{"chars": ["\uE005"], "file": "minecraft:font/notifications/elimination/single_kill/6.png", "type": "bitmap", "ascent": 121, "height": 128},
		{"chars": ["\uE006"], "file": "minecraft:font/notifications/elimination/single_kill/7.png", "type": "bitmap", "ascent": 121, "height": 128},
		{"chars": ["\uE007"], "file": "minecraft:font/notifications/elimination/single_kill/8.png", "type": "bitmap", "ascent": 121, "height": 128},
		{"chars": ["\uE008"], "file": "minecraft:font/notifications/elimination/single_kill/9.png", "type": "bitmap", "ascent": 121, "height": 128},
		{"chars": ["\uE009"], "file": "minecraft:font/notifications/elimination/single_kill/10.png", "type": "bitmap", "ascent": 121, "height": 128},
		{"chars": ["\uE00A"], "file": "minecraft:font/notifications/elimination/double_kill/5.png", "type": "bitmap", "ascent": 121, "height": 128},
		{"chars": ["\uE00B"], "file": "minecraft:font/notifications/elimination/double_kill/6.png", "type": "bitmap", "ascent": 121, "height": 128},
		{"chars": ["\uE00C"], "file": "minecraft:font/notifications/elimination/double_kill/7.png", "type": "bitmap", "ascent": 121, "height": 128},
		{"chars": ["\uE00D"], "file": "minecraft:font/notifications/elimination/double_kill/8.png", "type": "bitmap", "ascent": 121, "height": 128},
		{"chars": ["\uE00E"], "file": "minecraft:font/notifications/elimination/double_kill/9.png", "type": "bitmap", "ascent": 121, "height": 128},
		{"chars": ["\uE00F"], "file": "minecraft:font/notifications/elimination/double_kill/10.png", "type": "bitmap", "ascent": 121, "height": 128},
		{"chars": ["\uE010"], "file": "minecraft:font/notifications/elimination/triple_kill/5.png", "type": "bitmap", "ascent": 121, "height": 128},
		{"chars": ["\uE011"], "file": "minecraft:font/notifications/elimination/triple_kill/6.png", "type": "bitmap", "ascent": 121, "height": 128},
		{"chars": ["\uE012"], "file": "minecraft:font/notifications/elimination/triple_kill/7.png", "type": "bitmap", "ascent": 121, "height": 128},
		{"chars": ["\uE013"], "file": "minecraft:font/notifications/elimination/triple_kill/8.png", "type": "bitmap", "ascent": 121, "height": 128},
		{"chars": ["\uE014"], "file": "minecraft:font/notifications/elimination/triple_kill/9.png", "type": "bitmap", "ascent": 121, "height": 128},
		{"chars": ["\uE015"], "file": "minecraft:font/notifications/elimination/triple_kill/10.png", "type": "bitmap", "ascent": 121, "height": 128},
		{"chars": ["\uE016"], "file": "minecraft:font/notifications/elimination/quadra_kill/5.png", "type": "bitmap", "ascent": 121, "height": 128},
		{"chars": ["\uE017"], "file": "minecraft:font/notifications/elimination/quadra_kill/6.png", "type": "bitmap", "ascent": 121, "height": 128},
		{"chars": ["\uE018"], "file": "minecraft:font/notifications/elimination/quadra_kill/7.png", "type": "bitmap", "ascent": 121, "height": 128},
		{"chars": ["\uE019"], "file": "minecraft:font/notifications/elimination/quadra_kill/8.png", "type": "bitmap", "ascent": 121, "height": 128},
		{"chars": ["\uE01A"], "file": "minecraft:font/notifications/elimination/quadra_kill/9.png", "type": "bitmap", "ascent": 121, "height": 128},
		{"chars": ["\uE01B"], "file": "minecraft:font/notifications/elimination/quadra_kill/10.png", "type": "bitmap", "ascent": 121, "height": 128},
		{"chars": ["\uE01C"], "file": "minecraft:font/notifications/elimination/rampage/5.png", "type": "bitmap", "ascent": 121, "height": 128},
		{"chars": ["\uE01D"], "file": "minecraft:font/notifications/elimination/rampage/6.png", "type": "bitmap", "ascent": 121, "height": 128},
		{"chars": ["\uE01E"], "file": "minecraft:font/notifications/elimination/rampage/7.png", "type": "bitmap", "ascent": 121, "height": 128},
		{"chars": ["\uE01F"], "file": "minecraft:font/notifications/elimination/rampage/8.png", "type": "bitmap", "ascent": 121, "height": 128},
		{"chars": ["\uE020"], "file": "minecraft:font/notifications/elimination/rampage/9.png", "type": "bitmap", "ascent": 121, "height": 128},
		{"chars": ["\uE021"], "file": "minecraft:font/notifications/elimination/rampage/10.png", "type": "bitmap", "ascent": 121, "height": 128},
		{"chars": ["\uE022"], "file": "minecraft:font/notifications/lap_complete/5.png", "type": "bitmap", "ascent": 121, "height": 128},
		{"chars": ["\uE023"], "file": "minecraft:font/notifications/lap_complete/6.png", "type": "bitmap", "ascent": 121, "height": 128},
		{"chars": ["\uE024"], "file": "minecraft:font/notifications/lap_complete/7.png", "type": "bitmap", "ascent": 121, "height": 128},
		{"chars": ["\uE025"], "file": "minecraft:font/notifications/lap_complete/8.png", "type": "bitmap", "ascent": 121, "height": 128},
		{"chars": ["\uE026"], "file": "minecraft:font/notifications/lap_complete/9.png", "type": "bitmap", "ascent": 121, "height": 128},
		{"chars": ["\uE027"], "file": "minecraft:font/notifications/lap_complete/10.png", "type": "bitmap", "ascent": 121, "height": 128},
		{"chars": ["\uE028"], "file": "minecraft:font/notifications/course_complete/5.png", "type": "bitmap", "ascent": 121, "height": 128},
		{"chars": ["\uE029"], "file": "minecraft:font/notifications/course_complete/6.png", "type": "bitmap", "ascent": 121, "height": 128},
		{"chars": ["\uE02A"], "file": "minecraft:font/notifications/course_complete/7.png", "type": "bitmap", "ascent": 121, "height": 128},
		{"chars": ["\uE02B"], "file": "minecraft:font/notifications/course_complete/8.png", "type": "bitmap", "ascent": 121, "height": 128},
		{"chars": ["\uE02C"], "file": "minecraft:font/notifications/course_complete/9.png", "type": "bitmap", "ascent": 121, "height": 128},
		{"chars": ["\uE02D"], "file": "minecraft:font/notifications/course_complete/10.png", "type": "bitmap", "ascent": 121, "height": 128}
    ]
}
