{
  "variants": {
    "facing=east,half=bottom,shape=straight": {
      "model": "minecraft:block/yellow_stairs"
    },
    "facing=east,half=top,shape=straight": {
      "model": "minecraft:block/yellow_stairs",
      "x": 180,
      "uvlock": true
    },
    "facing=north,half=bottom,shape=straight": {
      "model": "minecraft:block/yellow_stairs",
      "y": 270,
      "uvlock": true
    },
    "facing=north,half=top,shape=straight": {
      "model": "minecraft:block/yellow_stairs",
      "x": 180,
      "y": 270,
      "uvlock": true
    },
    "facing=south,half=bottom,shape=straight": {
      "model": "minecraft:block/yellow_stairs",
      "y": 90,
      "uvlock": true
    },
    "facing=south,half=top,shape=straight": {
      "model": "minecraft:block/yellow_stairs",
      "x": 180,
      "y": 90,
      "uvlock": true
    },
    "facing=west,half=top,shape=straight": {
      "model": "minecraft:block/yellow_stairs",
      "x": 180,
      "y": 180,
      "uvlock": true
    },
    "facing=west,half=bottom,shape=straight": {
      "model": "minecraft:block/yellow_stairs",
      "y": 180,
      "uvlock": true
    },
    "facing=west,half=bottom,shape=inner_left": {
      "model": "minecraft:block/yellow_stairs_inner",
      "y": 90,
      "uvlock": true
    },
    "facing=east,half=bottom,shape=inner_right": {
      "model": "minecraft:block/yellow_stairs_inner"
    },
    "facing=north,half=bottom,shape=inner_right": {
      "model": "minecraft:block/yellow_stairs_inner",
      "y": 270,
      "uvlock": true
    },
    "facing=south,half=bottom,shape=inner_left": {
      "model": "minecraft:block/yellow_stairs_inner"
    }
  }
}