{
    "providers": [
		{"chars": ["\uE000"], "file": "minecraft:font/teams/red_rabbits.png", "type": "bitmap", "ascent": 4, "height": 10},
		{"chars": ["\uE001"], "file": "minecraft:font/teams/orange_ocelots.png", "type": "bitmap", "ascent": 4, "height": 10},
		{"chars": ["\uE002"], "file": "minecraft:font/teams/yellow_yaks.png", "type": "bitmap", "ascent": 4, "height": 10},
		{"chars": ["\uE003"], "file": "minecraft:font/teams/lime_llamas.png", "type": "bitmap", "ascent": 4, "height": 10},
		{"chars": ["\uE004"], "file": "minecraft:font/teams/aqua_axolotls.png", "type": "bitmap", "ascent": 4, "height": 10},
		{"chars": ["\uE005"], "file": "minecraft:font/teams/blue_bats.png", "type": "bitmap", "ascent": 4, "height": 10},
		{"chars": ["\uE006"], "file": "minecraft:font/teams/purple_pandas.png", "type": "bitmap", "ascent": 4, "height": 10},
		{"chars": ["\uE007"], "file": "minecraft:font/teams/pink_parrots.png", "type": "bitmap", "ascent": 4, "height": 10},
		{"chars": ["\uE030"], "file": "minecraft:font/teams/red_ravens.png", "type": "bitmap", "ascent": 4, "height": 10},
		{"chars": ["\uE031"], "file": "minecraft:font/teams/orange_oozes.png", "type": "bitmap", "ascent": 4, "height": 10},
		{"chars": ["\uE032"], "file": "minecraft:font/teams/mustard_mummies.png", "type": "bitmap", "ascent": 4, "height": 10},
		{"chars": ["\uE033"], "file": "minecraft:font/teams/lime_liches.png", "type": "bitmap", "ascent": 4, "height": 10},
		{"chars": ["\uE034"], "file": "minecraft:font/teams/aqua_abominations.png", "type": "bitmap", "ascent": 4, "height": 10},
		{"chars": ["\uE035"], "file": "minecraft:font/teams/blue_banshees.png", "type": "bitmap", "ascent": 4, "height": 10},
		{"chars": ["\uE036"], "file": "minecraft:font/teams/violet_vampires.png", "type": "bitmap", "ascent": 4, "height": 10},
		{"chars": ["\uE037"], "file": "minecraft:font/teams/fuchsia_frankens.png", "type": "bitmap", "ascent": 4, "height": 10},
		{"chars": ["\uE038"], "file": "minecraft:font/teams/red_ravens.png", "type": "bitmap", "ascent": 4, "height": 10},
		{"chars": ["\uE039"], "file": "minecraft:font/teams/ginger_breadmen.png", "type": "bitmap", "ascent": 4, "height": 10},
		{"chars": ["\uE03A"], "file": "minecraft:font/teams/yellow_yetis.png", "type": "bitmap", "ascent": 4, "height": 10},
		{"chars": ["\uE03B"], "file": "minecraft:font/teams/mint_mistletoes.png", "type": "bitmap", "ascent": 4, "height": 10},
		{"chars": ["\uE03C"], "file": "minecraft:font/teams/cerulean_canes.png", "type": "bitmap", "ascent": 4, "height": 10},
		{"chars": ["\uE03D"], "file": "minecraft:font/teams/sapphire_santas.png", "type": "bitmap", "ascent": 4, "height": 10},
		{"chars": ["\uE03E"], "file": "minecraft:font/teams/purple_penguins.png", "type": "bitmap", "ascent": 4, "height": 10},
		{"chars": ["\uE03F"], "file": "minecraft:font/teams/pink_presents.png", "type": "bitmap", "ascent": 4, "height": 10},
		{"chars": ["\uE0A3"], "file": "minecraft:font/player.png", "type": "bitmap", "ascent": 4, "height": 8},
		{"chars": ["\uE0A5"], "file": "minecraft:font/skull.png", "type": "bitmap", "ascent": 4, "height": 8},
		{"chars": ["\uE0A6"], "file": "minecraft:font/tick.png", "type": "bitmap", "ascent": 4, "height": 8}
    ]
}
