{
    "providers": [
		{"file": "minecraft:font/teams/red_rabbits.png", "type": "bitmap", "ascent": 7, "chars": ["\uE000"], "height": 8},
		{"file": "minecraft:font/teams/orange_ocelots.png", "type": "bitmap", "ascent": 7, "chars": ["\uE001"], "height": 8},
		{"file": "minecraft:font/teams/yellow_yaks.png", "type": "bitmap", "ascent": 7, "chars": ["\uE002"], "height": 8},
		{"file": "minecraft:font/teams/lime_llamas.png", "type": "bitmap", "ascent": 7, "chars": ["\uE003"], "height": 8},
		{"file": "minecraft:font/teams/green_geckos.png", "type": "bitmap", "ascent": 7, "chars": ["\uE004"], "height": 8},
		{"file": "minecraft:font/teams/cyan_coyotes.png", "type": "bitmap", "ascent": 7, "chars": ["\uE005"], "height": 8},
		{"file": "minecraft:font/teams/aqua_axolotls.png", "type": "bitmap", "ascent": 7, "chars": ["\uE006"], "height": 8},
		{"file": "minecraft:font/teams/blue_bats.png", "type": "bitmap", "ascent": 7, "chars": ["\uE007"], "height": 8},
		{"file": "minecraft:font/teams/purple_pandas.png", "type": "bitmap", "ascent": 7, "chars": ["\uE008"], "height": 8},
		{"file": "minecraft:font/teams/pink_parrots.png", "type": "bitmap", "ascent": 7, "chars": ["\uE009"], "height": 8},
		{"file": "minecraft:font/teams/red_ravens.png", "type": "bitmap", "ascent": 7, "chars": ["\uE00A"], "height": 8},
		{"file": "minecraft:font/teams/orange_oozes.png", "type": "bitmap", "ascent": 7, "chars": ["\uE00B"], "height": 8},
		{"file": "minecraft:font/teams/mustard_mummies.png", "type": "bitmap", "ascent": 7, "chars": ["\uE00C"], "height": 8},
		{"file": "minecraft:font/teams/lime_liches.png", "type": "bitmap", "ascent": 7, "chars": ["\uE00D"], "height": 8},
		{"file": "minecraft:font/teams/green_goblins.png", "type": "bitmap", "ascent": 7, "chars": ["\uE00E"], "height": 8},
		{"file": "minecraft:font/teams/cyan_centipedes.png", "type": "bitmap", "ascent": 7, "chars": ["\uE00F"], "height": 8},
		{"file": "minecraft:font/teams/aqua_abominations.png", "type": "bitmap", "ascent": 7, "chars": ["\uE010"], "height": 8},
		{"file": "minecraft:font/teams/blue_banshees.png", "type": "bitmap", "ascent": 7, "chars": ["\uE011"], "height": 8},
		{"file": "minecraft:font/teams/violet_vampires.png", "type": "bitmap", "ascent": 7, "chars": ["\uE012"], "height": 8},
		{"file": "minecraft:font/teams/fuchsia_frankens.png", "type": "bitmap", "ascent": 7, "chars": ["\uE013"], "height": 8},
		{"file": "minecraft:font/teams/red_reindeer.png", "type": "bitmap", "ascent": 7, "chars": ["\uE014"], "height": 8},
		{"file": "minecraft:font/teams/ginger_breadmen.png", "type": "bitmap", "ascent": 7, "chars": ["\uE015"], "height": 8},
		{"file": "minecraft:font/teams/yellow_yetis.png", "type": "bitmap", "ascent": 7, "chars": ["\uE016"], "height": 8},
		{"file": "minecraft:font/teams/mint_mistletoes.png", "type": "bitmap", "ascent": 7, "chars": ["\uE017"], "height": 8},
		{"file": "minecraft:font/teams/emerald_elves.png", "type": "bitmap", "ascent": 7, "chars": ["\uE018"], "height": 8},
		{"file": "minecraft:font/teams/teal_turkeys.png", "type": "bitmap", "ascent": 7, "chars": ["\uE019"], "height": 8},
		{"file": "minecraft:font/teams/cerulean_canes.png", "type": "bitmap", "ascent": 7, "chars": ["\uE01A"], "height": 8},
		{"file": "minecraft:font/teams/sapphire_santas.png", "type": "bitmap", "ascent": 7, "chars": ["\uE01B"], "height": 8},
		{"file": "minecraft:font/teams/purple_penguins.png", "type": "bitmap", "ascent": 7, "chars": ["\uE01C"], "height": 8},
		{"file": "minecraft:font/teams/pink_presents.png", "type": "bitmap", "ascent": 7, "chars": ["\uE01D"], "height": 8},
		{"file": "minecraft:font/spectator.png", "type": "bitmap", "ascent": 7, "chars": ["\uE01E"], "height": 8},
		{"file": "minecraft:font/crown.png", "type": "bitmap", "ascent": 7, "chars": ["\uE01F"], "height": 8},
		{"file": "minecraft:font/game_logos/sands_of_time.png", "type": "bitmap", "ascent": 25, "chars": ["\uE08D"], "height": 50},
		{"file": "minecraft:font/team_flag.png", "type": "bitmap", "ascent": 7, "chars": ["\uE0A4"], "height": 8},
		{"file": "minecraft:font/breakdown.png", "type": "bitmap", "ascent": 7, "chars": ["\uE0B6"], "height": 8},
		{
			"file": "minecraft:font/misc_icons.png",
			"type": "bitmap",
			"ascent": 7,
			"chars": ["\u2606\u7B14\u8BB0\u0000","\uE100\uE101\u0000\u0000","\u0000\u0000\u0000\u0000","\u0000\u0000\u0000\u0000"],
			"height": 8
		},
		{"file": "minecraft:font/action_left_click.png", "type": "bitmap", "ascent": 7, "chars": ["\uE0A0"], "height": 7},
		{"file": "minecraft:font/action_right_click.png", "type": "bitmap", "ascent": 7, "chars": ["\uE0A1"], "height": 7},
		{"file": "minecraft:font/action_shift_click.png", "type": "bitmap", "ascent": 7, "chars": ["\uE0A2"], "height": 7},
		{"file": "minecraft:font/player.png", "type": "bitmap", "ascent": 7, "chars": ["\uE0A3"], "height": 8},
		{"file": "minecraft:font/skull.png", "type": "bitmap", "ascent": 7, "chars": ["\uE0A5"], "height": 8},
		{"file": "minecraft:font/tick.png", "type": "bitmap", "ascent": 7, "chars": ["\uE0A6"], "height": 8},
		{"file": "minecraft:font/offline.png", "type": "bitmap", "ascent": 7, "chars": ["\uE0B5"], "height": 8},
		{"file": "minecraft:font/banked.png", "type": "bitmap", "ascent": 7, "chars": ["\uE0B6"], "height": 8},
		{"file": "minecraft:font/entombed.png", "type": "bitmap", "ascent": 7, "chars": ["\uE0B7"], "height": 8},
		{
			"file": "minecraft:font/space_split.png",
			"ascent": -32768,
			"type": "bitmap",
			"chars": ["\uE020\uE021\uE022\uE023","\uE024\uE025\uE026\uE027","\uE028\uE029\uE02A\uE02B","\uE02C\uE02D\uE02E\uE02F"],
			"height": -6
		},
		{
			"file": "minecraft:font/space_split.png",
			"ascent": -32768,
			"type": "bitmap",
			"chars": ["\uE200"],
			"height": -1
		},
		{
			"file": "minecraft:font/space_split.png",
			"ascent": -32768,
			"type": "bitmap",
			"chars": ["\uE201"],
			"height": 1
		},
		{
			"file": "minecraft:font/space_split.png",
			"ascent": -32768,
			"type": "bitmap",
			"chars": ["\uE202"],
			"height": 3
		},
		{
			"file": "minecraft:font/space_split.png",
			"ascent": -32768,
			"type": "bitmap",
			"chars": ["\uE203"],
			"height": 7
		},
		{
			"file": "minecraft:font/space_split.png",
			"ascent": -32768,
			"type": "bitmap",
			"chars": ["\uE204"],
			"height": 15
		},
		{
			"file": "minecraft:font/space_split.png",
			"ascent": -32768,
			"type": "bitmap",
			"chars": ["\uE205"],
			"height": 31
		},
		{
			"file": "minecraft:font/space_split.png",
			"ascent": -32768,
			"type": "bitmap",
			"chars": ["\uE206"],
			"height": 63
		},
		{
			"file": "minecraft:font/space_split.png",
			"ascent": -32768,
			"type": "bitmap",
			"chars": ["\uE207"],
			"height": 5
		}
    ]
}
