{
	"credit": "Made with Blockbench",
	"texture_size": [64, 64],
	"textures": {
		"0": "ace_race/aqua_jet",
		"1": "ace_race/aqua_ring",
		"particle": "ace_race/aqua_jet"
	},
	"elements": [
		{
			"name": "octagon",
			"from": [3.22654, 13.49, 6.99],
			"to": [12.77346, 15.51, 9.01],
			"rotation": {"angle": 0, "axis": "y", "origin": [8, 4, 8.75]},
			"faces": {
				"north": {"uv": [1.375, 0, 3.75673, 0.5], "texture": "#0"},
				"east": {"uv": [3.625, 0, 3.75, 0.125], "texture": "#0"},
				"south": {"uv": [1.375, 0, 3.75673, 0.5], "texture": "#0"},
				"west": {"uv": [3.625, 0, 3.75, 0.125], "texture": "#0"},
				"up": {"uv": [4, 0, 6.38173, 0.5], "texture": "#0"},
				"down": {"uv": [4.75, 1.25, 7.13173, 1.75], "texture": "#0"}
			}
		},
		{
			"name": "octagon",
			"from": [3.22654, -7.51, 6.99],
			"to": [12.77346, -5.49, 9.01],
			"rotation": {"angle": 0, "axis": "y", "origin": [8, 4, 8.75]},
			"faces": {
				"north": {"uv": [1.375, 0.5, 3.75673, 0], "texture": "#0"},
				"east": {"uv": [3.625, 0.125, 3.75, 0], "texture": "#0"},
				"south": {"uv": [1.375, 0.5, 3.75673, 0], "texture": "#0"},
				"west": {"uv": [3.625, 0.125, 3.75, 0], "texture": "#0"},
				"up": {"uv": [4.75, 1.75, 7.13173, 1.25], "texture": "#0"},
				"down": {"uv": [4, 0.5, 6.38173, 0], "texture": "#0"}
			}
		},
		{
			"name": "octagon",
			"from": [17.49, -0.77346, 6.99],
			"to": [19.51, 8.77346, 9.01],
			"rotation": {"angle": 0, "axis": "y", "origin": [8, 4, 8]},
			"faces": {
				"north": {"uv": [1.375, 0.5, 3.75673, 0], "rotation": 90, "texture": "#0"},
				"east": {"uv": [4, 0.5, 6.38173, 0], "rotation": 270, "texture": "#0"},
				"south": {"uv": [1.375, 0.5, 3.75673, 0], "rotation": 270, "texture": "#0"},
				"west": {"uv": [4.75, 1.75, 7.13173, 1.25], "rotation": 270, "texture": "#0"},
				"up": {"uv": [3.625, 0.125, 3.75, 0], "rotation": 270, "texture": "#0"},
				"down": {"uv": [3.625, 0.125, 3.75, 0], "rotation": 270, "texture": "#0"}
			}
		},
		{
			"name": "octagon",
			"from": [-3.51, -0.77346, 6.99],
			"to": [-1.49, 8.77346, 9.01],
			"rotation": {"angle": 0, "axis": "y", "origin": [8, 4, 8]},
			"faces": {
				"north": {"uv": [1.375, 0, 3.75673, 0.5], "rotation": 90, "texture": "#0"},
				"east": {"uv": [4.75, 1.25, 7.13173, 1.75], "rotation": 270, "texture": "#0"},
				"south": {"uv": [1.375, 0, 3.75673, 0.5], "rotation": 270, "texture": "#0"},
				"west": {"uv": [4, 0, 6.38173, 0.5], "rotation": 270, "texture": "#0"},
				"up": {"uv": [3.625, 0, 3.75, 0.125], "rotation": 270, "texture": "#0"},
				"down": {"uv": [3.625, 0, 3.75, 0.125], "rotation": 270, "texture": "#0"}
			}
		},
		{
			"name": "octagon",
			"from": [5.25, 12.5, 6.5],
			"to": [10.75, 16, 9.5],
			"rotation": {"angle": 0, "axis": "y", "origin": [8.01346, 4, 7.75]},
			"faces": {
				"north": {"uv": [0, 0, 1.375, 0.875], "texture": "#0"},
				"east": {"uv": [5.125, 2, 4.375, 2.875], "texture": "#0"},
				"south": {"uv": [0, 0, 1.375, 0.875], "texture": "#0"},
				"west": {"uv": [4.375, 2, 5.125, 2.875], "texture": "#0"},
				"up": {"uv": [1.375, 2.125, 2.75, 2.875], "texture": "#0"},
				"down": {"uv": [2.875, 2.125, 4.25, 2.875], "texture": "#0"}
			}
		},
		{
			"name": "octagon",
			"from": [5.25, -8, 6.5],
			"to": [10.75, -4.5, 9.5],
			"rotation": {"angle": 0, "axis": "y", "origin": [8.01346, 4, 8.25]},
			"faces": {
				"north": {"uv": [1.375, 0.875, 0, 0], "texture": "#0"},
				"east": {"uv": [4.375, 2.875, 5.125, 2], "texture": "#0"},
				"south": {"uv": [1.375, 0.875, 0, 0], "texture": "#0"},
				"west": {"uv": [5.125, 2.875, 4.375, 2], "texture": "#0"},
				"up": {"uv": [2.875, 2.125, 4.25, 2.875], "texture": "#0"},
				"down": {"uv": [1.375, 2.125, 2.75, 2.875], "texture": "#0"}
			}
		},
		{
			"name": "octagon",
			"from": [16.5, 1.25, 6.5],
			"to": [20, 6.75, 9.5],
			"rotation": {"angle": 0, "axis": "z", "origin": [8, 4, 8]},
			"faces": {
				"north": {"uv": [1.375, 0.875, 0, 0], "rotation": 90, "texture": "#0"},
				"east": {"uv": [1.375, 2.125, 2.75, 2.875], "rotation": 270, "texture": "#0"},
				"south": {"uv": [1.375, 0.875, 0, 0], "rotation": 270, "texture": "#0"},
				"west": {"uv": [2.875, 2.125, 4.25, 2.875], "rotation": 270, "texture": "#0"},
				"up": {"uv": [4.375, 2.875, 5.125, 2], "rotation": 270, "texture": "#0"},
				"down": {"uv": [5.125, 2.875, 4.375, 2], "rotation": 270, "texture": "#0"}
			}
		},
		{
			"name": "octagon",
			"from": [-4, 1.25, 6.5],
			"to": [-0.5, 6.75, 9.5],
			"rotation": {"angle": 0, "axis": "z", "origin": [8, 4, 8]},
			"faces": {
				"north": {"uv": [0, 0, 1.375, 0.875], "rotation": 90, "texture": "#0"},
				"east": {"uv": [2.875, 2.125, 4.25, 2.875], "rotation": 270, "texture": "#0"},
				"south": {"uv": [0, 0, 1.375, 0.875], "rotation": 270, "texture": "#0"},
				"west": {"uv": [1.375, 2.125, 2.75, 2.875], "rotation": 270, "texture": "#0"},
				"up": {"uv": [5.125, 2, 4.375, 2.875], "rotation": 270, "texture": "#0"},
				"down": {"uv": [4.375, 2, 5.125, 2.875], "rotation": 270, "texture": "#0"}
			}
		},
		{
			"name": "octagon",
			"from": [17.5, -0.76346, 7],
			"to": [19.5, 8.76346, 9],
			"rotation": {"angle": 45, "axis": "z", "origin": [8, 4, 7.75]},
			"faces": {
				"north": {"uv": [1.375, 0.625, 3.75673, 1.125], "rotation": 90, "texture": "#0"},
				"east": {"uv": [4, 0.625, 6.38173, 1.125], "rotation": 90, "texture": "#0"},
				"south": {"uv": [1.375, 1.125, 3.75673, 0.625], "rotation": 90, "texture": "#0"},
				"west": {"uv": [2.125, 1.25, 4.50673, 1.75], "rotation": 90, "texture": "#0"},
				"up": {"uv": [3.625, 0, 3.75, 0.125], "texture": "#0"},
				"down": {"uv": [3.625, 0, 3.75, 0.125], "texture": "#0"}
			}
		},
		{
			"name": "octagon",
			"from": [-3.5, -0.76346, 7],
			"to": [-1.5, 8.76346, 9],
			"rotation": {"angle": -45, "axis": "z", "origin": [8, 4, 7.75]},
			"faces": {
				"north": {"uv": [1.375, 1.125, 3.75673, 0.625], "rotation": 90, "texture": "#0"},
				"east": {"uv": [2.125, 1.75, 4.50673, 1.25], "rotation": 90, "texture": "#0"},
				"south": {"uv": [1.375, 0.625, 3.75673, 1.125], "rotation": 90, "texture": "#0"},
				"west": {"uv": [4, 1.125, 6.38173, 0.625], "rotation": 90, "texture": "#0"},
				"up": {"uv": [3.75, 0, 3.625, 0.125], "texture": "#0"},
				"down": {"uv": [3.75, 0, 3.625, 0.125], "texture": "#0"}
			}
		},
		{
			"name": "octagon",
			"from": [-3.5, -0.76346, 7],
			"to": [-1.5, 8.76346, 9],
			"rotation": {"angle": 45, "axis": "z", "origin": [8, 4, 7.75]},
			"faces": {
				"north": {"uv": [3.75673, 1.125, 1.375, 0.625], "rotation": 90, "texture": "#0"},
				"east": {"uv": [4.50673, 1.75, 2.125, 1.25], "rotation": 90, "texture": "#0"},
				"south": {"uv": [3.75673, 0.625, 1.375, 1.125], "rotation": 90, "texture": "#0"},
				"west": {"uv": [6.38173, 1.125, 4, 0.625], "rotation": 90, "texture": "#0"},
				"up": {"uv": [3.75, 0.125, 3.625, 0], "texture": "#0"},
				"down": {"uv": [3.75, 0.125, 3.625, 0], "texture": "#0"}
			}
		},
		{
			"name": "octagon",
			"from": [17.5, -0.76346, 7],
			"to": [19.5, 8.76346, 9],
			"rotation": {"angle": -45, "axis": "z", "origin": [8, 4, 7.75]},
			"faces": {
				"north": {"uv": [3.75673, 0.625, 1.375, 1.125], "rotation": 90, "texture": "#0"},
				"east": {"uv": [6.38173, 0.625, 4, 1.125], "rotation": 90, "texture": "#0"},
				"south": {"uv": [3.75673, 1.125, 1.375, 0.625], "rotation": 90, "texture": "#0"},
				"west": {"uv": [4.50673, 1.25, 2.125, 1.75], "rotation": 90, "texture": "#0"},
				"up": {"uv": [3.625, 0.125, 3.75, 0], "texture": "#0"},
				"down": {"uv": [3.625, 0.125, 3.75, 0], "texture": "#0"}
			}
		},
		{
			"name": "octagon",
			"from": [17, 1.73654, 6.5],
			"to": [20, 6.26346, 9.5],
			"rotation": {"angle": 45, "axis": "z", "origin": [8, 4, 7.75]},
			"faces": {
				"north": {"uv": [0, 1, 1.13173, 1.75], "rotation": 90, "texture": "#0"},
				"east": {"uv": [0, 2.5, 1.13173, 1.75], "rotation": 90, "texture": "#0"},
				"south": {"uv": [1.13173, 1.75, 0, 1], "rotation": 90, "texture": "#0"},
				"west": {"uv": [0, 3.25, 1.13173, 2.5], "rotation": 90, "texture": "#0"},
				"up": {"uv": [1.25, 1.25, 2, 2], "rotation": 90, "texture": "#0"},
				"down": {"uv": [1.25, 1.25, 2, 2], "rotation": 90, "texture": "#0"}
			}
		},
		{
			"name": "octagon",
			"from": [-4, 1.73654, 6.5],
			"to": [-1, 6.26346, 9.5],
			"rotation": {"angle": -45, "axis": "z", "origin": [8, 4, 7.75]},
			"faces": {
				"north": {"uv": [0, 1.75, 1.13173, 1], "rotation": 90, "texture": "#0"},
				"east": {"uv": [0, 2.5, 1.13173, 3.25], "rotation": 90, "texture": "#0"},
				"south": {"uv": [1.13173, 1, 0, 1.75], "rotation": 90, "texture": "#0"},
				"west": {"uv": [0, 1.75, 1.13173, 2.5], "rotation": 90, "texture": "#0"},
				"up": {"uv": [1.25, 2, 2, 1.25], "rotation": 90, "texture": "#0"},
				"down": {"uv": [1.25, 2, 2, 1.25], "rotation": 90, "texture": "#0"}
			}
		},
		{
			"name": "octagon",
			"from": [-4, 1.73654, 6.5],
			"to": [-1, 6.26346, 9.5],
			"rotation": {"angle": 45, "axis": "z", "origin": [8, 4, 7.75]},
			"faces": {
				"north": {"uv": [1.13173, 1.75, 0, 1], "rotation": 90, "texture": "#0"},
				"east": {"uv": [1.13173, 2.5, 0, 3.25], "rotation": 90, "texture": "#0"},
				"south": {"uv": [0, 1, 1.13173, 1.75], "rotation": 90, "texture": "#0"},
				"west": {"uv": [1.13173, 1.75, 0, 2.5], "rotation": 90, "texture": "#0"},
				"up": {"uv": [2, 2, 1.25, 1.25], "rotation": 90, "texture": "#0"},
				"down": {"uv": [2, 2, 1.25, 1.25], "rotation": 90, "texture": "#0"}
			}
		},
		{
			"name": "octagon",
			"from": [17, 1.73654, 6.5],
			"to": [20, 6.26346, 9.5],
			"rotation": {"angle": -45, "axis": "z", "origin": [8, 4, 7.75]},
			"faces": {
				"north": {"uv": [1.13173, 1, 0, 1.75], "rotation": 90, "texture": "#0"},
				"east": {"uv": [1.13173, 2.5, 0, 1.75], "rotation": 90, "texture": "#0"},
				"south": {"uv": [0, 1.75, 1.13173, 1], "rotation": 90, "texture": "#0"},
				"west": {"uv": [1.13173, 3.25, 0, 2.5], "rotation": 90, "texture": "#0"},
				"up": {"uv": [2, 1.25, 1.25, 2], "rotation": 90, "texture": "#0"},
				"down": {"uv": [2, 1.25, 1.25, 2], "rotation": 90, "texture": "#0"}
			}
		},
		{
			"from": [-4, -8, 8],
			"to": [20, 16, 8],
			"rotation": {"angle": 0, "axis": "z", "origin": [8, 4, 8]},
			"faces": {
				"north": {"uv": [2, 2, 14, 14], "texture": "#1"},
				"east": {"uv": [0, 0, 0.125, 0.125], "texture": "#missing"},
				"south": {"uv": [14, 2, 2, 14], "texture": "#1"},
				"west": {"uv": [0, 0, 0.125, 0.125], "texture": "#missing"},
				"up": {"uv": [0, 0, 0.125, 0.125], "texture": "#missing"},
				"down": {"uv": [0, 0, 0.125, 0.125], "texture": "#missing"}
			}
		}
	],
	"display": {
		"thirdperson_righthand": {
			"rotation": [63, 34, 0],
			"translation": [0, 1, -1],
			"scale": [0.37891, 0.37891, 0.37891]
		},
		"thirdperson_lefthand": {
			"rotation": [63, 34, 0],
			"translation": [0, 1, -1],
			"scale": [0.37891, 0.37891, 0.37891]
		},
		"firstperson_righthand": {
			"rotation": [3, 112, -13],
			"translation": [9.5, 0, -5.75],
			"scale": [0.35547, 0.35547, 0.35547]
		},
		"firstperson_lefthand": {
			"rotation": [3, 112, -13],
			"translation": [9.5, 0, -5.75],
			"scale": [0.35547, 0.35547, 0.35547]
		},
		"ground": {
			"translation": [0, 4.25, 0],
			"scale": [0.28906, 0.28906, 0.28906]
		},
		"gui": {
			"rotation": [30, -158, 0],
			"translation": [-0.25, 1.75, 0],
			"scale": [0.56992, 0.56992, 0.56992]
		},
		"head": {
			"translation": [0, -30.5, 0],
			"scale": [3.2, 3.2, 3.2]
		},
		"fixed": {
			"translation": [0, -3.25, -7.5]
		}
	},
	"groups": [
		{
			"name": "octagon",
			"origin": [0, 0, -0.5],
			"color": 0,
			"nbt": "{}",
			"armAnimationEnabled": false,
			"children": [0, 1, 2, 3, 4, 5, 6, 7, 8, 9, 10, 11, 12, 13, 14, 15]
		},
		16
	]
}