{
	"credit": "Made with Blockbench",
	"textures": {
		"0": "block/qkt_sign",
		"1": "block/wool/black",
		"particle": "block/qkt_sign"
	},
	"elements": [
		{
			"from": [-16, -16, 0],
			"to": [32, 32, 16],
			"faces": {
				"north": {"uv": [0, 0, 16, 16], "texture": "#0"},
				"east": {"uv": [0, 0, 0, 16], "texture": "#missing"},
				"south": {"uv": [0, 0, 16, 16], "texture": "#0"},
				"west": {"uv": [0, 0, 0, 16], "texture": "#missing"},
				"up": {"uv": [0, 0, 16, 16], "texture": "#1"},
				"down": {"uv": [0, 0, 16, 16], "texture": "#1"}
			}
		}
	]
}