{
	"credit": "Made with Blockbench",
	"textures": {
		"0": "fun/fries",
		"particle": "fun/fries"
	},
	"elements": [
		{
			"from": [6.5, 0, 4.5],
			"to": [9.5, 5, 11.5],
			"faces": {
				"north": {"uv": [7, 0, 10, 5], "texture": "#0"},
				"east": {"uv": [0, 0, 7, 5], "texture": "#0"},
				"south": {"uv": [7, 0, 10, 5], "texture": "#0"},
				"west": {"uv": [0, 0, 7, 5], "texture": "#0"},
				"up": {"uv": [13, 0, 16, 7], "texture": "#0"},
				"down": {"uv": [13, 0, 16, 7], "texture": "#0"}
			}
		},
		{
			"from": [7.25, 5, 5.5],
			"to": [8.25, 8, 6.5],
			"faces": {
				"north": {"uv": [0, 7, 1, 10], "texture": "#0"},
				"east": {"uv": [0, 7, 1, 10], "texture": "#0"},
				"south": {"uv": [0, 7, 1, 10], "texture": "#0"},
				"west": {"uv": [0, 7, 1, 10], "texture": "#0"},
				"up": {"uv": [0, 7, 1, 8], "texture": "#0"},
				"down": {"uv": [0, 7, 1, 10], "texture": "#0"}
			}
		},
		{
			"from": [7.75, 5, 6.5],
			"to": [8.75, 9, 7.5],
			"faces": {
				"north": {"uv": [1, 6, 2, 10], "texture": "#0"},
				"east": {"uv": [1, 6, 2, 10], "texture": "#0"},
				"south": {"uv": [1, 6, 2, 10], "texture": "#0"},
				"west": {"uv": [1, 6, 2, 10], "texture": "#0"},
				"up": {"uv": [1, 6, 2, 7], "texture": "#0"},
				"down": {"uv": [1, 6, 2, 10], "texture": "#0"}
			}
		},
		{
			"from": [7.25, 5, 7.5],
			"to": [8.25, 10, 8.5],
			"faces": {
				"north": {"uv": [2, 5, 3, 10], "texture": "#0"},
				"east": {"uv": [2, 5, 3, 10], "texture": "#0"},
				"south": {"uv": [2, 5, 3, 10], "texture": "#0"},
				"west": {"uv": [2, 5, 3, 10], "texture": "#0"},
				"up": {"uv": [2, 5, 3, 6], "texture": "#0"},
				"down": {"uv": [2, 5, 3, 10], "texture": "#0"}
			}
		},
		{
			"from": [7.75, 5, 8.5],
			"to": [8.75, 8, 9.5],
			"faces": {
				"north": {"uv": [3, 7, 4, 10], "texture": "#0"},
				"east": {"uv": [3, 7, 4, 10], "texture": "#0"},
				"south": {"uv": [3, 7, 4, 10], "texture": "#0"},
				"west": {"uv": [3, 7, 4, 10], "texture": "#0"},
				"up": {"uv": [3, 7, 4, 8], "texture": "#0"},
				"down": {"uv": [3, 7, 4, 10], "texture": "#0"}
			}
		},
		{
			"from": [7.25, 5, 9.5],
			"to": [8.25, 9, 10.5],
			"faces": {
				"north": {"uv": [4, 6, 5, 10], "texture": "#0"},
				"east": {"uv": [4, 6, 5, 10], "texture": "#0"},
				"south": {"uv": [4, 6, 5, 10], "texture": "#0"},
				"west": {"uv": [4, 6, 5, 10], "texture": "#0"},
				"up": {"uv": [4, 6, 5, 7], "texture": "#0"},
				"down": {"uv": [4, 6, 5, 10], "texture": "#0"}
			}
		}
	],
	"display": {
		"thirdperson_righthand": {
			"rotation": [55, 89, 0],
			"translation": [0, 3, 2.5],
			"scale": [0.75, 0.75, 0.75]
		},
		"thirdperson_lefthand": {
			"rotation": [55, 89, 0],
			"translation": [0, 3, 2.5],
			"scale": [0.75, 0.75, 0.75]
		},
		"firstperson_righthand": {
			"rotation": [0, 87, 0],
			"translation": [1.25, 8.25, 0]
		},
		"firstperson_lefthand": {
			"rotation": [0, 87, 0],
			"translation": [1.25, 8.25, 0]
		},
		"ground": {
			"translation": [0, 4.25, 0]
		},
		"gui": {
			"rotation": [14, 79, 0],
			"translation": [0, 4.25, 0],
			"scale": [1.3, 1.3, 1.3]
		},
		"fixed": {
			"rotation": [0, -90, 0],
			"translation": [0, 3.5, -0.25],
			"scale": [0.31, 1, 1]
		}
	}
}