{
	"credit": "Made with Blockbench",
	"textures": {
		"0": "sands_of_time/debug/door",
		"1": "sands_of_time/debug/door_arrow",
		"particle": "sands_of_time/debug/door"
	},
	"elements": [
		{
			"from": [0, 0, 0],
			"to": [16, 2, 2],
			"rotation": {"angle": 0, "axis": "y", "origin": [-3, 0, 0]},
			"faces": {
				"north": {"uv": [0, 0, 16, 2], "texture": "#1"},
				"east": {"uv": [0, 0, 2, 2], "texture": "#1"},
				"south": {"uv": [0, 0, 16, 2], "texture": "#1"},
				"west": {"uv": [0, 0, 2, 2], "texture": "#1"},
				"up": {"uv": [0, 0, 16, 2], "texture": "#1"},
				"down": {"uv": [0, 0, 16, 2], "texture": "#1"}
			}
		},
		{
			"from": [1, 0, 2],
			"to": [15, 2, 4],
			"rotation": {"angle": 0, "axis": "y", "origin": [-3, 0, 2]},
			"faces": {
				"north": {"uv": [0, 0, 14, 2], "texture": "#1"},
				"east": {"uv": [0, 0, 2, 2], "texture": "#1"},
				"south": {"uv": [0, 0, 14, 2], "texture": "#1"},
				"west": {"uv": [0, 0, 2, 2], "texture": "#1"},
				"up": {"uv": [0, 0, 14, 2], "texture": "#1"},
				"down": {"uv": [0, 0, 14, 2], "texture": "#1"}
			}
		},
		{
			"from": [2, 0, 4],
			"to": [14, 2, 6],
			"rotation": {"angle": 0, "axis": "y", "origin": [-3, 0, 4]},
			"faces": {
				"north": {"uv": [0, 0, 12, 2], "texture": "#1"},
				"east": {"uv": [0, 0, 2, 2], "texture": "#1"},
				"south": {"uv": [0, 0, 12, 2], "texture": "#1"},
				"west": {"uv": [0, 0, 2, 2], "texture": "#1"},
				"up": {"uv": [0, 0, 12, 2], "texture": "#1"},
				"down": {"uv": [0, 0, 12, 2], "texture": "#1"}
			}
		},
		{
			"from": [3, 0, 6],
			"to": [13, 2, 8],
			"rotation": {"angle": 0, "axis": "y", "origin": [-3, 0, 6]},
			"faces": {
				"north": {"uv": [0, 0, 10, 2], "texture": "#1"},
				"east": {"uv": [0, 0, 2, 2], "texture": "#1"},
				"south": {"uv": [0, 0, 10, 2], "texture": "#1"},
				"west": {"uv": [0, 0, 2, 2], "texture": "#1"},
				"up": {"uv": [0, 0, 10, 2], "texture": "#1"},
				"down": {"uv": [0, 0, 10, 2], "texture": "#1"}
			}
		},
		{
			"from": [4, 0, 8],
			"to": [12, 2, 10],
			"rotation": {"angle": 0, "axis": "y", "origin": [-3, 0, 8]},
			"faces": {
				"north": {"uv": [0, 0, 8, 2], "texture": "#1"},
				"east": {"uv": [0, 0, 2, 2], "texture": "#1"},
				"south": {"uv": [0, 0, 8, 2], "texture": "#1"},
				"west": {"uv": [0, 0, 2, 2], "texture": "#1"},
				"up": {"uv": [0, 0, 8, 2], "texture": "#1"},
				"down": {"uv": [0, 0, 8, 2], "texture": "#1"}
			}
		},
		{
			"from": [5, 0, 10],
			"to": [11, 2, 12],
			"rotation": {"angle": 0, "axis": "y", "origin": [-3, 0, 10]},
			"faces": {
				"north": {"uv": [0, 0, 6, 2], "texture": "#1"},
				"east": {"uv": [0, 0, 2, 2], "texture": "#1"},
				"south": {"uv": [0, 0, 6, 2], "texture": "#1"},
				"west": {"uv": [0, 0, 2, 2], "texture": "#1"},
				"up": {"uv": [0, 0, 6, 2], "texture": "#1"},
				"down": {"uv": [0, 0, 6, 2], "texture": "#1"}
			}
		},
		{
			"from": [6, 0, 12],
			"to": [10, 2, 14],
			"rotation": {"angle": 0, "axis": "y", "origin": [-3, 0, 12]},
			"faces": {
				"north": {"uv": [0, 0, 4, 2], "texture": "#1"},
				"east": {"uv": [0, 0, 2, 2], "texture": "#1"},
				"south": {"uv": [0, 0, 4, 2], "texture": "#1"},
				"west": {"uv": [0, 0, 2, 2], "texture": "#1"},
				"up": {"uv": [0, 0, 4, 2], "texture": "#1"},
				"down": {"uv": [0, 0, 4, 2], "texture": "#1"}
			}
		},
		{
			"from": [7, 0, 14],
			"to": [9, 2, 16],
			"rotation": {"angle": 0, "axis": "y", "origin": [-3, 0, 14]},
			"faces": {
				"north": {"uv": [0, 0, 2, 2], "texture": "#1"},
				"east": {"uv": [0, 0, 2, 2], "texture": "#1"},
				"south": {"uv": [0, 0, 2, 2], "texture": "#1"},
				"west": {"uv": [0, 0, 2, 2], "texture": "#1"},
				"up": {"uv": [0, 0, 2, 2], "texture": "#1"},
				"down": {"uv": [0, 0, 2, 2], "texture": "#1"}
			}
		},
		{
			"from": [-16, 0, 0],
			"to": [-15, 16, 16],
			"rotation": {"angle": 0, "axis": "y", "origin": [-16, 0, 0]},
			"faces": {
				"north": {"uv": [0, 0, 0, 16], "texture": "#0"},
				"east": {"uv": [0, 0, 16, 16], "texture": "#0"},
				"south": {"uv": [0, 0, 1, 16], "texture": "#0"},
				"west": {"uv": [0, 0, 16, 16], "texture": "#0"},
				"up": {"uv": [0, 0, 1, 16], "texture": "#0"},
				"down": {"uv": [0, 0, 1, 16], "texture": "#0"}
			}
		},
		{
			"from": [31, 0, 0],
			"to": [32, 16, 16],
			"rotation": {"angle": 0, "axis": "y", "origin": [32, 0, 0]},
			"faces": {
				"north": {"uv": [0, 0, 1, 16], "texture": "#0"},
				"east": {"uv": [0, 0, 16, 16], "texture": "#0"},
				"south": {"uv": [0, 0, 1, 16], "texture": "#0"},
				"west": {"uv": [0, 0, 16, 16], "texture": "#0"},
				"up": {"uv": [0, 0, 1, 16], "texture": "#0"},
				"down": {"uv": [0, 0, 1, 16], "texture": "#0"}
			}
		}
	]
}