{
	"credit": "Made with Blockbench",
	"textures": {
		"0": "sands_of_time/coin",
		"particle": "sands_of_time/coin"
	},
	"elements": [
		{
			"from": [6.5203, 0, 5.6704],
			"to": [10.5203, 1, 9.6704],
			"rotation": {"angle": 22.5, "axis": "y", "origin": [8.5203, 0.5, 7.6704]},
			"faces": {
				"north": {"uv": [0, 4, 4, 5], "texture": "#0"},
				"east": {"uv": [0, 4, 4, 5], "texture": "#0"},
				"south": {"uv": [0, 4, 4, 5], "texture": "#0"},
				"west": {"uv": [0, 4, 4, 5], "texture": "#0"},
				"up": {"uv": [0, 0, 4, 4], "texture": "#0"},
				"down": {"uv": [0, 0, 4, 4], "texture": "#0"}
			}
		}
	],
	"display": {
		"head": {
			"translation": [0, -35.2, 0]
		}
	}
}