{
	"credit": "Made with Blockbench",
	"textures": {
		"0": "dome/outer",
		"1": "dome/checkers/gray",
		"2": "font/games/unknown",
		"particle": "dome/outer"
	},
	"elements": [
		{
			"name": "bottom_box",
			"from": [-1, 0, -1],
			"to": [17, 1.5, 17],
			"rotation": {"angle": 0, "axis": "y", "origin": [0, 1.5, 0]},
			"faces": {
				"north": {"uv": [0, 9, 9, 9.75], "texture": "#0"},
				"east": {"uv": [0, 9, 9, 9.75], "texture": "#0"},
				"south": {"uv": [0, 9, 9, 9.75], "texture": "#0"},
				"west": {"uv": [0, 9, 9, 9.75], "texture": "#0"},
				"up": {"uv": [9, 1, 10, 2], "texture": "#0"},
				"down": {"uv": [0, 0, 9, 9], "texture": "#0"}
			}
		},
		{
			"from": [1.25, 2.75, -0.5],
			"to": [3.25, 4.75, -0.5],
			"rotation": {"angle": 45, "axis": "z", "origin": [8, 9.5, 8]},
			"faces": {
				"north": {"uv": [9, 0, 10, 1], "texture": "#0"},
				"east": {"uv": [0, 0, 0, 2], "texture": "#missing"},
				"west": {"uv": [0, 0, 0, 2], "texture": "#missing"},
				"up": {"uv": [0, 0, 2, 0], "texture": "#missing"},
				"down": {"uv": [0, 0, 2, 0], "texture": "#missing"}
			}
		},
		{
			"from": [1.25, 2.75, 16.5],
			"to": [3.25, 4.75, 16.5],
			"rotation": {"angle": 45, "axis": "z", "origin": [8, 9.5, 8]},
			"faces": {
				"east": {"uv": [0, 0, 0, 2], "texture": "#missing"},
				"south": {"uv": [9, 0, 10, 1], "rotation": 90, "texture": "#0"},
				"west": {"uv": [0, 0, 0, 2], "texture": "#missing"},
				"up": {"uv": [0, 0, 2, 0], "texture": "#missing"},
				"down": {"uv": [0, 0, 2, 0], "texture": "#missing"}
			}
		},
		{
			"from": [-0.5, 2.75, 1.25],
			"to": [-0.5, 4.75, 3.25],
			"rotation": {"angle": -45, "axis": "x", "origin": [8, 9.5, 8]},
			"faces": {
				"north": {"uv": [9, 0, 10, 1], "texture": "#0"},
				"south": {"uv": [0, 0, 2, 2], "texture": "#missing"},
				"west": {"uv": [9, 0, 10, 1], "rotation": 90, "texture": "#0"},
				"up": {"uv": [0, 0, 2, 0], "texture": "#missing"},
				"down": {"uv": [0, 0, 2, 0], "texture": "#missing"}
			}
		},
		{
			"from": [16.5, 2.75, 1.25],
			"to": [16.5, 4.75, 3.25],
			"rotation": {"angle": -45, "axis": "x", "origin": [8, 9.5, 8]},
			"faces": {
				"north": {"uv": [9, 0, 10, 1], "texture": "#0"},
				"east": {"uv": [9, 0, 10, 1], "texture": "#0"},
				"south": {"uv": [0, 0, 2, 2], "texture": "#missing"},
				"up": {"uv": [0, 0, 2, 0], "texture": "#missing"},
				"down": {"uv": [0, 0, 2, 0], "texture": "#missing"}
			}
		},
		{
			"name": "top_box",
			"from": [-1, 14.5, -1],
			"to": [17, 16, 17],
			"rotation": {"angle": 0, "axis": "y", "origin": [0, -1.5, 0]},
			"faces": {
				"north": {"uv": [0, 9.75, 9, 9], "texture": "#0"},
				"east": {"uv": [0, 9.75, 9, 9], "texture": "#0"},
				"south": {"uv": [0, 9.75, 9, 9], "texture": "#0"},
				"west": {"uv": [0, 9.75, 9, 9], "texture": "#0"},
				"up": {"uv": [0, 0, 9, 9], "texture": "#0"},
				"down": {"uv": [9, 1, 10, 2], "texture": "#0"}
			}
		},
		{
			"from": [12.75, 16, -0.5],
			"to": [14.75, 18, -0.5],
			"rotation": {"angle": -45, "axis": "z", "origin": [8, 22.75, 8]},
			"faces": {
				"north": {"uv": [10, 1, 9, 0], "rotation": 90, "texture": "#0"},
				"east": {"uv": [0, 0, 2, 0], "rotation": 270, "texture": "#missing"},
				"west": {"uv": [0, 0, 2, 0], "rotation": 270, "texture": "#missing"},
				"up": {"uv": [0, 0, 0, 2], "rotation": 270, "texture": "#missing"},
				"down": {"uv": [0, 0, 0, 2], "rotation": 270, "texture": "#missing"}
			}
		},
		{
			"from": [1.25, 16, 16.5],
			"to": [3.25, 18, 16.5],
			"rotation": {"angle": 45, "axis": "z", "origin": [8, 22.75, 8]},
			"faces": {
				"east": {"uv": [0, 0, 0, 2], "texture": "#missing"},
				"south": {"uv": [10, 1, 9, 0], "rotation": 90, "texture": "#0"},
				"west": {"uv": [0, 0, 0, 2], "texture": "#missing"},
				"up": {"uv": [0, 0, 2, 0], "texture": "#missing"},
				"down": {"uv": [0, 0, 2, 0], "texture": "#missing"}
			}
		},
		{
			"from": [-0.5, 16, 1.25],
			"to": [-0.5, 18, 3.25],
			"rotation": {"angle": -45, "axis": "x", "origin": [8, 22.75, 8]},
			"faces": {
				"north": {"uv": [9, 0, 10, 1], "texture": "#0"},
				"south": {"uv": [0, 0, 2, 2], "texture": "#missing"},
				"west": {"uv": [10, 1, 9, 0], "rotation": 90, "texture": "#0"},
				"up": {"uv": [0, 0, 2, 0], "texture": "#missing"},
				"down": {"uv": [0, 0, 2, 0], "texture": "#missing"}
			}
		},
		{
			"from": [16.5, 16, 1.25],
			"to": [16.5, 18, 3.25],
			"rotation": {"angle": -45, "axis": "x", "origin": [8, 22.75, 8]},
			"faces": {
				"north": {"uv": [9, 0, 10, 1], "texture": "#0"},
				"east": {"uv": [10, 1, 9, 0], "texture": "#0"},
				"south": {"uv": [0, 0, 2, 2], "texture": "#missing"},
				"up": {"uv": [0, 0, 2, 0], "texture": "#missing"},
				"down": {"uv": [0, 0, 2, 0], "texture": "#missing"}
			}
		},
		{
			"name": "checker",
			"from": [0, 0, 0],
			"to": [16, 16, 16],
			"faces": {
				"north": {"uv": [0, 0, 16, 16], "texture": "#1"},
				"east": {"uv": [0, 0, 16, 16], "texture": "#1"},
				"south": {"uv": [0, 0, 16, 16], "texture": "#1"},
				"west": {"uv": [0, 0, 16, 16], "texture": "#1"}
			}
		}
	],
	"groups": [
		{
			"name": "group",
			"origin": [0, 0, 0],
			"color": 0,
			"children": [
				{
					"name": "group",
					"origin": [0, 0, 0],
					"color": 0,
					"children": []
				},
				{
					"name": "group",
					"origin": [8, 8, 8],
					"color": 0,
					"children": [0, 1, 2, 3, 4]
				},
				{
					"name": "group",
					"origin": [8, 8, 8],
					"color": 0,
					"children": [5, 6, 7, 8, 9]
				}
			]
		},
		10,
		11,
		12,
		13,
		14
	],
	"display": {
		"head": {
			"rotation": [0, 0, 0],
			"translation": [0, -17.6, 0],
			"scale": [3.2, 3.2, 3.2]
		}
	}
}