{
	"parent": "item/generated",
	"textures": {
		"layer0": "item/popped_chorus_fruit"
	},
 
	"overrides": [
		{"predicate": {"custom_model_data":3}, "model": "rocket_spleef/updraft"},
		{"predicate": {"custom_model_data":13}, "model": "game_icons/decision_dome"},
		{"predicate": {"custom_model_data":14}, "model": "game_icons/unknown"},
		{"predicate": {"custom_model_data":15}, "model": "game_icons/dodgebolt"},
		{"predicate": {"custom_model_data":16}, "model": "game_icons/ace_race"},
		{"predicate": {"custom_model_data":19}, "model": "game_icons/rocket_spleef"},
		{"predicate": {"custom_model_data":22}, "model": "game_icons/hole_in_the_wall"},
		{"predicate": {"custom_model_data":23}, "model": "game_icons/parkour_warrior"},
		{"predicate": {"custom_model_data":24}, "model": "game_icons/battle_box"},
		{"predicate": {"custom_model_data":25}, "model": "game_icons/parkour_tag"},
		{"predicate": {"custom_model_data":36}, "model": "training/dojo_board"},
		{"predicate": {"custom_model_data":37}, "model": "training/map_board"},
		{"predicate": {"custom_model_data":10000}, "model": "training/leave"},
		{"predicate": {"custom_model_data":10001}, "model": "training/restart"},
		{"predicate": {"custom_model_data":10002}, "model": "training/set_mode_practice"},
		{"predicate": {"custom_model_data":10003}, "model": "training/set_mode_speedrun"},
		{"predicate": {"custom_model_data":10004}, "model": "training/previous"},
		{"predicate": {"custom_model_data":10005}, "model": "training/next"},
		{"predicate": {"custom_model_data":10006}, "model": "training/map_parkour_warrior"},
		{"predicate": {"custom_model_data":10007}, "model": "training/map_ace_race_classic"},
		{"predicate": {"custom_model_data":10008}, "model": "training/map_ace_race_jungle"},
		{"predicate": {"custom_model_data":10009}, "model": "training/map_ace_race_penguin"},
		{"predicate": {"custom_model_data":10010}, "model": "training/map_battle_box_towers"},
		{"predicate": {"custom_model_data":10011}, "model": "training/map_battle_box_courtyard"},
		{"predicate": {"custom_model_data":10012}, "model": "training/map_battle_box_steampunk"},
		{"predicate": {"custom_model_data":10013}, "model": "training/map_battle_box_reactor"},
		{"predicate": {"custom_model_data":10014}, "model": "training/map_battle_box_laser_tag"},
		{"predicate": {"custom_model_data":10015}, "model": "game_icons/dojo"},
		{"predicate": {"custom_model_data":10016}, "model": "training/not_ready"},
		{"predicate": {"custom_model_data":10017}, "model": "training/ready"},
		{"predicate": {"custom_model_data":10018}, "model": "training/map_battle_box_depot"},
		{"predicate": {"custom_model_data":10019}, "model": "training/map_battle_box_laboratory"},
		{"predicate": {"custom_model_data":10020}, "model": "training/cannot_start_game"},
		{"predicate": {"custom_model_data":10021}, "model": "training/start_game"},
		{"predicate": {"custom_model_data":10022}, "model": "training/navigator"},
		{"predicate": {"custom_model_data":10023}, "model": "training/restart_section"},
		{"predicate": {"custom_model_data":10024}, "model": "training/map_battle_box_pier"},
		{"predicate": {"custom_model_data":10025}, "model": "training/map_parkour_warrior_easy"}
	]
}