{
	"parent": "item/generated",
	"textures": {
		"layer0": "item/popped_chorus_fruit"
	},
 
	"overrides": [
		{"predicate": {"custom_model_data":1}, "model": "rocket_spleef/new_island_arrow"},
		{"predicate": {"custom_model_data":2}, "model": "rocket_spleef/new_island_bar"},
		{"predicate": {"custom_model_data":3}, "model": "rocket_spleef/updraft"},
		{"predicate": {"custom_model_data":4}, "model": "parkour_warrior/medal_outline"},
		{"predicate": {"custom_model_data":5}, "model": "parkour_warrior/medal_stone"},
		{"predicate": {"custom_model_data":6}, "model": "parkour_warrior/medal_bronze"},
		{"predicate": {"custom_model_data":7}, "model": "parkour_warrior/medal_silver"},
		{"predicate": {"custom_model_data":8}, "model": "parkour_warrior/medal_gold"},
		{"predicate": {"custom_model_data":9}, "model": "parkour_warrior/frog_outline"},
		{"predicate": {"custom_model_data":10}, "model": "parkour_warrior/frog_bronze"},
		{"predicate": {"custom_model_data":11}, "model": "parkour_warrior/frog_silver"},
		{"predicate": {"custom_model_data":12}, "model": "parkour_warrior/frog_gold"},
		{"predicate": {"custom_model_data":13}, "model": "game_icons/decision_dome"},
		{"predicate": {"custom_model_data":14}, "model": "game_icons/unknown"},
		{"predicate": {"custom_model_data":15}, "model": "game_icons/dodgebolt"},
		{"predicate": {"custom_model_data":16}, "model": "game_icons/ace_race"},
		{"predicate": {"custom_model_data":17}, "model": "game_icons/sky_battle"},
		{"predicate": {"custom_model_data":18}, "model": "game_icons/tgttos"},
		{"predicate": {"custom_model_data":19}, "model": "game_icons/rocket_spleef"},
		{"predicate": {"custom_model_data":20}, "model": "game_icons/survival_games"},
		{"predicate": {"custom_model_data":21}, "model": "game_icons/build_mart"},
		{"predicate": {"custom_model_data":22}, "model": "game_icons/hole_in_the_wall"},
		{"predicate": {"custom_model_data":23}, "model": "game_icons/parkour_warrior"},
		{"predicate": {"custom_model_data":24}, "model": "game_icons/battle_box"},
		{"predicate": {"custom_model_data":25}, "model": "game_icons/parkour_tag"},
		{"predicate": {"custom_model_data":26}, "model": "game_icons/sands_of_time"},
		{"predicate": {"custom_model_data":27}, "model": "game_icons/grid_runners"},
		{"predicate": {"custom_model_data":28}, "model": "game_icons/meltdown"},
		{"predicate": {"custom_model_data":29}, "model": "game_icons/bingo_but_fast"},
		{"predicate": {"custom_model_data":30}, "model": "dome/camera_drone"},
		{"predicate": {"custom_model_data":31}, "model": "survival_games/airdrop"},
		{"predicate": {"custom_model_data":32}, "model": "survival_games/grave"},
		{"predicate": {"custom_model_data":33}, "model": "grid_runners/key"},
		{"predicate": {"custom_model_data":34}, "model": "grid_runners/target_red"},
		{"predicate": {"custom_model_data":35}, "model": "grid_runners/target_green"},
		{"predicate": {"custom_model_data":36}, "model": "ace_race/aqua_jet"},
		{"predicate": {"custom_model_data":37}, "model": "item/gold_crown"},
		{"predicate": {"custom_model_data":38}, "model": "ace_race/arrow_field_9b"},
		{"predicate": {"custom_model_data":39}, "model": "parkour_warrior/sign_bonus"},
		{"predicate": {"custom_model_data":40}, "model": "parkour_warrior/sign_easy"},
		{"predicate": {"custom_model_data":41}, "model": "parkour_warrior/sign_medium"},
		{"predicate": {"custom_model_data":42}, "model": "parkour_warrior/sign_hard"},
		{"predicate": {"custom_model_data":43}, "model": "parkour_warrior/sign_qkt"}
	]
}