{
	"credit": "Made with Blockbench",
	"texture_size": [128, 128],
	"textures": {
		"0": "sands_of_time/altars",
		"particle": "sands_of_time/altars"
	},
	"elements": [
		{
			"from": [2, 3, 2],
			"to": [14, 15, 14],
			"rotation": {"angle": 0, "axis": "y", "origin": [0, 3, 0]},
			"faces": {
				"north": {"uv": [12.125, 7.5, 13.5, 9], "texture": "#0"},
				"east": {"uv": [12.125, 7.5, 13.5, 9], "texture": "#0"},
				"south": {"uv": [12.125, 7.5, 13.5, 9], "texture": "#0"},
				"west": {"uv": [12.125, 7.5, 13.5, 9], "texture": "#0"},
				"up": {"uv": [0, 0, 1.5, 1.5], "texture": "#missing"},
				"down": {"uv": [0, 0, 1.5, 1.5], "texture": "#missing"}
			}
		},
		{
			"from": [0, 15, 0],
			"to": [16, 18, 16],
			"rotation": {"angle": 0, "axis": "x", "origin": [8, 16.5, 8]},
			"faces": {
				"north": {"uv": [13.5, 8.625, 15.5, 9], "texture": "#0"},
				"east": {"uv": [13, 9.375, 15, 9.75], "texture": "#0"},
				"south": {"uv": [13.5, 8.625, 15.5, 9], "texture": "#0"},
				"west": {"uv": [13, 9.375, 15, 9.75], "texture": "#0"},
				"up": {"uv": [10, 7.5, 12, 9.5], "texture": "#0"},
				"down": {"uv": [0.25, 2.125, 0.5, 2.25], "texture": "#0"}
			}
		},
		{
			"from": [0, 0, 0],
			"to": [16, 3, 16],
			"rotation": {"angle": 0, "axis": "x", "origin": [8, 16.5, 8]},
			"faces": {
				"north": {"uv": [12, 9, 14, 9.375], "texture": "#0"},
				"east": {"uv": [14, 9, 16, 9.375], "texture": "#0"},
				"south": {"uv": [12, 9, 14, 9.375], "texture": "#0"},
				"west": {"uv": [14, 9, 16, 9.375], "texture": "#0"},
				"up": {"uv": [0, 2.5, 2, 4.5], "texture": "#0"},
				"down": {"uv": [0.25, 2.125, 0.5, 2.25], "texture": "#0"}
			}
		},
		{
			"from": [6.1, 10.1, -3.9],
			"to": [9.9, 17.9, 19.9],
			"rotation": {"angle": 45, "axis": "y", "origin": [8, 16.5, 8]},
			"faces": {
				"north": {"uv": [6.5, 0, 7, 1], "texture": "#0"},
				"east": {"uv": [3.5, 0, 6.5, 1], "texture": "#0"},
				"south": {"uv": [6.5, 0, 7, 1], "texture": "#0"},
				"west": {"uv": [3.5, 0, 6.5, 1], "texture": "#0"},
				"up": {"uv": [3.625, 0, 3.75, 0.125], "texture": "#0"},
				"down": {"uv": [0, 2, 3, 2.5], "rotation": 270, "texture": "#0"}
			}
		},
		{
			"from": [6.1, 10.1, -3.9],
			"to": [9.9, 17.9, 19.9],
			"rotation": {"angle": -45, "axis": "y", "origin": [8, 16.5, 8]},
			"faces": {
				"north": {"uv": [6.5, 0, 7, 1], "texture": "#0"},
				"east": {"uv": [3.5, 0, 6.5, 1], "texture": "#0"},
				"south": {"uv": [6.5, 0, 7, 1], "texture": "#0"},
				"west": {"uv": [3.5, 0, 6.5, 1], "texture": "#0"},
				"up": {"uv": [3.625, 0, 3.75, 0.125], "texture": "#0"},
				"down": {"uv": [0, 2, 3, 2.5], "rotation": 270, "texture": "#0"}
			}
		},
		{
			"from": [3, 18, 3],
			"to": [13, 20, 13],
			"rotation": {"angle": 0, "axis": "x", "origin": [8, 16.5, 8]},
			"faces": {
				"north": {"uv": [2, 3.75, 3.25, 4], "texture": "#0"},
				"east": {"uv": [3.25, 4, 2, 4.25], "texture": "#0"},
				"south": {"uv": [2, 4, 3.25, 4.25], "texture": "#0"},
				"west": {"uv": [2, 4, 3.25, 4.25], "texture": "#0"},
				"up": {"uv": [12, 10, 13.25, 11.25], "texture": "#0"},
				"down": {"uv": [0.25, 2.125, 0.5, 2.25], "texture": "#0"}
			}
		}
	]
}