{
	"credit": "Made with Blockbench",
	"texture_size": [32, 32],
	"textures": {
		"0": "sands_of_time/statue_blaze",
		"1": "sands_of_time/statue_base",
		"particle": "sands_of_time/statue_base"
	},
	"elements": [
		{
			"name": "upperBodyParts3",
			"from": [15.25926, 4.74074, -0.2963],
			"to": [17.33333, 13.03704, 1.77778],
			"rotation": {"angle": 0, "axis": "y", "origin": [16.2963, 8.88889, 0.74074]},
			"faces": {
				"north": {"uv": [0, 12, 1, 16], "texture": "#0"},
				"east": {"uv": [12, 0, 13, 4], "texture": "#0"},
				"south": {"uv": [1, 12, 2, 16], "texture": "#0"},
				"west": {"uv": [2, 12, 3, 16], "texture": "#0"},
				"up": {"uv": [13, 7, 12, 6], "texture": "#0"},
				"down": {"uv": [8, 12, 7, 13], "texture": "#0"}
			}
		},
		{
			"name": "upperBodyParts4",
			"from": [-1.33333, 4.74074, -0.2963],
			"to": [0.74074, 13.03704, 1.77778],
			"rotation": {"angle": 0, "axis": "y", "origin": [-0.2963, 8.88889, 0.74074]},
			"faces": {
				"north": {"uv": [12, 0, 13, 4], "texture": "#0"},
				"east": {"uv": [1, 12, 2, 16], "texture": "#0"},
				"south": {"uv": [2, 12, 3, 16], "texture": "#0"},
				"west": {"uv": [0, 12, 1, 16], "texture": "#0"},
				"up": {"uv": [13, 7, 12, 6], "rotation": 270, "texture": "#0"},
				"down": {"uv": [8, 12, 7, 13], "rotation": 90, "texture": "#0"}
			}
		},
		{
			"name": "upperBodyParts5",
			"from": [3.85185, -6.66667, 3.85185],
			"to": [5.92593, 1.62963, 5.92593],
			"rotation": {"angle": 0, "axis": "y", "origin": [4.88889, -2.51852, 4.88889]},
			"faces": {
				"north": {"uv": [12, 0, 13, 4], "texture": "#0"},
				"east": {"uv": [1, 12, 2, 16], "texture": "#0"},
				"south": {"uv": [2, 12, 3, 16], "texture": "#0"},
				"west": {"uv": [0, 12, 1, 16], "texture": "#0"},
				"up": {"uv": [13, 7, 12, 6], "rotation": 270, "texture": "#0"},
				"down": {"uv": [8, 12, 7, 13], "rotation": 90, "texture": "#0"}
			}
		},
		{
			"name": "upperBodyParts6",
			"from": [10.07407, -6.66667, 3.85185],
			"to": [12.14815, 1.62963, 5.92593],
			"rotation": {"angle": 0, "axis": "y", "origin": [11.11111, -2.51852, 4.88889]},
			"faces": {
				"north": {"uv": [0, 12, 1, 16], "texture": "#0"},
				"east": {"uv": [12, 0, 13, 4], "texture": "#0"},
				"south": {"uv": [1, 12, 2, 16], "texture": "#0"},
				"west": {"uv": [2, 12, 3, 16], "texture": "#0"},
				"up": {"uv": [13, 7, 12, 6], "texture": "#0"},
				"down": {"uv": [8, 12, 7, 13], "texture": "#0"}
			}
		},
		{
			"name": "upperBodyParts7",
			"from": [6.96296, -0.44444, 0.74074],
			"to": [9.03704, 7.85185, 2.81481],
			"rotation": {"angle": 0, "axis": "y", "origin": [8, 3.7037, 1.77778]},
			"faces": {
				"north": {"uv": [0, 12, 1, 16], "texture": "#0"},
				"east": {"uv": [12, 0, 13, 4], "texture": "#0"},
				"south": {"uv": [1, 12, 2, 16], "texture": "#0"},
				"west": {"uv": [2, 12, 3, 16], "texture": "#0"},
				"up": {"uv": [13, 7, 12, 6], "texture": "#0"},
				"down": {"uv": [8, 12, 7, 13], "texture": "#0"}
			}
		},
		{
			"name": "upperBodyParts8",
			"from": [6.96296, -0.44444, 13.18519],
			"to": [9.03704, 7.85185, 15.25926],
			"rotation": {"angle": 0, "axis": "y", "origin": [8, 3.7037, 14.22222]},
			"faces": {
				"north": {"uv": [13, 0, 12, 4], "texture": "#0"},
				"east": {"uv": [1, 12, 0, 16], "texture": "#0"},
				"south": {"uv": [3, 12, 2, 16], "texture": "#0"},
				"west": {"uv": [2, 12, 1, 16], "texture": "#0"},
				"up": {"uv": [13, 6, 12, 7], "rotation": 270, "texture": "#0"},
				"down": {"uv": [8, 13, 7, 12], "rotation": 90, "texture": "#0"}
			}
		},
		{
			"name": "upperBodyParts8",
			"from": [14.22222, -0.44444, 6.96296],
			"to": [16.2963, 7.85185, 9.03704],
			"rotation": {"angle": 0, "axis": "y", "origin": [6.96296, 3.7037, 8]},
			"faces": {
				"north": {"uv": [2, 12, 3, 16], "texture": "#0"},
				"east": {"uv": [0, 12, 1, 16], "texture": "#0"},
				"south": {"uv": [12, 0, 13, 4], "texture": "#0"},
				"west": {"uv": [1, 12, 2, 16], "texture": "#0"},
				"up": {"uv": [13, 7, 12, 6], "rotation": 90, "texture": "#0"},
				"down": {"uv": [8, 12, 7, 13], "rotation": 270, "texture": "#0"}
			}
		},
		{
			"name": "upperBodyParts9",
			"from": [-0.2963, -0.44444, 6.96296],
			"to": [1.77778, 7.85185, 9.03704],
			"rotation": {"angle": 0, "axis": "y", "origin": [9.03704, 3.7037, 8]},
			"faces": {
				"north": {"uv": [2, 12, 1, 16], "texture": "#0"},
				"east": {"uv": [13, 0, 12, 4], "texture": "#0"},
				"south": {"uv": [1, 12, 0, 16], "texture": "#0"},
				"west": {"uv": [3, 12, 2, 16], "texture": "#0"},
				"up": {"uv": [13, 6, 12, 7], "texture": "#0"},
				"down": {"uv": [8, 13, 7, 12], "texture": "#0"}
			}
		},
		{
			"name": "upperBodyParts6",
			"from": [3.85185, -6.66667, 10.07407],
			"to": [5.92593, 1.62963, 12.14815],
			"rotation": {"angle": 0, "axis": "y", "origin": [4.88889, -2.51852, 11.11111]},
			"faces": {
				"north": {"uv": [2, 12, 1, 16], "texture": "#0"},
				"east": {"uv": [13, 0, 12, 4], "texture": "#0"},
				"south": {"uv": [1, 12, 0, 16], "texture": "#0"},
				"west": {"uv": [3, 12, 2, 16], "texture": "#0"},
				"up": {"uv": [12, 7, 13, 6], "rotation": 180, "texture": "#0"},
				"down": {"uv": [7, 12, 8, 13], "rotation": 180, "texture": "#0"}
			}
		},
		{
			"name": "upperBodyParts7",
			"from": [10.07407, -6.66667, 10.07407],
			"to": [12.14815, 1.62963, 12.14815],
			"rotation": {"angle": 0, "axis": "y", "origin": [11.11111, -2.51852, 11.11111]},
			"faces": {
				"north": {"uv": [13, 0, 12, 4], "texture": "#0"},
				"east": {"uv": [1, 12, 0, 16], "texture": "#0"},
				"south": {"uv": [3, 12, 2, 16], "texture": "#0"},
				"west": {"uv": [2, 12, 1, 16], "texture": "#0"},
				"up": {"uv": [13, 6, 12, 7], "rotation": 270, "texture": "#0"},
				"down": {"uv": [8, 13, 7, 12], "rotation": 90, "texture": "#0"}
			}
		},
		{
			"name": "upperBodyParts5",
			"from": [-1.33333, 4.74074, -0.2963],
			"to": [0.74074, 13.03704, 1.77778],
			"rotation": {"angle": 0, "axis": "y", "origin": [-0.2963, 8.88889, 0.74074]},
			"faces": {
				"north": {"uv": [12, 0, 13, 4], "texture": "#0"},
				"east": {"uv": [1, 12, 2, 16], "texture": "#0"},
				"south": {"uv": [2, 12, 3, 16], "texture": "#0"},
				"west": {"uv": [0, 12, 1, 16], "texture": "#0"},
				"up": {"uv": [13, 7, 12, 6], "rotation": 270, "texture": "#0"},
				"down": {"uv": [8, 12, 7, 13], "rotation": 90, "texture": "#0"}
			}
		},
		{
			"name": "upperBodyParts4",
			"from": [15.25926, 4.74074, -0.2963],
			"to": [17.33333, 13.03704, 1.77778],
			"rotation": {"angle": 0, "axis": "y", "origin": [16.2963, 8.88889, 0.74074]},
			"faces": {
				"north": {"uv": [0, 12, 1, 16], "texture": "#0"},
				"east": {"uv": [12, 0, 13, 4], "texture": "#0"},
				"south": {"uv": [1, 12, 2, 16], "texture": "#0"},
				"west": {"uv": [2, 12, 3, 16], "texture": "#0"},
				"up": {"uv": [13, 7, 12, 6], "texture": "#0"},
				"down": {"uv": [8, 12, 7, 13], "texture": "#0"}
			}
		},
		{
			"name": "upperBodyParts4",
			"from": [15.25926, 4.74074, 14.22222],
			"to": [17.33333, 13.03704, 16.2963],
			"rotation": {"angle": 0, "axis": "y", "origin": [16.2963, 8.88889, 15.25926]},
			"faces": {
				"north": {"uv": [0, 12, 1, 16], "texture": "#0"},
				"east": {"uv": [12, 0, 13, 4], "texture": "#0"},
				"south": {"uv": [1, 12, 2, 16], "texture": "#0"},
				"west": {"uv": [2, 12, 3, 16], "texture": "#0"},
				"up": {"uv": [13, 7, 12, 6], "texture": "#0"},
				"down": {"uv": [8, 12, 7, 13], "texture": "#0"}
			}
		},
		{
			"name": "upperBodyParts5",
			"from": [-1.33333, 4.74074, 14.22222],
			"to": [0.74074, 13.03704, 16.2963],
			"rotation": {"angle": 0, "axis": "y", "origin": [-0.2963, 8.88889, 15.25926]},
			"faces": {
				"north": {"uv": [12, 0, 13, 4], "texture": "#0"},
				"east": {"uv": [1, 12, 2, 16], "texture": "#0"},
				"south": {"uv": [2, 12, 3, 16], "texture": "#0"},
				"west": {"uv": [0, 12, 1, 16], "texture": "#0"},
				"up": {"uv": [13, 7, 12, 6], "rotation": 270, "texture": "#0"},
				"down": {"uv": [8, 12, 7, 13], "rotation": 90, "texture": "#0"}
			}
		},
		{
			"name": "upperBodyParts5",
			"from": [15.25926, 4.74074, 14.22222],
			"to": [17.33333, 13.03704, 16.2963],
			"rotation": {"angle": 0, "axis": "y", "origin": [16.2963, 8.88889, 15.25926]},
			"faces": {
				"north": {"uv": [0, 12, 1, 16], "texture": "#0"},
				"east": {"uv": [12, 0, 13, 4], "texture": "#0"},
				"south": {"uv": [1, 12, 2, 16], "texture": "#0"},
				"west": {"uv": [2, 12, 3, 16], "texture": "#0"},
				"up": {"uv": [13, 7, 12, 6], "texture": "#0"},
				"down": {"uv": [8, 12, 7, 13], "texture": "#0"}
			}
		},
		{
			"name": "upperBodyParts6",
			"from": [-1.33333, 4.74074, 14.22222],
			"to": [0.74074, 13.03704, 16.2963],
			"rotation": {"angle": 0, "axis": "y", "origin": [-0.2963, 8.88889, 15.25926]},
			"faces": {
				"north": {"uv": [12, 0, 13, 4], "texture": "#0"},
				"east": {"uv": [1, 12, 2, 16], "texture": "#0"},
				"south": {"uv": [2, 12, 3, 16], "texture": "#0"},
				"west": {"uv": [0, 12, 1, 16], "texture": "#0"},
				"up": {"uv": [13, 7, 12, 6], "rotation": 270, "texture": "#0"},
				"down": {"uv": [8, 12, 7, 13], "rotation": 90, "texture": "#0"}
			}
		},
		{
			"name": "head",
			"from": [3.85185, 7.85185, 3.85185],
			"to": [12.14815, 16.14815, 12.14815],
			"rotation": {"angle": 0, "axis": "y", "origin": [8, 10.96296, 8]},
			"faces": {
				"north": {"uv": [0, 0, 4, 4], "texture": "#0"},
				"east": {"uv": [0, 4, 4, 8], "texture": "#0"},
				"south": {"uv": [4, 12, 0, 8], "texture": "#0"},
				"west": {"uv": [4, 4, 8, 8], "texture": "#0"},
				"up": {"uv": [4, 12, 0, 8], "texture": "#0"},
				"down": {"uv": [12, 0, 8, 4], "texture": "#0"}
			}
		},
		{
			"from": [1, -16, 1],
			"to": [15, -12, 15],
			"rotation": {"angle": 0, "axis": "y", "origin": [6.96296, -13.92593, 6.96296]},
			"faces": {
				"north": {"uv": [7, 0, 14, 2], "texture": "#1"},
				"east": {"uv": [7, 2, 14, 4], "texture": "#1"},
				"south": {"uv": [7, 4, 14, 6], "texture": "#1"},
				"west": {"uv": [7, 6, 14, 8], "texture": "#1"},
				"up": {"uv": [7, 7, 0, 0], "texture": "#1"},
				"down": {"uv": [7, 0, 0, 7], "texture": "#1"}
			}
		}
	],
	"display": {
		"thirdperson_righthand": {
			"rotation": [0, 31, 0],
			"translation": [0, -2.25, -0.25],
			"scale": [0.34, 0.34, 0.34]
		},
		"gui": {
			"rotation": [41, 135, 0],
			"translation": [0, -2.5, 0],
			"scale": [0.4, 0.4, 0.4]
		},
		"head": {
			"translation": [0, -29.25, 0],
			"scale": [1.75, 1.75, 1.75]
		},
		"fixed": {
			"rotation": [-90, 0, 0],
			"translation": [0, 0, -14.75],
			"scale": [2.11, 2.11, 2.11]
		}
	},
	"groups": [
		{
			"name": "upperBodyParts3",
			"origin": [3, 26, -10],
			"color": 0,
			"children": [0, 1, 2, 3, 4, 5, 6, 7, 8, 9, 10, 11]
		},
		{
			"name": "upperBodyParts3",
			"origin": [3, 26, -10],
			"color": 0,
			"children": [12, 13, 14, 15]
		},
		{
			"name": "head",
			"origin": [0, 24, 0],
			"color": 0,
			"children": []
		},
		16,
		17
	]
}