{
	"credit": "Made with Blockbench",
	"texture_size": [64, 64],
	"textures": {
		"0": "dome/camera_drone",
		"2": "dome/propellors",
		"particle": "dome/camera_drone"
	},
	"elements": [
		{
			"from": [2, 14, 2],
			"to": [14, 19, 14],
			"rotation": {"angle": 0, "axis": "y", "origin": [8, 14.5, 8]},
			"faces": {
				"north": {"uv": [6, 2, 9, 3.25], "texture": "#0"},
				"east": {"uv": [6, 3.25, 9, 4.5], "texture": "#0"},
				"south": {"uv": [6, 4.5, 9, 5.75], "texture": "#0"},
				"west": {"uv": [6, 5.75, 9, 7], "texture": "#0"},
				"up": {"uv": [3, 3, 0, 0], "texture": "#0"},
				"down": {"uv": [3, 3, 0, 6], "texture": "#0"}
			}
		},
		{
			"from": [6, 11, 6],
			"to": [10, 14, 10],
			"rotation": {"angle": 0, "axis": "y", "origin": [8, 14.5, 8]},
			"faces": {
				"north": {"uv": [9, 6.25, 10, 7], "texture": "#0"},
				"east": {"uv": [1, 9.75, 2, 10.5], "texture": "#0"},
				"south": {"uv": [2, 9.75, 3, 10.5], "texture": "#0"},
				"west": {"uv": [3, 9.75, 4, 10.5], "texture": "#0"},
				"up": {"uv": [3, 7, 2, 6], "texture": "#0"},
				"down": {"uv": [1, 9.75, 0, 10.75], "texture": "#0"}
			}
		},
		{
			"from": [5, 4, -2],
			"to": [11, 10, 3],
			"rotation": {"angle": 0, "axis": "y", "origin": [8, 7, 0.5]},
			"faces": {
				"north": {"uv": [4.5, 7.5, 6, 9], "texture": "#0"},
				"east": {"uv": [8.5, 7, 9.75, 8.5], "texture": "#0"},
				"south": {"uv": [6, 8.5, 7.5, 10], "texture": "#0"},
				"west": {"uv": [7.5, 8.5, 8.75, 10], "texture": "#0"},
				"up": {"uv": [10.25, 9.75, 8.75, 8.5], "texture": "#0"},
				"down": {"uv": [10.5, 1.75, 9, 3], "texture": "#0"}
			}
		},
		{
			"from": [3, 3, 3],
			"to": [13, 11, 13],
			"rotation": {"angle": 0, "axis": "y", "origin": [9, 6, 6.5]},
			"faces": {
				"north": {"uv": [2.5, 11.75, 5, 13.75], "texture": "#0"},
				"east": {"uv": [0, 11.75, 2.5, 13.75], "texture": "#0"},
				"south": {"uv": [6, 13.5, 9, 15.5], "texture": "#0"},
				"west": {"uv": [2.5, 11.75, 0, 13.75], "texture": "#0"},
				"up": {"uv": [6, 2, 3, 0], "texture": "#0"},
				"down": {"uv": [6, 2, 3, 4], "texture": "#0"}
			}
		},
		{
			"from": [15, 15, -5.5],
			"to": [18, 18, 4.5],
			"rotation": {"angle": -45, "axis": "y", "origin": [16.5, 16.5, -0.5]},
			"faces": {
				"north": {"uv": [8.75, 9.75, 9.5, 10.5], "texture": "#0"},
				"east": {"uv": [2, 9, 4.5, 9.75], "texture": "#0"},
				"south": {"uv": [9.5, 9.75, 10.25, 10.5], "texture": "#0"},
				"west": {"uv": [9, 3, 11.5, 3.75], "texture": "#0"},
				"up": {"uv": [9.75, 6.25, 9, 3.75], "texture": "#0"},
				"down": {"uv": [5.25, 9, 4.5, 11.5], "texture": "#0"}
			}
		},
		{
			"from": [-2, 15, -5.5],
			"to": [1, 18, 4.5],
			"rotation": {"angle": 45, "axis": "y", "origin": [-0.5, 16.5, -0.5]},
			"faces": {
				"north": {"uv": [9.5, 9.75, 8.75, 10.5], "texture": "#0"},
				"east": {"uv": [11.5, 3, 9, 3.75], "texture": "#0"},
				"south": {"uv": [10.25, 9.75, 9.5, 10.5], "texture": "#0"},
				"west": {"uv": [4.5, 9, 2, 9.75], "texture": "#0"},
				"up": {"uv": [9, 6.25, 9.75, 3.75], "texture": "#0"},
				"down": {"uv": [4.5, 9, 5.25, 11.5], "texture": "#0"}
			}
		},
		{
			"from": [15, 15, 11.5],
			"to": [18, 18, 21.5],
			"rotation": {"angle": 45, "axis": "y", "origin": [16.5, 16.5, 16.5]},
			"faces": {
				"north": {"uv": [10.25, 9.75, 9.5, 10.5], "texture": "#0"},
				"east": {"uv": [4.5, 9, 2, 9.75], "texture": "#0"},
				"south": {"uv": [9.5, 9.75, 8.75, 10.5], "texture": "#0"},
				"west": {"uv": [11.5, 3, 9, 3.75], "texture": "#0"},
				"up": {"uv": [9.75, 3.75, 9, 6.25], "texture": "#0"},
				"down": {"uv": [5.25, 11.5, 4.5, 9], "texture": "#0"}
			}
		},
		{
			"from": [-2, 15, 11.5],
			"to": [1, 18, 21.5],
			"rotation": {"angle": -45, "axis": "y", "origin": [-0.5, 16.5, 16.5]},
			"faces": {
				"north": {"uv": [9.5, 9.75, 10.25, 10.5], "texture": "#0"},
				"east": {"uv": [9, 3, 11.5, 3.75], "texture": "#0"},
				"south": {"uv": [8.75, 9.75, 9.5, 10.5], "texture": "#0"},
				"west": {"uv": [2, 9, 4.5, 9.75], "texture": "#0"},
				"up": {"uv": [9, 3.75, 9.75, 6.25], "texture": "#0"},
				"down": {"uv": [4.5, 11.5, 5.25, 9], "texture": "#0"}
			}
		},
		{
			"from": [15.75, 13, -4.5],
			"to": [17.75, 20, -2.5],
			"rotation": {"angle": -45, "axis": "y", "origin": [17.25, 13.5, -0.5]},
			"faces": {
				"north": {"uv": [5.25, 9, 5.75, 10.75], "texture": "#0"},
				"east": {"uv": [5.25, 9, 5.75, 10.75], "texture": "#0"},
				"south": {"uv": [5.25, 9, 5.75, 10.75], "texture": "#0"},
				"west": {"uv": [5.25, 9, 5.75, 10.75], "texture": "#0"},
				"up": {"uv": [3, 7.5, 2.5, 7], "texture": "#0"},
				"down": {"uv": [3, 7, 2.5, 7.5], "texture": "#0"}
			}
		},
		{
			"from": [15.75, 13, 18.5],
			"to": [17.75, 20, 20.5],
			"rotation": {"angle": 45, "axis": "y", "origin": [17.25, 13.5, 16.5]},
			"faces": {
				"north": {"uv": [5.25, 9, 5.75, 10.75], "texture": "#0"},
				"east": {"uv": [5.25, 9, 5.75, 10.75], "texture": "#0"},
				"south": {"uv": [5.25, 9, 5.75, 10.75], "texture": "#0"},
				"west": {"uv": [5.25, 9, 5.75, 10.75], "texture": "#0"},
				"up": {"uv": [3, 7.5, 2.5, 7], "texture": "#0"},
				"down": {"uv": [3, 7, 2.5, 7.5], "texture": "#0"}
			}
		},
		{
			"from": [-1.75, 13, 18.5],
			"to": [0.25, 20, 20.5],
			"rotation": {"angle": -45, "axis": "y", "origin": [-1.25, 13.5, 16.5]},
			"faces": {
				"north": {"uv": [5.25, 9, 5.75, 10.75], "texture": "#0"},
				"east": {"uv": [5.25, 9, 5.75, 10.75], "texture": "#0"},
				"south": {"uv": [5.25, 9, 5.75, 10.75], "texture": "#0"},
				"west": {"uv": [5.25, 9, 5.75, 10.75], "texture": "#0"},
				"up": {"uv": [3, 7.5, 2.5, 7], "texture": "#0"},
				"down": {"uv": [3, 7, 2.5, 7.5], "texture": "#0"}
			}
		},
		{
			"from": [-1.75, 13, -4.5],
			"to": [0.25, 20, -2.5],
			"rotation": {"angle": 45, "axis": "y", "origin": [-1.25, 13.5, -0.5]},
			"faces": {
				"north": {"uv": [5.25, 9, 5.75, 10.75], "texture": "#0"},
				"east": {"uv": [5.25, 9, 5.75, 10.75], "texture": "#0"},
				"south": {"uv": [5.25, 9, 5.75, 10.75], "texture": "#0"},
				"west": {"uv": [5.25, 9, 5.75, 10.75], "texture": "#0"},
				"up": {"uv": [3, 7.5, 2.5, 7], "texture": "#0"},
				"down": {"uv": [3, 7, 2.5, 7.5], "texture": "#0"}
			}
		},
		{
			"from": [15, 19.5, -7],
			"to": [23, 19.5, 1],
			"rotation": {"angle": 0, "axis": "y", "origin": [19, 19, -4]},
			"faces": {
				"north": {"uv": [0, 0, 2, 0], "texture": "#0"},
				"east": {"uv": [0, 0, 2, 0], "texture": "#0"},
				"south": {"uv": [0, 0, 2, 0], "texture": "#0"},
				"west": {"uv": [0, 0, 2, 0], "texture": "#0"},
				"up": {"uv": [16, 16, 0, 0], "texture": "#2"},
				"down": {"uv": [0, 16, 16, 0], "texture": "#2"}
			}
		},
		{
			"from": [-7, 19.5, -7],
			"to": [1, 19.5, 1],
			"rotation": {"angle": 0, "axis": "y", "origin": [-1, 19, -4]},
			"faces": {
				"north": {"uv": [2, 0, 0, 0], "texture": "#0"},
				"east": {"uv": [2, 0, 0, 0], "texture": "#0"},
				"south": {"uv": [2, 0, 0, 0], "texture": "#0"},
				"west": {"uv": [2, 0, 0, 0], "texture": "#0"},
				"up": {"uv": [16, 16, 0, 0], "texture": "#2"},
				"down": {"uv": [0, 16, 16, 0], "texture": "#2"}
			}
		},
		{
			"from": [-7, 19.5, 15],
			"to": [1, 19.5, 23],
			"rotation": {"angle": 0, "axis": "y", "origin": [-1, 19, 23]},
			"faces": {
				"north": {"uv": [0, 0, 2, 0], "texture": "#0"},
				"east": {"uv": [0, 0, 2, 0], "texture": "#0"},
				"south": {"uv": [0, 0, 2, 0], "texture": "#0"},
				"west": {"uv": [0, 0, 2, 0], "texture": "#0"},
				"up": {"uv": [0, 0, 16, 16], "texture": "#2"},
				"down": {"uv": [0, 16, 16, 0], "texture": "#2"}
			}
		},
		{
			"from": [15, 19.5, 15],
			"to": [23, 19.5, 23],
			"rotation": {"angle": 0, "axis": "y", "origin": [19, 19, 23]},
			"faces": {
				"north": {"uv": [2, 0, 0, 0], "texture": "#0"},
				"east": {"uv": [2, 0, 0, 0], "texture": "#0"},
				"south": {"uv": [2, 0, 0, 0], "texture": "#0"},
				"west": {"uv": [2, 0, 0, 0], "texture": "#0"},
				"up": {"uv": [0, 0, 16, 16], "texture": "#2"},
				"down": {"uv": [0, 16, 16, 0], "texture": "#2"}
			}
		}
	],
	"display": {
		"thirdperson_righthand": {
			"rotation": [0, 49, 0],
			"translation": [0.5, -2.5, -2],
			"scale": [0.41, 0.41, 0.41]
		},
		"thirdperson_lefthand": {
			"rotation": [0, 49, 0],
			"translation": [0.5, -2.5, -2],
			"scale": [0.41, 0.41, 0.41]
		},
		"firstperson_righthand": {
			"rotation": [-33, 128, 0],
			"translation": [0, 2.75, 0],
			"scale": [0.48, 0.48, 0.48]
		},
		"firstperson_lefthand": {
			"rotation": [-33, 128, 0],
			"translation": [0, 2.75, 0],
			"scale": [0.48, 0.48, 0.48]
		},
		"ground": {
			"scale": [0.53, 0.53, 0.53]
		},
		"head": {
			"translation": [-0.25, 2, -0.5],
			"scale": [1.5, 1.5, 1.5]
		},
		"fixed": {
			"rotation": [-90, 0, 0],
			"translation": [-0.5, 0, -41],
			"scale": [2, 2, 2]
		}
	},
	"groups": [
		0,
		1,
		2,
		3,
		4,
		5,
		6,
		7,
		{
			"name": "corners",
			"origin": [-1.25, 13.5, -0.5],
			"color": 0,
			"children": [8, 9, 10, 11]
		},
		{
			"name": "propellers 2",
			"origin": [18, 19, 21.25],
			"color": 0,
			"children": [12, 13, 14, 15]
		}
	]
}