{
	"format_version": "1.21.6",
	"credit": "Made with Blockbench",
	"textures": {
		"0": "training/pkw_end",
		"1": "training/pkw_end_flag",
		"particle": "training/pkw_end"
	},
	"elements": [
		{
			"from": [-16, 0, 0],
			"to": [32, 16, 16],
			"faces": {
				"north": {"uv": [0, 0, 12, 4], "texture": "#0"},
				"east": {"uv": [12, 4, 16, 8], "texture": "#0"},
				"south": {"uv": [0, 8, 12, 12], "texture": "#0"},
				"west": {"uv": [12, 0, 16, 4], "texture": "#0"},
				"up": {"uv": [0, 4, 12, 8], "texture": "#0"},
				"down": {"uv": [0, 12, 12, 16], "texture": "#0"}
			}
		},
		{
			"from": [0, 16.01, 0],
			"to": [16, 16.01, 16],
			"faces": {
				"north": {"uv": [0, 0, 16, 0], "texture": "#missing"},
				"east": {"uv": [0, 0, 16, 0], "texture": "#missing"},
				"south": {"uv": [0, 0, 16, 0], "texture": "#missing"},
				"west": {"uv": [0, 0, 16, 0], "texture": "#missing"},
				"up": {"uv": [0, 0, 16, 16], "texture": "#1"},
				"down": {"uv": [0, 0, 16, 16], "texture": "#missing"}
			}
		}
	],
	"display": {
		"thirdperson_righthand": {
			"scale": [0.24, 0.24, 0.24]
		},
		"thirdperson_lefthand": {
			"scale": [0.24, 0.24, 0.24]
		},
		"firstperson_righthand": {
			"rotation": [0, 135, 0],
			"scale": [0.256, 0.256, 0.256]
		},
		"firstperson_lefthand": {
			"rotation": [0, 135, 0],
			"scale": [0.256, 0.256, 0.256]
		},
		"ground": {
			"translation": [0, 3, 0],
			"scale": [0.16, 0.16, 0.16]
		},
		"gui": {
			"rotation": [30, 120, 0],
			"scale": [0.4, 0.4, 0.4]
		}
	}
}