{
	"textures": {
		"0": "item/gold_crown",
		"particle": "item/gold_crown"
	},
	"elements": [
		{
			"from": [0, 8, 0],
			"to": [16, 16, 1],
			"rotation": {"angle": 0, "axis": "y", "origin": [8, 8, 8]},
			"faces": {
				"north": {"uv": [0, 4, 4, 6], "texture": "#0"},
				"east": {"uv": [0, 4, 0.25, 6], "texture": "#0"},
				"south": {"uv": [0, 4, 4, 6], "texture": "#0"},
				"west": {"uv": [0, 4, 0.25, 6], "texture": "#0"},
				"up": {"uv": [4, 3.75, 8, 4], "rotation": 180, "texture": "#0"},
				"down": {"uv": [0, 5.75, 4, 6], "texture": "#0"}
			}
		},
		{
			"from": [0, 8, 15],
			"to": [16, 16, 16],
			"rotation": {"angle": 0, "axis": "y", "origin": [8, 8, 8]},
			"faces": {
				"north": {"uv": [0, 4, 4, 6], "texture": "#0"},
				"east": {"uv": [0, 4, 0.25, 6], "texture": "#0"},
				"south": {"uv": [0, 4, 4, 6], "texture": "#0"},
				"west": {"uv": [0, 4, 0.25, 6], "texture": "#0"},
				"up": {"uv": [4, 3.75, 8, 4], "rotation": 180, "texture": "#0"},
				"down": {"uv": [0, 5.75, 4, 6], "texture": "#0"}
			}
		},
		{
			"from": [0, 8, 1],
			"to": [1, 16, 15],
			"rotation": {"angle": 0, "axis": "y", "origin": [8, 8, 8]},
			"faces": {
				"north": {"uv": [0, 4, 0.25, 8], "texture": "#0"},
				"east": {"uv": [0, 4, 4, 6], "texture": "#0"},
				"south": {"uv": [0, 4, 0.25, 8], "texture": "#0"},
				"west": {"uv": [0.25, 4, 3.75, 6], "texture": "#0"},
				"up": {"uv": [4.25, 3.75, 7.75, 4], "rotation": 270, "texture": "#0"},
				"down": {"uv": [0.25, 5.75, 3.75, 6], "rotation": 90, "texture": "#0"}
			}
		},
		{
			"from": [15, 8, 1],
			"to": [16, 16, 15],
			"rotation": {"angle": 0, "axis": "y", "origin": [8, 8, 8]},
			"faces": {
				"north": {"uv": [0, 4, 0.25, 8], "texture": "#0"},
				"east": {"uv": [0.25, 4, 3.75, 6], "texture": "#0"},
				"south": {"uv": [0, 4, 0.25, 8], "texture": "#0"},
				"west": {"uv": [0.25, 4, 3.75, 6], "texture": "#0"},
				"up": {"uv": [4.25, 3.75, 7.75, 4], "rotation": 270, "texture": "#0"},
				"down": {"uv": [0.25, 5.75, 3.75, 6], "rotation": 90, "texture": "#0"}
			}
		}
	],
	"display": {
		"thirdperson_righthand": {
			"rotation": [-32.25, 0, 0],
			"translation": [0, -3.25, 0],
			"scale": [0.3, 0.3, 0.3]
		},
		"thirdperson_lefthand": {
			"rotation": [-32.25, 0, 0],
			"translation": [0, -3.25, 0],
			"scale": [0.3, 0.3, 0.3]
		},
		"firstperson_righthand": {
			"rotation": [-32.25, 0, 0],
			"translation": [0, 0.5, 0],
			"scale": [0.5, 0.5, 0.5]
		},
		"firstperson_lefthand": {
			"rotation": [-32.25, 0, 0],
			"translation": [0, 0.5, 0],
			"scale": [0.5, 0.5, 0.5]
		},
		"ground": {
			"scale": [0.62, 0.62, 0.62]
		},
		"gui": {
			"rotation": [18, 44, 0],
			"translation": [0, -2.5, 0],
			"scale": [0.63, 0.63, 0.63]
		},
		"head": {
			"rotation": [11, -90, 0],
			"translation": [0, 1, -0.75],
			"scale": [1.05, 1.05, 1.05]
		},
		"fixed": {
			"translation": [0, -4.25, 0]
		}
	}
}