{"credit":"Made with Blockbench","texture_size":[64,64],"textures":{"0":"minecraft:grid_runners/target","particle":"minecraft:grid_runners/target"},"elements":[{"from":[0,0,14],"to":[16,16,16],"faces":{"north":{"uv":[0,5.25,4,9.25],"texture":"#0"},"east":{"uv":[0.5,1.25,1,5.25],"texture":"#0"},"south":{"uv":[6.5,1.25,10.5,5.25],"texture":"#0"},"west":{"uv":[1,1.25,0.5,5.25],"texture":"#0"},"up":{"uv":[5.25,1,1.25,0.5],"texture":"#0"},"down":{"uv":[5.25,1,1.25,0.5],"rotation":180,"texture":"#0"}}}],"display":{"thirdperson_righthand":{"rotation":[63,-154,0],"translation":[0,1,-1],"scale":[0.52539,0.52539,0.52539]},"thirdperson_lefthand":{"rotation":[63,-154,0],"translation":[0,1,-1],"scale":[0.52539,0.52539,0.52539]},"firstperson_righthand":{"rotation":[14.75,108.5,-5.5],"translation":[9.5,0,-5.75],"scale":[0.41992,0.41992,0.41992]},"firstperson_lefthand":{"rotation":[-29.25,-61.75,-22.5],"translation":[9.5,0,-5.75],"scale":[0.41992,0.41992,0.41992]},"ground":{"translation":[0,4.25,0],"scale":[0.43945,0.43945,0.43945]},"gui":{"rotation":[30,-158,0],"translation":[0.75,-0.75,0],"scale":[0.50156,0.50156,0.50156]},"head":{"translation":[0,-30.5,0],"scale":[1.6,1.6,1.6]}}}