{
  "soundtrack.overtime": {
    "sounds": [
      {
        "name": "soundtrack/overtime"
      }
    ]
  },
  "soundtrack.one_minute": {
    "sounds": [
      {
        "name": "soundtrack/one_minute"
      }
    ]
  },
  "soundtrack.decision_dome": {
    "sounds": [
      {
        "name": "soundtrack/decision_dome"
      }
    ]
  },
  "soundtrack.finale": {
    "sounds": [
      {
        "name": "soundtrack/finale"
      }
    ]
  },
  "soundtrack.walk_of_fame": {
    "sounds": [
      {
        "name": "soundtrack/walk_of_fame"
      }
    ]
  },
  "soundtrack.battle_box": {
    "sounds": [
      {
        "name": "soundtrack/battle_box"
      }
    ]
  },
  "soundtrack.rocket_spleef": {
    "sounds": [
      {
        "name": "soundtrack/rocket_spleef"
      }
    ]
  },
  "soundtrack.build_mart": {
    "sounds": [
      {
        "name": "soundtrack/build_mart"
      }
    ]
  },
  "soundtrack.ace_race": {
    "sounds": [
      {
        "name": "soundtrack/ace_race"
      }
    ]
  },
  "soundtrack.sky_battle": {
    "sounds": [
      {
        "name": "soundtrack/sky_battle"
      }
    ]
  },
  "soundtrack.survival_games": {
    "sounds": [
      {
        "name": "soundtrack/survival_games"
      }
    ]
  },
  "soundtrack.parkour_tag": {
    "sounds": [
      {
        "name": "soundtrack/parkour_tag"
      }
    ]
  },
  "soundtrack.grid_runners": {
    "sounds": [
      {
        "name": "soundtrack/grid_runners"
      }
    ]
  },
  "soundtrack.dodgebolt": {
    "sounds": [
      {
        "name": "soundtrack/dodgebolt"
      }
    ]
  },
  "soundtrack.hole_in_the_wall": {
    "sounds": [
      {
        "name": "soundtrack/hole_in_the_wall"
      }
    ]
  },
  "soundtrack.tgttos": {
    "sounds": [
      {
        "name": "soundtrack/tgttos"
      }
    ]
  },
  "soundtrack.meltdown": {
    "sounds": [
      {
        "name": "soundtrack/meltdown"
      }
    ]
  },
  "soundtrack.post_game": {
    "sounds": [
      {
        "name": "soundtrack/post_game"
      }
    ]
  },
  "soundtrack.post_round": {
    "sounds": [
      {
        "name": "soundtrack/post_round"
      }
    ]
  },
  
  "effects.points.acquired": {
    "sounds": [
      {
        "name": "effects/points/acquired"
      }
    ]
  },
  "effects.points.big_acquired": {
    "sounds": [
      {
        "name": "effects/points/big_acquired"
      }
    ]
  },
  "effects.points.big_coins": {
    "sounds": [
      {
        "name": "effects/points/big_coins"
      }
    ]
  },
  "effects.points.small_coins": {
    "sounds": [
      {
        "name": "effects/points/small_coins"
      }
    ]
  },
  
  "effects.game_over": {
    "sounds": [
      {
        "name": "effects/game_over"
      }
    ]
  },
  "effects.game_start": {
    "sounds": [
      {
        "name": "effects/game_start"
      }
	]
  },
  "effects.game_start_short": {
    "sounds": [
      {
        "name": "effects/game_start_short"
      }
	]
  },
  "effects.go": {
    "sounds": [
      {
        "name": "effects/go"
      }
	]
  },
  "effects.difficulty_increase": {
    "sounds": [
      {
        "name": "effects/difficulty_increase"
      }
    ]
  },
  "effects.points": {
    "sounds": [
      {
        "name": "effects/points"
      }
    ]
  },
  "effects.points_twinkle": {
    "sounds": [
      {
        "name": "effects/points_twinkle"
      }
    ]
  },
  "effects.coin": {
    "sounds": [
      {
        "name": "effects/coin"
      }
    ]
  },
  "effects.checkpoint": {
    "sounds": [
      {
        "name": "effects/checkpoint"
      }
    ]
  },
  "effects.timer": {
    "sounds": [
      {
        "name": "effects/timer"
      }
    ]
  },
  "effects.speed_pad": {
    "sounds": [
      {
        "name": "effects/speed_pad"
      }
    ]
  },
  "effects.jump_pad": {
    "sounds": [
      {
        "name": "effects/jump_pad"
      }
    ]
  },
  "effects.border_warning": {
    "sounds": [
      {
        "name": "effects/border_warning"
      }
    ]
  },
  "effects.border_soon": {
    "sounds": [
      {
        "name": "effects/border_soon"
      }
    ]
  },
  "effects.airdrop": {
    "sounds": [
      {
        "name": "effects/airdrop"
      }
    ]
  },
  "effects.team_eliminated": {
    "sounds": [
      {
        "name": "effects/team_eliminated"
      }
    ]
  },
  "effects.grid_runners.challenge": {
    "sounds": [
      {
        "name": "effects/grid_runners/challenge"
      }
    ]
  },
  "effects.grid_runners.doorway": {
    "sounds": [
      {
        "name": "effects/grid_runners/doorway"
      }
    ]
  },
  "effects.grid_runners.success": {
    "sounds": [
      {
        "name": "effects/grid_runners/success"
      }
    ]
  },
  "effects.grid_runners.finish": {
    "sounds": [
      {
        "name": "effects/grid_runners/finish"
      }
    ]
  },
  "effects.sands.timer": {
    "sounds": [
      {
        "name": "effects/sands/timer"
      }
    ]
  },
  "effects.sands.timer_low": {
    "sounds": [
      {
        "name": "effects/sands/timer_low"
      }
    ]
  },
  "effects.fail": {
    "sounds": [
      {
        "name": "effects/fail"
      }
    ]
  }
}