{
  "effects.points.acquired": {"sounds":[{"name": "effects/points/acquired"}]},
  "effects.points.big_acquired": {"sounds":[{"name": "effects/points/big_acquired"}]},
  "effects.points.huge_acquired": {"sounds":[{"name": "effects/points/huge_acquired"}]},
  "effects.points.big_coins": {"sounds":[{"name": "effects/points/big_coins"}]},
  "effects.points.objective": {"sounds":[{"name": "effects/points/objective"}]},
  "effects.points.small_objective": {"sounds":[{"name": "effects/points/small_objective"}]},
  
  "effects.timer.tick": {"sounds":[{"name": "effects/timer/tick"}]},
  "effects.timer.tick_high": {"sounds":[{"name": "effects/timer/tick_high"}]},
  "effects.timer.321": {"sounds":[{"name": "effects/timer/321", "preload": true}]},
  "effects.timer.go": {"sounds":[{"name": "effects/timer/go", "preload": true}]},
  "effects.timer.round_end": {"sounds":[{"name": "effects/timer/round_end"}]},
  "effects.timer.text_pop": {"sounds":[{"name": "effects/timer/text_pop"}]},
  "effects.timer.announcement": {"sounds":[{"name": "effects/timer/announcement"}]},
  
  "effects.map.alert": {"sounds":[{"name": "effects/map/alert"}]},
  "effects.map.update": {"sounds":[{"name": "effects/map/update"}]},
  "effects.map.team_eliminated": {"sounds":[{"name": "effects/map/team_eliminated"}]},
  "effects.map.enemy_completed": {"sounds":[{"name": "effects/map/enemy_completed"}]},
  "effects.map.lockout": {"sounds":[{"name": "effects/map/lockout"}]},
  "effects.map.warn": {"sounds":[{"name": "effects/map/warn"}]},
  "effects.map.difficulty_increase": {"sounds":[{"name": "effects/map/difficulty_increase"}]},
  "effects.map.speed_increase": {"sounds":[{"name": "effects/map/speed_increase"}]},
  "effects.map.title": {"sounds":[{"name": "effects/map/title"}]},
  "effects.map.elimination_pop": {"sounds":[{"name": "effects/map/elimination_pop"}]},
  
  "effects.parkour_tag.hunter_kill": {"sounds":[{"name": "effects/parkour_tag/hunter_kill"}]},
  
  "effects.rocket_spleef.reload_cannon": {"sounds":[{"name": "effects/rocket_spleef/reload_cannon", "volume": 0.13}]},
  "effects.rocket_spleef.updraft": {"sounds":[{"name": "effects/rocket_spleef/updraft"}]},
  "effects.rocket_spleef.direct_hit": {"sounds":[{"name": "effects/rocket_spleef/direct_hit"}]},
  "effects.rocket_spleef.stunned": {"sounds":[{"name": "effects/rocket_spleef/stunned"}]},
  
  "effects.ace_race.launch_pad": {"sounds":[{"name": "effects/ace_race/launch_pad1"},{"name": "effects/ace_race/launch_pad2"},{"name": "effects/ace_race/launch_pad3"}]},
  "effects.ace_race.speed_pad": {"sounds":[{"name": "effects/ace_race/speed_pad1"},{"name": "effects/ace_race/speed_pad2"},{"name": "effects/ace_race/speed_pad3"}]},
  "effects.ace_race.wing_ring": {"sounds":[{"name": "effects/ace_race/wing_ring1"},{"name": "effects/ace_race/wing_ring2"},{"name": "effects/ace_race/wing_ring3"}]},
  "effects.ace_race.jump_pad": {"sounds":[{"name": "effects/ace_race/jump_pad"}]},
  "effects.ace_race.jump_pad_use": {"sounds":[{"name": "effects/ace_race/jump_pad_use1"},{"name": "effects/ace_race/jump_pad_use2"},{"name": "effects/ace_race/jump_pad_use3"}]},
  
  "effects.ui.click_normal": {"sounds":[{"name": "effects/ui/click_normal1"},{"name": "effects/ui/click_normal2"},{"name": "effects/ui/click_normal3"}]},
  "effects.ui.click_dead": {"sounds":[{"name": "effects/ui/click_dead"}]},
  "effects.ui.button_press": {"sounds":[{"name": "effects/ui/button_press"}]},
  
  "effects.training.map_selector": {"sounds":[{"name": "effects/training/map_selector"}]},
  "effects.training.map_loading": {"sounds":[{"name": "effects/training/map_loading"}]},
  "effects.training.teleport": {"sounds":[{"name": "effects/training/teleport"}]},
  "effects.training.restart_course": {"sounds":[{"name": "effects/training/restart_course", "volume": 0.6}]},
  "effects.training.set_mode_practice": {"sounds":[{"name": "effects/training/set_mode_practice", "volume": 0.6}]},
  "effects.training.set_mode_speedrun": {"sounds":[{"name": "effects/training/set_mode_speedrun", "volume": 0.6}]},
  "effects.training.submit": {"sounds":[{"name": "effects/training/submit"}]},
  
  "block.piston.contract": {"replace": true},
  "block.piston.extend": {"replace": true},
  
  "effects.block.piston_contract": {"sounds": [{"name": "effects/block/piston_contract", "volume": 1.0, "attenuation_distance": 16}]},
  "effects.block.piston_extend": {"sounds": [{"name": "effects/block/piston_extend", "volume": 1.0, "attenuation_distance": 16}]},
  "effects.block.piston_contract_slime": {"sounds": [{"name": "effects/block/piston_contract_slime", "volume": 0.8, "attenuation_distance": 16}]},
  "effects.block.piston_extend_slime": {"sounds": [{"name": "effects/block/piston_extend_slime", "volume": 0.8, "attenuation_distance": 16}]}
}