{"display":{"thirdperson_righthand":{"rotation":[63,34,0],"translation":[0,1,-1],"scale":[0.37891,0.37891,0.37891]},"thirdperson_lefthand":{"rotation":[63,34,0],"translation":[0,1,-1],"scale":[0.37891,0.37891,0.37891]},"firstperson_righthand":{"rotation":[3,112,-13],"translation":[9.5,0,-5.75],"scale":[0.35547,0.35547,0.35547]},"firstperson_lefthand":{"rotation":[3,112,-13],"translation":[9.5,0,-5.75],"scale":[0.35547,0.35547,0.35547]},"ground":{"translation":[0,4.25,0],"scale":[0.28906,0.28906,0.28906]},"gui":{"rotation":[30,-158,0],"translation":[-0.25,-0.25,0],"scale":[0.56992,0.56992,0.56992]},"head":{"translation":[0,-30.25,0],"scale":[1.6,1.6,1.6]},"fixed":{"translation":[0,-3.25,-7.5]}},"texture_size":[32,32],"textures":{"2":"ace_race/tangled_vine","particle":"ace_race/tangled_vine"},"elements":[{"from":[-2,0,8],"to":[18,15,8],"rotation":{"angle":-45,"axis":"y","origin":[8,10,8]},"faces":{"north":{"uv":[0,8.5,10,16],"texture":"#2"},"east":{"uv":[0,0,0.25,0.25],"texture":"#missing"},"south":{"uv":[0,8.5,10,16],"texture":"#2"},"west":{"uv":[0,0,0.25,0.25],"texture":"#missing"},"up":{"uv":[0,0,0.25,0.25],"texture":"#missing"},"down":{"uv":[0,0,0.25,0.25],"texture":"#missing"}}},{"from":[8,0,-2],"to":[8,15,18],"rotation":{"angle":-45,"axis":"y","origin":[8,10,8]},"faces":{"north":{"uv":[0,0,0.25,0.25],"texture":"#missing"},"east":{"uv":[0,8.5,10,16],"texture":"#2"},"south":{"uv":[0,0,0.25,0.25],"texture":"#missing"},"west":{"uv":[0,8.5,10,16],"texture":"#2"},"up":{"uv":[0,0,0.25,0.25],"rotation":90,"texture":"#missing"},"down":{"uv":[0,0,0.25,0.25],"rotation":270,"texture":"#missing"}}},{"from":[0,0.25,0],"to":[16,0.25,16],"faces":{"north":{"uv":[0,0,0.5,0.5],"texture":"#missing"},"east":{"uv":[0,0,0.5,0.5],"texture":"#missing"},"south":{"uv":[0,0,0.5,0.5],"texture":"#missing"},"west":{"uv":[0,0,0.5,0.5],"texture":"#missing"},"up":{"uv":[8,0,16,8],"texture":"#2"},"down":{"uv":[8,8,16,0],"texture":"#2"}}}]}