{
	"credit": "Made with Blockbench",
	"texture_size": [64, 32],
	"textures": {
		"0": "sands_of_time/statue_skeleton",
		"1": "sands_of_time/statue_base",
		"particle": "sands_of_time/statue_base"
	},
	"elements": [
		{
			"name": "Left1",
			"from": [4, 0, 6],
			"to": [4, 2, 10],
			"rotation": {"angle": 0, "axis": "y", "origin": [8, 5, 8]},
			"faces": {
				"north": {"uv": [0, 0, 0, 5], "texture": "#missing"},
				"east": {"uv": [7, 15, 8, 16], "texture": "#0"},
				"south": {"uv": [0, 0, 0, 5], "texture": "#missing"},
				"west": {"uv": [7, 15, 8, 16], "texture": "#0"},
				"up": {"uv": [0, 0, 0, 2], "rotation": 180, "texture": "#missing"},
				"down": {"uv": [0, 0, 0, 2], "rotation": 180, "texture": "#missing"}
			}
		},
		{
			"name": "Left2",
			"from": [4, 6, 6],
			"to": [4, 10, 10],
			"rotation": {"angle": 0, "axis": "y", "origin": [8, 11, 8]},
			"faces": {
				"north": {"uv": [0, 0, 0, 5], "texture": "#missing"},
				"east": {"uv": [7, 11, 8, 13], "texture": "#0"},
				"south": {"uv": [0, 0, 0, 5], "texture": "#missing"},
				"west": {"uv": [7, 11, 8, 13], "texture": "#0"},
				"up": {"uv": [0, 0, 0, 2], "rotation": 180, "texture": "#missing"},
				"down": {"uv": [0, 0, 0, 2], "rotation": 180, "texture": "#missing"}
			}
		},
		{
			"name": "Left3",
			"from": [4, 11, 6],
			"to": [4, 12, 10],
			"rotation": {"angle": 0, "axis": "y", "origin": [8, 16, 8]},
			"faces": {
				"north": {"uv": [0, 0, 0, 5], "texture": "#missing"},
				"east": {"uv": [7, 10, 8, 10.5], "texture": "#0"},
				"south": {"uv": [0, 0, 0, 5], "texture": "#missing"},
				"west": {"uv": [7, 10, 8, 10.5], "texture": "#0"},
				"up": {"uv": [0, 0, 0, 2], "rotation": 180, "texture": "#missing"},
				"down": {"uv": [0, 0, 0, 2], "rotation": 180, "texture": "#missing"}
			}
		},
		{
			"name": "Right1",
			"from": [12, 0, 6],
			"to": [12, 2, 10],
			"rotation": {"angle": 0, "axis": "y", "origin": [8, 5, 8]},
			"faces": {
				"north": {"uv": [0, 0, 0, 5], "texture": "#missing"},
				"east": {"uv": [7, 15, 8, 16], "texture": "#0"},
				"south": {"uv": [0, 0, 0, 5], "texture": "#missing"},
				"west": {"uv": [7, 15, 8, 16], "texture": "#0"},
				"up": {"uv": [0, 0, 0, 2], "texture": "#missing"},
				"down": {"uv": [0, 0, 0, 2], "texture": "#missing"}
			}
		},
		{
			"name": "Right2",
			"from": [12, 6, 6],
			"to": [12, 10, 10],
			"rotation": {"angle": 0, "axis": "y", "origin": [8, 11, 8]},
			"faces": {
				"north": {"uv": [0, 0, 0, 5], "texture": "#missing"},
				"east": {"uv": [7, 11, 8, 13], "texture": "#0"},
				"south": {"uv": [0, 0, 0, 5], "texture": "#missing"},
				"west": {"uv": [7, 11, 8, 13], "texture": "#0"},
				"up": {"uv": [0, 0, 0, 2], "texture": "#missing"},
				"down": {"uv": [0, 0, 0, 2], "texture": "#missing"}
			}
		},
		{
			"name": "Right3",
			"from": [12, 11, 6],
			"to": [12, 12, 10],
			"rotation": {"angle": 0, "axis": "y", "origin": [8, 16, 8]},
			"faces": {
				"north": {"uv": [0, 0, 0, 5], "texture": "#missing"},
				"east": {"uv": [7, 10, 8, 10.5], "texture": "#0"},
				"south": {"uv": [0, 0, 0, 5], "texture": "#missing"},
				"west": {"uv": [7, 10, 8, 10.5], "texture": "#0"},
				"up": {"uv": [0, 0, 0, 2], "texture": "#missing"},
				"down": {"uv": [0, 0, 0, 2], "texture": "#missing"}
			}
		},
		{
			"name": "Front1",
			"from": [11, 11, 6],
			"to": [12, 12, 6],
			"rotation": {"angle": 0, "axis": "y", "origin": [8, 5, 8]},
			"faces": {
				"north": {"uv": [5, 10, 5.25, 10.5], "texture": "#0"},
				"east": {"uv": [0, 0, 0, 6], "texture": "#missing"},
				"south": {"uv": [5, 10, 5.25, 10.5], "texture": "#0"},
				"west": {"uv": [0, 0, 0, 6], "texture": "#missing"},
				"up": {"uv": [0, 0, 2, 0], "rotation": 180, "texture": "#missing"},
				"down": {"uv": [0, 0, 2, 0], "rotation": 180, "texture": "#missing"}
			}
		},
		{
			"name": "Front2",
			"from": [4, 11, 6],
			"to": [5, 12, 6],
			"rotation": {"angle": 0, "axis": "y", "origin": [8, 5, 8]},
			"faces": {
				"north": {"uv": [6.75, 10, 7, 10.5], "texture": "#0"},
				"east": {"uv": [0, 0, 0, 6], "texture": "#missing"},
				"south": {"uv": [6.75, 10, 7, 10.5], "texture": "#0"},
				"west": {"uv": [0, 0, 0, 6], "texture": "#missing"},
				"up": {"uv": [0, 0, 2, 0], "rotation": 180, "texture": "#missing"},
				"down": {"uv": [0, 0, 2, 0], "rotation": 180, "texture": "#missing"}
			}
		},
		{
			"name": "Front3",
			"from": [9, 10, 6],
			"to": [12, 11, 6],
			"rotation": {"angle": 0, "axis": "y", "origin": [8, 5, 8]},
			"faces": {
				"north": {"uv": [5, 10.5, 5.75, 11], "texture": "#0"},
				"east": {"uv": [0, 0, 0, 6], "texture": "#missing"},
				"south": {"uv": [5, 10.5, 5.75, 11], "texture": "#0"},
				"west": {"uv": [0, 0, 0, 6], "texture": "#missing"},
				"up": {"uv": [0, 0, 2, 0], "rotation": 180, "texture": "#missing"},
				"down": {"uv": [0, 0, 2, 0], "rotation": 180, "texture": "#missing"}
			}
		},
		{
			"name": "Front4",
			"from": [4, 10, 6],
			"to": [7, 11, 6],
			"rotation": {"angle": 0, "axis": "y", "origin": [8, 5, 8]},
			"faces": {
				"north": {"uv": [6.25, 10.5, 7, 11], "texture": "#0"},
				"east": {"uv": [0, 0, 0, 6], "texture": "#missing"},
				"south": {"uv": [6.25, 10.5, 7, 11], "texture": "#0"},
				"west": {"uv": [0, 0, 0, 6], "texture": "#missing"},
				"up": {"uv": [0, 0, 2, 0], "rotation": 180, "texture": "#missing"},
				"down": {"uv": [0, 0, 2, 0], "rotation": 180, "texture": "#missing"}
			}
		},
		{
			"name": "Front5",
			"from": [4, 7, 6],
			"to": [12, 10, 6],
			"rotation": {"angle": 0, "axis": "y", "origin": [8, 5, 8]},
			"faces": {
				"north": {"uv": [5, 11, 7, 12.5], "texture": "#0"},
				"east": {"uv": [0, 0, 0, 6], "texture": "#missing"},
				"south": {"uv": [5, 11, 7, 12.5], "texture": "#0"},
				"west": {"uv": [0, 0, 0, 6], "texture": "#missing"},
				"up": {"uv": [0, 0, 2, 0], "rotation": 180, "texture": "#missing"},
				"down": {"uv": [0, 0, 2, 0], "rotation": 180, "texture": "#missing"}
			}
		},
		{
			"name": "Front6",
			"from": [10, 6, 6],
			"to": [12, 7, 6],
			"rotation": {"angle": 0, "axis": "y", "origin": [8, 5, 8]},
			"faces": {
				"north": {"uv": [5, 12.5, 5.5, 13], "texture": "#0"},
				"east": {"uv": [0, 0, 0, 6], "texture": "#missing"},
				"south": {"uv": [5, 12.5, 5.5, 13], "texture": "#0"},
				"west": {"uv": [0, 0, 0, 6], "texture": "#missing"},
				"up": {"uv": [0, 0, 2, 0], "rotation": 180, "texture": "#missing"},
				"down": {"uv": [0, 0, 2, 0], "rotation": 180, "texture": "#missing"}
			}
		},
		{
			"name": "Front7",
			"from": [7, 6, 6],
			"to": [9, 7, 6],
			"rotation": {"angle": 0, "axis": "y", "origin": [5, 5, 8]},
			"faces": {
				"north": {"uv": [5.75, 12.5, 6.25, 13], "texture": "#0"},
				"east": {"uv": [0, 0, 0, 6], "texture": "#missing"},
				"south": {"uv": [5.75, 12.5, 6.25, 13], "texture": "#0"},
				"west": {"uv": [0, 0, 0, 6], "texture": "#missing"},
				"up": {"uv": [0, 0, 2, 0], "rotation": 180, "texture": "#missing"},
				"down": {"uv": [0, 0, 2, 0], "rotation": 180, "texture": "#missing"}
			}
		},
		{
			"name": "Front8",
			"from": [4, 6, 6],
			"to": [6, 7, 6],
			"rotation": {"angle": 0, "axis": "y", "origin": [2, 5, 8]},
			"faces": {
				"north": {"uv": [6.5, 12.5, 7, 13], "texture": "#0"},
				"east": {"uv": [0, 0, 0, 6], "texture": "#missing"},
				"south": {"uv": [6.5, 12.5, 7, 13], "texture": "#0"},
				"west": {"uv": [0, 0, 0, 6], "texture": "#missing"},
				"up": {"uv": [0, 0, 2, 0], "rotation": 180, "texture": "#missing"},
				"down": {"uv": [0, 0, 2, 0], "rotation": 180, "texture": "#missing"}
			}
		},
		{
			"name": "Front9",
			"from": [9, 5, 6],
			"to": [11, 6, 6],
			"rotation": {"angle": 0, "axis": "y", "origin": [7, 4, 8]},
			"faces": {
				"north": {"uv": [5.25, 13, 5.75, 13.5], "texture": "#0"},
				"east": {"uv": [0, 0, 0, 6], "texture": "#missing"},
				"south": {"uv": [5.25, 13, 5.75, 13.5], "texture": "#0"},
				"west": {"uv": [0, 0, 0, 6], "texture": "#missing"},
				"up": {"uv": [0, 0, 2, 0], "rotation": 180, "texture": "#missing"},
				"down": {"uv": [0, 0, 2, 0], "rotation": 180, "texture": "#missing"}
			}
		},
		{
			"name": "Front10",
			"from": [5, 5, 6],
			"to": [7, 6, 6],
			"rotation": {"angle": 0, "axis": "y", "origin": [3, 4, 8]},
			"faces": {
				"north": {"uv": [6.25, 13, 6.75, 13.5], "texture": "#0"},
				"east": {"uv": [0, 0, 0, 6], "texture": "#missing"},
				"south": {"uv": [6.25, 13, 6.75, 13.5], "texture": "#0"},
				"west": {"uv": [0, 0, 0, 6], "texture": "#missing"},
				"up": {"uv": [0, 0, 2, 0], "rotation": 180, "texture": "#missing"},
				"down": {"uv": [0, 0, 2, 0], "rotation": 180, "texture": "#missing"}
			}
		},
		{
			"name": "Front11",
			"from": [4, 0, 6],
			"to": [12, 2, 6],
			"rotation": {"angle": 0, "axis": "y", "origin": [8, 5, 8]},
			"faces": {
				"north": {"uv": [5, 15, 7, 16], "texture": "#0"},
				"east": {"uv": [0, 0, 0, 6], "texture": "#missing"},
				"south": {"uv": [5, 15, 7, 16], "texture": "#0"},
				"west": {"uv": [0, 0, 0, 6], "texture": "#missing"},
				"up": {"uv": [0, 0, 2, 0], "rotation": 180, "texture": "#missing"},
				"down": {"uv": [0, 0, 2, 0], "rotation": 180, "texture": "#missing"}
			}
		},
		{
			"name": "Back1",
			"from": [11, 11, 10],
			"to": [12, 12, 10],
			"rotation": {"angle": 0, "axis": "y", "origin": [8, 5, 12]},
			"faces": {
				"north": {"uv": [8, 10, 8.25, 10.5], "texture": "#0"},
				"east": {"uv": [0, 0, 0, 6], "texture": "#missing"},
				"south": {"uv": [8, 10, 8.25, 10.5], "texture": "#0"},
				"west": {"uv": [0, 0, 0, 6], "texture": "#missing"},
				"up": {"uv": [0, 0, 2, 0], "rotation": 180, "texture": "#missing"},
				"down": {"uv": [0, 0, 2, 0], "rotation": 180, "texture": "#missing"}
			}
		},
		{
			"name": "Back2",
			"from": [4, 11, 10],
			"to": [5, 12, 10],
			"rotation": {"angle": 0, "axis": "y", "origin": [8, 5, 12]},
			"faces": {
				"north": {"uv": [9.75, 10, 10, 10.5], "texture": "#0"},
				"east": {"uv": [0, 0, 0, 6], "texture": "#missing"},
				"south": {"uv": [9.75, 10, 10, 10.5], "texture": "#0"},
				"west": {"uv": [0, 0, 0, 6], "texture": "#missing"},
				"up": {"uv": [0, 0, 2, 0], "rotation": 180, "texture": "#missing"},
				"down": {"uv": [0, 0, 2, 0], "rotation": 180, "texture": "#missing"}
			}
		},
		{
			"name": "Back3",
			"from": [9, 10, 10],
			"to": [12, 11, 10],
			"rotation": {"angle": 0, "axis": "y", "origin": [8, 5, 12]},
			"faces": {
				"north": {"uv": [8, 10.5, 8.75, 11], "texture": "#0"},
				"east": {"uv": [0, 0, 0, 6], "texture": "#missing"},
				"south": {"uv": [8, 10.5, 8.75, 11], "texture": "#0"},
				"west": {"uv": [0, 0, 0, 6], "texture": "#missing"},
				"up": {"uv": [0, 0, 2, 0], "rotation": 180, "texture": "#missing"},
				"down": {"uv": [0, 0, 2, 0], "rotation": 180, "texture": "#missing"}
			}
		},
		{
			"name": "Back4",
			"from": [4, 10, 10],
			"to": [7, 11, 10],
			"rotation": {"angle": 0, "axis": "y", "origin": [8, 5, 12]},
			"faces": {
				"north": {"uv": [9.25, 10.5, 10, 11], "texture": "#0"},
				"east": {"uv": [0, 0, 0, 6], "texture": "#missing"},
				"south": {"uv": [9.25, 10.5, 10, 11], "texture": "#0"},
				"west": {"uv": [0, 0, 0, 6], "texture": "#missing"},
				"up": {"uv": [0, 0, 2, 0], "rotation": 180, "texture": "#missing"},
				"down": {"uv": [0, 0, 2, 0], "rotation": 180, "texture": "#missing"}
			}
		},
		{
			"name": "Back5",
			"from": [4, 7, 10],
			"to": [12, 10, 10],
			"rotation": {"angle": 0, "axis": "y", "origin": [8, 5, 12]},
			"faces": {
				"north": {"uv": [8, 11, 10, 12.5], "texture": "#0"},
				"east": {"uv": [0, 0, 0, 6], "texture": "#missing"},
				"south": {"uv": [8, 11, 10, 12.5], "texture": "#0"},
				"west": {"uv": [0, 0, 0, 6], "texture": "#missing"},
				"up": {"uv": [0, 0, 2, 0], "rotation": 180, "texture": "#missing"},
				"down": {"uv": [0, 0, 2, 0], "rotation": 180, "texture": "#missing"}
			}
		},
		{
			"name": "Back6",
			"from": [10, 6, 10],
			"to": [12, 7, 10],
			"rotation": {"angle": 0, "axis": "y", "origin": [8, 5, 12]},
			"faces": {
				"north": {"uv": [8, 12.5, 8.5, 13], "texture": "#0"},
				"east": {"uv": [0, 0, 0, 6], "texture": "#missing"},
				"south": {"uv": [8, 12.5, 8.5, 13], "texture": "#0"},
				"west": {"uv": [0, 0, 0, 6], "texture": "#missing"},
				"up": {"uv": [0, 0, 2, 0], "rotation": 180, "texture": "#missing"},
				"down": {"uv": [0, 0, 2, 0], "rotation": 180, "texture": "#missing"}
			}
		},
		{
			"name": "Back7",
			"from": [7, 6, 10],
			"to": [9, 7, 10],
			"rotation": {"angle": 0, "axis": "y", "origin": [5, 5, 12]},
			"faces": {
				"north": {"uv": [8.75, 12.5, 9.25, 13], "texture": "#0"},
				"east": {"uv": [0, 0, 0, 6], "texture": "#missing"},
				"south": {"uv": [8.75, 12.5, 9.25, 13], "texture": "#0"},
				"west": {"uv": [0, 0, 0, 6], "texture": "#missing"},
				"up": {"uv": [0, 0, 2, 0], "rotation": 180, "texture": "#missing"},
				"down": {"uv": [0, 0, 2, 0], "rotation": 180, "texture": "#missing"}
			}
		},
		{
			"name": "Back8",
			"from": [4, 6, 10],
			"to": [6, 7, 10],
			"rotation": {"angle": 0, "axis": "y", "origin": [2, 5, 12]},
			"faces": {
				"north": {"uv": [9.5, 12.5, 10, 13], "texture": "#0"},
				"east": {"uv": [0, 0, 0, 6], "texture": "#missing"},
				"south": {"uv": [9.5, 12.5, 10, 13], "texture": "#0"},
				"west": {"uv": [0, 0, 0, 6], "texture": "#missing"},
				"up": {"uv": [0, 0, 2, 0], "rotation": 180, "texture": "#missing"},
				"down": {"uv": [0, 0, 2, 0], "rotation": 180, "texture": "#missing"}
			}
		},
		{
			"name": "Back9",
			"from": [9, 5, 10],
			"to": [11, 6, 10],
			"rotation": {"angle": 0, "axis": "y", "origin": [7, 4, 12]},
			"faces": {
				"north": {"uv": [8.25, 13, 8.75, 13.5], "texture": "#0"},
				"east": {"uv": [0, 0, 0, 6], "texture": "#missing"},
				"south": {"uv": [8.25, 13, 8.75, 13.5], "texture": "#0"},
				"west": {"uv": [0, 0, 0, 6], "texture": "#missing"},
				"up": {"uv": [0, 0, 2, 0], "rotation": 180, "texture": "#missing"},
				"down": {"uv": [0, 0, 2, 0], "rotation": 180, "texture": "#missing"}
			}
		},
		{
			"name": "Back10",
			"from": [5, 5, 10],
			"to": [7, 6, 10],
			"rotation": {"angle": 0, "axis": "y", "origin": [3, 4, 12]},
			"faces": {
				"north": {"uv": [9.25, 13, 9.75, 13.5], "texture": "#0"},
				"east": {"uv": [0, 0, 0, 6], "texture": "#missing"},
				"south": {"uv": [9.25, 13, 9.75, 13.5], "texture": "#0"},
				"west": {"uv": [0, 0, 0, 6], "texture": "#missing"},
				"up": {"uv": [0, 0, 2, 0], "rotation": 180, "texture": "#missing"},
				"down": {"uv": [0, 0, 2, 0], "rotation": 180, "texture": "#missing"}
			}
		},
		{
			"name": "Back11",
			"from": [4, 0, 10],
			"to": [12, 2, 10],
			"rotation": {"angle": 0, "axis": "y", "origin": [8, 5, 12]},
			"faces": {
				"north": {"uv": [8, 15, 10, 16], "texture": "#0"},
				"east": {"uv": [0, 0, 0, 6], "texture": "#missing"},
				"south": {"uv": [8, 15, 10, 16], "texture": "#0"},
				"west": {"uv": [0, 0, 0, 6], "texture": "#missing"},
				"up": {"uv": [0, 0, 2, 0], "rotation": 180, "texture": "#missing"},
				"down": {"uv": [0, 0, 2, 0], "rotation": 180, "texture": "#missing"}
			}
		},
		{
			"name": "Back12",
			"from": [5, 2, 10],
			"to": [11, 3, 10],
			"rotation": {"angle": 0, "axis": "y", "origin": [8, 7, 12]},
			"faces": {
				"north": {"uv": [8.25, 14.5, 9.75, 15], "texture": "#0"},
				"east": {"uv": [0, 0, 0, 6], "texture": "#missing"},
				"south": {"uv": [8.25, 14.5, 9.75, 15], "texture": "#0"},
				"west": {"uv": [0, 0, 0, 6], "texture": "#missing"},
				"up": {"uv": [0, 0, 2, 0], "rotation": 180, "texture": "#missing"},
				"down": {"uv": [0, 0, 2, 0], "rotation": 180, "texture": "#missing"}
			}
		},
		{
			"name": "Back13",
			"from": [6, 3, 10],
			"to": [10, 4, 10],
			"rotation": {"angle": 0, "axis": "y", "origin": [8, 8, 12]},
			"faces": {
				"north": {"uv": [8.5, 14, 9.5, 14.5], "texture": "#0"},
				"east": {"uv": [0, 0, 0, 6], "texture": "#missing"},
				"south": {"uv": [8.5, 14, 9.5, 14.5], "texture": "#0"},
				"west": {"uv": [0, 0, 0, 6], "texture": "#missing"},
				"up": {"uv": [0, 0, 2, 0], "rotation": 180, "texture": "#missing"},
				"down": {"uv": [0, 0, 2, 0], "rotation": 180, "texture": "#missing"}
			}
		},
		{
			"name": "Back14",
			"from": [7, 4, 10],
			"to": [9, 5, 10],
			"rotation": {"angle": 0, "axis": "y", "origin": [8, 9, 12]},
			"faces": {
				"north": {"uv": [8.75, 13.5, 9.25, 14], "texture": "#0"},
				"east": {"uv": [0, 0, 0, 6], "texture": "#missing"},
				"south": {"uv": [8.75, 13.5, 9.25, 14], "texture": "#0"},
				"west": {"uv": [0, 0, 0, 6], "texture": "#missing"},
				"up": {"uv": [0, 0, 2, 0], "rotation": 180, "texture": "#missing"},
				"down": {"uv": [0, 0, 2, 0], "rotation": 180, "texture": "#missing"}
			}
		},
		{
			"name": "head",
			"from": [4, 12, 4],
			"to": [12, 20, 12],
			"rotation": {"angle": 0, "axis": "y", "origin": [8, 5, 8]},
			"faces": {
				"north": {"uv": [2, 4, 4, 8], "texture": "#0"},
				"east": {"uv": [0, 4, 2, 8], "texture": "#0"},
				"south": {"uv": [6, 8, 4, 4], "texture": "#0"},
				"west": {"uv": [4, 4, 6, 8], "texture": "#0"},
				"up": {"uv": [4, 4, 2, 0], "texture": "#0"},
				"down": {"uv": [6, 4, 4, 8], "texture": "#0"}
			}
		},
		{
			"name": "RightArm",
			"from": [12, 0, 7],
			"to": [14, 12, 9],
			"rotation": {"angle": 0, "axis": "y", "origin": [8, 5, 8]},
			"faces": {
				"north": {"uv": [10.5, 9, 11, 15], "texture": "#0"},
				"east": {"uv": [10, 9, 10.5, 15], "texture": "#0"},
				"south": {"uv": [11.5, 9, 12, 15], "texture": "#0"},
				"west": {"uv": [11, 9, 11.5, 15], "texture": "#0"},
				"up": {"uv": [11, 9, 10.5, 8], "texture": "#0"},
				"down": {"uv": [11.5, 8, 11, 9], "texture": "#0"}
			}
		},
		{
			"name": "LeftArm",
			"from": [2, 0, 7],
			"to": [4, 12, 9],
			"rotation": {"angle": 0, "axis": "y", "origin": [8, 5, 8]},
			"faces": {
				"north": {"uv": [11, 9, 10.5, 15], "texture": "#0"},
				"east": {"uv": [11.5, 9, 11, 15], "texture": "#0"},
				"south": {"uv": [12, 9, 11.5, 15], "texture": "#0"},
				"west": {"uv": [10.5, 9, 10, 15], "texture": "#0"},
				"up": {"uv": [10.5, 9, 11, 8], "texture": "#0"},
				"down": {"uv": [11, 8, 11.5, 9], "texture": "#0"}
			}
		},
		{
			"name": "RightLeg",
			"from": [9, -12, 7],
			"to": [11, 0, 9],
			"rotation": {"angle": 0, "axis": "y", "origin": [8, 5, 8]},
			"faces": {
				"north": {"uv": [0.5, 9, 1, 15], "texture": "#0"},
				"east": {"uv": [0, 9, 0.5, 15], "texture": "#0"},
				"south": {"uv": [1.5, 9, 2, 15], "texture": "#0"},
				"west": {"uv": [1, 9, 1.5, 15], "texture": "#0"},
				"up": {"uv": [1, 9, 0.5, 8], "texture": "#0"},
				"down": {"uv": [1.5, 8, 1, 9], "texture": "#0"}
			}
		},
		{
			"name": "LeftLeg",
			"from": [5, -12, 7],
			"to": [7, 0, 9],
			"rotation": {"angle": 0, "axis": "y", "origin": [8, 5, 8]},
			"faces": {
				"north": {"uv": [1, 9, 0.5, 15], "texture": "#0"},
				"east": {"uv": [1.5, 9, 1, 15], "texture": "#0"},
				"south": {"uv": [2, 9, 1.5, 15], "texture": "#0"},
				"west": {"uv": [0.5, 9, 0, 15], "texture": "#0"},
				"up": {"uv": [0.5, 9, 1, 8], "texture": "#0"},
				"down": {"uv": [1, 8, 1.5, 9], "texture": "#0"}
			}
		},
		{
			"from": [1, -16, 1],
			"to": [15, -12, 15],
			"rotation": {"angle": 0, "axis": "y", "origin": [7, -14, 7]},
			"faces": {
				"north": {"uv": [7, 0, 14, 2], "texture": "#1"},
				"east": {"uv": [7, 2, 14, 4], "texture": "#1"},
				"south": {"uv": [7, 4, 14, 6], "texture": "#1"},
				"west": {"uv": [7, 6, 14, 8], "texture": "#1"},
				"up": {"uv": [7, 7, 0, 0], "texture": "#1"},
				"down": {"uv": [7, 0, 0, 7], "texture": "#1"}
			}
		}
	],
	"display": {
		"thirdperson_righthand": {
			"rotation": [21.37, 56.48, -38.78],
			"translation": [0, -2.75, 0],
			"scale": [0.42, 0.42, 0.42]
		},
		"thirdperson_lefthand": {
			"rotation": [21.37, 56.48, -38.78],
			"translation": [0, -2.75, 0],
			"scale": [0.42, 0.42, 0.42]
		},
		"ground": {
			"translation": [0, 0.5, 0],
			"scale": [0.4, 0.4, 0.4]
		},
		"gui": {
			"rotation": [-148.75, 24.75, -180],
			"translation": [0, -2.75, 0],
			"scale": [0.54, 0.54, 0.54]
		},
		"head": {
			"translation": [0, -26.5, 0],
			"scale": [2.15, 2.15, 2.15]
		},
		"fixed": {
			"rotation": [-90, 0, 0],
			"translation": [0, 0, -20.75],
			"scale": [2.83, 2.83, 2.83]
		}
	},
	"groups": [
		{
			"name": "waist",
			"origin": [0, 12, 0],
			"color": 0,
			"children": [
				{
					"name": "Body",
					"origin": [0, 24, 0],
					"color": 0,
					"children": [
						{
							"name": "Left",
							"origin": [8, 11, 8],
							"color": 0,
							"children": [0, 1, 2]
						},
						{
							"name": "Right",
							"origin": [8, 5, 8],
							"color": 0,
							"children": [3, 4, 5]
						},
						{
							"name": "Front",
							"origin": [8, 5, 8],
							"color": 0,
							"children": [6, 7, 8, 9, 10, 11, 12, 13, 14, 15, 16]
						},
						{
							"name": "Back",
							"origin": [8, 5, 8],
							"color": 0,
							"children": [17, 18, 19, 20, 21, 22, 23, 24, 25, 26, 27, 28, 29, 30]
						}
					]
				}
			]
		},
		{
			"name": "head",
			"origin": [0, 24, 0],
			"color": 0,
			"children": [31]
		},
		{
			"name": "RightArm",
			"origin": [5, 22, 0],
			"color": 0,
			"children": [32]
		},
		{
			"name": "LeftArm",
			"origin": [-5, 22, 0],
			"color": 0,
			"children": [
				33,
				{
					"name": "leftItem",
					"origin": [-6, 15, 1],
					"color": 0,
					"children": []
				}
			]
		},
		{
			"name": "RightLeg",
			"origin": [2, 12, 0],
			"color": 0,
			"children": [34]
		},
		{
			"name": "LeftLeg",
			"origin": [-2, 12, 0],
			"color": 0,
			"children": [35]
		},
		36
	]
}