{
	"credit": "Made with Blockbench",
	"textures": {
		"0": "fun/burger",
		"particle": "fun/burger"
	},
	"elements": [
		{
			"from": [5, 3.75, 5],
			"to": [11, 4.75, 11],
			"rotation": {"angle": 0, "axis": "y", "origin": [0, -1.25, 0]},
			"faces": {
				"north": {"uv": [0, 3.5, 3, 4], "texture": "#0"},
				"east": {"uv": [0, 3.5, 3, 4], "texture": "#0"},
				"south": {"uv": [0, 3.5, 3, 4], "texture": "#0"},
				"west": {"uv": [0, 3.5, 3, 4], "texture": "#0"},
				"up": {"uv": [0, 0, 3, 3], "texture": "#0"},
				"down": {"uv": [3.5, 0, 6.5, 3], "texture": "#0"}
			}
		},
		{
			"from": [5, 0, 5],
			"to": [11, 1, 11],
			"rotation": {"angle": 0, "axis": "y", "origin": [0, -1.25, 0]},
			"faces": {
				"north": {"uv": [0, 3.5, 3, 4], "texture": "#0"},
				"east": {"uv": [0, 3.5, 3, 4], "texture": "#0"},
				"south": {"uv": [0, 3.5, 3, 4], "texture": "#0"},
				"west": {"uv": [0, 3.5, 3, 4], "texture": "#0"},
				"up": {"uv": [7, 0, 10, 3], "texture": "#0"},
				"down": {"uv": [7, 4.5, 10, 7.5], "texture": "#0"}
			}
		},
		{
			"from": [5, 2.75, 5],
			"to": [11, 3.75, 11],
			"rotation": {"angle": 0, "axis": "y", "origin": [0, -1.25, 0]},
			"faces": {
				"north": {"uv": [3.5, 3.5, 6.5, 4], "texture": "#0"},
				"east": {"uv": [3.5, 3.5, 6.5, 4], "texture": "#0"},
				"south": {"uv": [3.5, 3.5, 6.5, 4], "texture": "#0"},
				"west": {"uv": [3.5, 3.5, 6.5, 4], "texture": "#0"},
				"up": {"uv": [0, 4.5, 3, 7.5], "texture": "#0"},
				"down": {"uv": [0, 4.5, 3, 7.5], "texture": "#0"}
			}
		},
		{
			"from": [5, 2, 5],
			"to": [11, 3, 11],
			"rotation": {"angle": -22.5, "axis": "y", "origin": [8, 0.75, 8]},
			"faces": {
				"north": {"uv": [3.5, 4.5, 6.5, 7.5], "rotation": 270, "texture": "#0"},
				"east": {"uv": [3.5, 4.5, 6.5, 7.5], "rotation": 270, "texture": "#0"},
				"south": {"uv": [3.5, 4.5, 6.5, 7.5], "rotation": 270, "texture": "#0"},
				"west": {"uv": [3.5, 4.5, 6.5, 7.5], "rotation": 270, "texture": "#0"},
				"up": {"uv": [3.5, 4.5, 6.5, 7.5], "rotation": 270, "texture": "#0"},
				"down": {"uv": [3.5, 4.5, 6.5, 7.5], "rotation": 270, "texture": "#0"}
			}
		},
		{
			"from": [5, 1, 5],
			"to": [11, 2, 11],
			"rotation": {"angle": 45, "axis": "y", "origin": [8, 0.75, 8]},
			"faces": {
				"north": {"uv": [7, 3.5, 10, 4], "texture": "#0"},
				"east": {"uv": [7, 3.5, 10, 4], "texture": "#0"},
				"south": {"uv": [7, 3.5, 10, 4], "texture": "#0"},
				"west": {"uv": [7, 3.5, 10, 4], "texture": "#0"},
				"up": {"uv": [3.5, 8, 6.5, 11], "texture": "#0"},
				"down": {"uv": [3.5, 8, 6.5, 11], "texture": "#0"}
			}
		},
		{
			"from": [5, 1.99, 5],
			"to": [11, 2.09, 11],
			"rotation": {"angle": 22.5, "axis": "y", "origin": [8, 0.75, 8]},
			"faces": {
				"north": {"uv": [0, 8, 3, 11], "texture": "#0"},
				"east": {"uv": [0, 8, 3, 11], "texture": "#0"},
				"south": {"uv": [0, 8, 3, 11], "texture": "#0"},
				"west": {"uv": [0, 8, 3, 11], "texture": "#0"},
				"up": {"uv": [0, 8, 3, 11], "texture": "#0"},
				"down": {"uv": [0, 8, 3, 11], "texture": "#0"}
			}
		}
	],
	"display": {
		"thirdperson_righthand": {
			"rotation": [65, 0, 0],
			"translation": [0, 3.5, 3.5],
			"scale": [0.75, 0.75, 0.75]
		},
		"thirdperson_lefthand": {
			"rotation": [65, 0, 0],
			"translation": [0, 3.5, 3.5],
			"scale": [0.75, 0.75, 0.75]
		},
		"firstperson_righthand": {
			"rotation": [0, 7, 0],
			"translation": [-0.75, 9, 0]
		},
		"firstperson_lefthand": {
			"rotation": [0, -7, 0],
			"translation": [-0.75, 9, 0]
		},
		"ground": {
			"translation": [0, 4.5, 0]
		},
		"gui": {
			"rotation": [14, 20, 0],
			"translation": [0, 6.25, 0],
			"scale": [1.2, 1.2, 1.2]
		},
		"fixed": {
			"translation": [0, 5.25, -0.75],
			"scale": [1, 1.01, 0.2]
		}
	}
}