{
  "sources": [
    {
      "type": "directory",
      "source": "block",
      "prefix": "block/"
    },
    {
      "type": "directory",
      "source": "decision_dome",
      "prefix": "decision_dome/"
    },
    {
      "type": "directory",
      "source": "dome",
      "prefix": "dome/"
    },
    {
      "type": "directory",
      "source": "entity",
      "prefix": "entity/"
    },
    {
      "type": "directory",
      "source": "font",
      "prefix": "font/"
    },
    {
      "type": "directory",
      "source": "fun",
      "prefix": "fun/"
    },
    {
      "type": "directory",
      "source": "game_items",
      "prefix": "game_items/"
    },
    {
      "type": "directory",
      "source": "gui",
      "prefix": "gui/"
    },
    {
      "type": "directory",
      "source": "item",
      "prefix": "item/"
    },
    {
      "type": "directory",
      "source": "models",
      "prefix": "models/"
    },
    {
      "type": "directory",
      "source": "particle",
      "prefix": "particle/"
    },
    {
      "type": "directory",
      "source": "parkour_warrior",
      "prefix": "parkour_warrior/"
    },
    {
      "type": "directory",
      "source": "rocket_spleef",
      "prefix": "rocket_spleef/"
    }
  ]
}