{"display":{"thirdperson_righthand":{"rotation":[63,-154,0],"translation":[0,1,-1],"scale":[0.52539,0.52539,0.52539]},"thirdperson_lefthand":{"rotation":[63,-154,0],"translation":[0,1,-1],"scale":[0.52539,0.52539,0.52539]},"firstperson_righthand":{"rotation":[14.75,108.5,-5.5],"translation":[8.75,2.25,-5.75],"scale":[0.88476,0.88476,0.88476]},"firstperson_lefthand":{"rotation":[-1,-72,-5.5],"translation":[8.75,2.25,-5.75],"scale":[0.88476,0.88476,0.88476]},"ground":{"translation":[0,4.25,0],"scale":[0.43945,0.43945,0.43945]},"gui":{"rotation":[4.75,-176,29.75],"translation":[0.25,-0.25,0],"scale":[0.82969,0.82969,0.82969]},"head":{"translation":[0,-30.5,0],"scale":[1.6,1.6,1.6]}},"texture_size":[32,32],"textures":{"0":"grid_runners/key","particle":"grid_runners/key"},"elements":[{"from":[6.5,0,6.5],"to":[9.5,9,9.5],"rotation":{"angle":0,"axis":"y","origin":[-0.5,0,-0.5]},"faces":{"north":{"uv":[1.5,6.5,3,11],"texture":"#0"},"east":{"uv":[0,6.5,1.5,11],"texture":"#0"},"south":{"uv":[4.5,6.5,6,11],"texture":"#0"},"west":{"uv":[3,6.5,4.5,11],"texture":"#0"},"up":{"uv":[3,6.5,1.5,5],"texture":"#0"},"down":{"uv":[4.5,5,3,6.5],"texture":"#0"}}},{"from":[9.5,0,8],"to":[13.5,9,8],"rotation":{"angle":0,"axis":"y","origin":[-0.5,0,-0.5]},"faces":{"north":{"uv":[6,5,8,9.5],"texture":"#0"},"east":{"uv":[6,5,6,9.5],"texture":"#0"},"south":{"uv":[8,5,6,9.5],"texture":"#0"},"west":{"uv":[8,5,8,9.5],"texture":"#0"},"up":{"uv":[8,5,6,5],"texture":"#0"},"down":{"uv":[10,5,8,5],"texture":"#0"}}},{"from":[4.5,9,6.5],"to":[11.5,16,9.5],"rotation":{"angle":0,"axis":"y","origin":[-0.5,0,-0.5]},"faces":{"north":{"uv":[1.5,1.5,5,5],"texture":"#0"},"east":{"uv":[5,1.5,6.5,5],"texture":"#0"},"south":{"uv":[1.5,1.5,5,5],"texture":"#0"},"west":{"uv":[5,1.5,6.5,5],"texture":"#0"},"up":{"uv":[5,1.5,1.5,0],"texture":"#0"},"down":{"uv":[8.5,0,5,1.5],"texture":"#0"}}},{"name":"cube inverted","from":[11.5,16,9.5],"to":[4.5,9,6.5],"rotation":{"angle":0,"axis":"y","origin":[0.5,0,0.5]},"faces":{"north":{"uv":[1.5,5,5,1.5],"texture":"#0"},"east":{"uv":[5,5,6.5,1.5],"texture":"#0"},"south":{"uv":[1.5,5,5,1.5],"texture":"#0"},"west":{"uv":[5,5,6.5,1.5],"texture":"#0"},"up":{"uv":[5,0,8.5,1.5],"texture":"#0"},"down":{"uv":[1.5,1.5,5,0],"texture":"#0"}}}]}