{
	"credit": "Made with Blockbench",
	"textures": {
		"0": "training/props_outdoor_4",
		"1": "training/notice_board",
		"2": "training/notice_board_flash",
		"3": "training/notice_board_flash_2",
		"4": "training/notice_board_flash_3",
		"5": "training/notice_board_flash_4",
		"particle": "training/props_outdoor_4"
	},
	"elements": [
		{
			"from": [-8, -2, 7.25],
			"to": [24, 16, 8.75],
			"rotation": {"angle": 0, "axis": "y", "origin": [0, 0, 4]},
			"faces": {
				"north": {"uv": [6.125, 4.625, 14.125, 9.125], "texture": "#1"},
				"east": {"uv": [8.75, 0, 8.375, 4.5], "texture": "#0"},
				"south": {"uv": [0, 0, 8, 4.5], "texture": "#0"},
				"west": {"uv": [8.375, 0, 8.75, 4.5], "texture": "#0"},
				"up": {"uv": [0, 13.5, 8, 13.875], "texture": "#0"},
				"down": {"uv": [0, 13.875, 8, 14.25], "texture": "#0"}
			}
		},
		{
			"from": [-8, -8, 7.25],
			"to": [-6.5, -2, 8.75],
			"rotation": {"angle": 0, "axis": "y", "origin": [16, 0, 4]},
			"faces": {
				"north": {"uv": [8, 2.125, 8.375, 3.625], "texture": "#0"},
				"east": {"uv": [8.375, 2.125, 8, 3.625], "texture": "#0"},
				"south": {"uv": [8, 2.125, 8.375, 3.625], "texture": "#0"},
				"west": {"uv": [8.375, 2.125, 8, 3.625], "texture": "#0"},
				"up": {"uv": [8.125, 2.125, 8, 2.25], "texture": "#0"},
				"down": {"uv": [8.125, 2.125, 8, 2.25], "texture": "#0"}
			}
		},
		{
			"from": [22.5, -8, 7.25],
			"to": [24, -2, 8.75],
			"rotation": {"angle": 0, "axis": "y", "origin": [0, 0, 4]},
			"faces": {
				"north": {"uv": [8.375, 2.125, 8, 3.625], "texture": "#0"},
				"east": {"uv": [8, 2.125, 8.375, 3.625], "texture": "#0"},
				"south": {"uv": [8.375, 2.125, 8, 3.625], "texture": "#0"},
				"west": {"uv": [8, 2.125, 8.375, 3.625], "texture": "#0"},
				"up": {"uv": [8.125, 2.125, 8, 2.25], "texture": "#0"},
				"down": {"uv": [8.125, 2.125, 8, 2.25], "texture": "#0"}
			}
		},
		{
			"from": [-6.5, -6, 8],
			"to": [-2, -2, 8],
			"rotation": {"angle": 0, "axis": "y", "origin": [16, 0, 4]},
			"faces": {
				"north": {"uv": [9.875, 0, 8.75, 1], "texture": "#0"},
				"south": {"uv": [8.75, 0, 9.875, 1], "texture": "#0"}
			}
		},
		{
			"from": [18, -6, 8],
			"to": [22.5, -2, 8],
			"rotation": {"angle": 0, "axis": "y", "origin": [0, 0, 4]},
			"faces": {
				"north": {"uv": [8.75, 0, 9.875, 1], "texture": "#0"},
				"south": {"uv": [9.875, 0, 8.75, 1], "texture": "#0"}
			}
		},
		{
			"from": [15, 2.5, 6.5],
			"to": [21.5, 11, 6.5],
			"rotation": {"angle": 0, "axis": "y", "origin": [19.25, 13.25, 10]},
			"faces": {
				"north": {"uv": [0.125, 8.625, 2.625, 11.875], "texture": "#1"},
				"east": {"uv": [0, 13.5, 4.5, 13.875], "rotation": 90, "texture": "#1"},
				"west": {"uv": [0, 13.5, 4.5, 13.875], "rotation": 90, "texture": "#1"},
				"up": {"uv": [1, 13.5, 7, 13.875], "texture": "#1"},
				"down": {"uv": [1, 13.5, 7, 13.875], "texture": "#1"}
			}
		},
		{
			"from": [-6, 3.5, 6.5],
			"to": [0.5, 12, 6.5],
			"rotation": {"angle": 0, "axis": "y", "origin": [19.25, 13.25, 10]},
			"faces": {
				"north": {"uv": [2.75, 12, 5.25, 15.25], "texture": "#1"},
				"east": {"uv": [0, 13.5, 4.5, 13.875], "rotation": 90, "texture": "#1"},
				"west": {"uv": [0, 13.5, 4.5, 13.875], "rotation": 90, "texture": "#1"},
				"up": {"uv": [1, 13.5, 7, 13.875], "texture": "#1"},
				"down": {"uv": [1, 13.5, 7, 13.875], "texture": "#1"}
			}
		},
		{
			"from": [8, 5.5, 6.5],
			"to": [14.5, 14, 6.5],
			"rotation": {"angle": 0, "axis": "y", "origin": [19.25, 13.25, 10]},
			"faces": {
				"north": {"uv": [2.75, 8.625, 5.25, 11.875], "texture": "#1"},
				"east": {"uv": [0, 13.5, 4.5, 13.875], "rotation": 90, "texture": "#1"},
				"west": {"uv": [0, 13.5, 4.5, 13.875], "rotation": 90, "texture": "#1"},
				"up": {"uv": [1, 13.5, 7, 13.875], "texture": "#1"},
				"down": {"uv": [1, 13.5, 7, 13.875], "texture": "#1"}
			}
		},
		{
			"from": [1, 0.5, 6.5],
			"to": [7.5, 9, 6.5],
			"rotation": {"angle": 0, "axis": "y", "origin": [19.25, 13.25, 10]},
			"faces": {
				"north": {"uv": [0.125, 12, 2.625, 15.25], "texture": "#1"},
				"east": {"uv": [0, 13.5, 4.5, 13.875], "rotation": 90, "texture": "#1"},
				"west": {"uv": [0, 13.5, 4.5, 13.875], "rotation": 90, "texture": "#1"},
				"up": {"uv": [1, 13.5, 7, 13.875], "texture": "#1"},
				"down": {"uv": [1, 13.5, 7, 13.875], "texture": "#1"}
			}
		},
		{
			"from": [21, 7.75, 6],
			"to": [22, 8.75, 7],
			"rotation": {"angle": 0, "axis": "y", "origin": [8.5, 0, 4]},
			"faces": {
				"north": {"uv": [3.875, 4.625, 4.125, 4.875], "texture": "#1"},
				"east": {"uv": [4.125, 4.875, 3.875, 5.125], "texture": "#1"},
				"south": {"uv": [0.375, 0, 0.375, 0], "texture": "#1"},
				"west": {"uv": [3.875, 4.875, 4.125, 5.125], "texture": "#1"},
				"up": {"uv": [3.875, 5.125, 4.125, 4.875], "rotation": 90, "texture": "#1"},
				"down": {"uv": [3.875, 4.875, 4.125, 5.125], "rotation": 270, "texture": "#1"}
			}
		},
		{
			"from": [16, 10.5, 6],
			"to": [17, 11.5, 7],
			"rotation": {"angle": 0, "axis": "y", "origin": [8.5, 0, 4]},
			"faces": {
				"north": {"uv": [4.25, 4.625, 4.5, 4.875], "texture": "#1"},
				"east": {"uv": [4.5, 4.875, 4.25, 5.125], "texture": "#1"},
				"south": {"uv": [0.75, 0, 0.75, 0], "texture": "#1"},
				"west": {"uv": [4.25, 4.875, 4.5, 5.125], "texture": "#1"},
				"up": {"uv": [4.25, 5.125, 4.5, 4.875], "rotation": 90, "texture": "#1"},
				"down": {"uv": [4.25, 4.875, 4.5, 5.125], "rotation": 270, "texture": "#1"}
			}
		},
		{
			"from": [15.5, 2, 6],
			"to": [16.5, 3, 7],
			"rotation": {"angle": 0, "axis": "y", "origin": [8.5, 0, 4]},
			"faces": {
				"north": {"uv": [3.5, 4.625, 3.75, 4.875], "texture": "#1"},
				"east": {"uv": [3.75, 4.875, 3.5, 5.125], "texture": "#1"},
				"south": {"uv": [0, 0, 0, 0], "texture": "#1"},
				"west": {"uv": [3.5, 4.875, 3.75, 5.125], "texture": "#1"},
				"up": {"uv": [3.5, 5.125, 3.75, 4.875], "rotation": 90, "texture": "#1"},
				"down": {"uv": [3.5, 4.875, 3.75, 5.125], "rotation": 270, "texture": "#1"}
			}
		},
		{
			"from": [10.75, 13.5, 6],
			"to": [11.75, 14.5, 7],
			"rotation": {"angle": 0, "axis": "y", "origin": [8.5, 0, 4]},
			"faces": {
				"north": {"uv": [4.625, 4.625, 4.875, 4.875], "texture": "#1"},
				"east": {"uv": [4.875, 4.875, 4.625, 5.125], "texture": "#1"},
				"south": {"uv": [1.125, 0, 1.125, 0], "texture": "#1"},
				"west": {"uv": [4.625, 4.875, 4.875, 5.125], "texture": "#1"},
				"up": {"uv": [4.625, 5.125, 4.875, 4.875], "rotation": 90, "texture": "#1"},
				"down": {"uv": [4.625, 4.875, 4.875, 5.125], "rotation": 270, "texture": "#1"}
			}
		},
		{
			"from": [6, 7.5, 6],
			"to": [7, 8.5, 7],
			"rotation": {"angle": 0, "axis": "y", "origin": [8.5, 0, 4]},
			"faces": {
				"north": {"uv": [3.875, 4.625, 4.125, 4.875], "texture": "#1"},
				"east": {"uv": [4.125, 4.875, 3.875, 5.125], "texture": "#1"},
				"south": {"uv": [0.375, 0, 0.375, 0], "texture": "#1"},
				"west": {"uv": [3.875, 4.875, 4.125, 5.125], "texture": "#1"},
				"up": {"uv": [3.875, 5.125, 4.125, 4.875], "rotation": 90, "texture": "#1"},
				"down": {"uv": [3.875, 4.875, 4.125, 5.125], "rotation": 270, "texture": "#1"}
			}
		},
		{
			"from": [-2, 11.5, 6],
			"to": [-1, 12.5, 7],
			"rotation": {"angle": 0, "axis": "y", "origin": [8.5, 0, 4]},
			"faces": {
				"north": {"uv": [3.5, 4.625, 3.75, 4.875], "texture": "#1"},
				"east": {"uv": [3.75, 4.875, 3.5, 5.125], "texture": "#1"},
				"south": {"uv": [0, 0, 0, 0], "texture": "#1"},
				"west": {"uv": [3.5, 4.875, 3.75, 5.125], "texture": "#1"},
				"up": {"uv": [3.5, 5.125, 3.75, 4.875], "rotation": 90, "texture": "#1"},
				"down": {"uv": [3.5, 4.875, 3.75, 5.125], "rotation": 270, "texture": "#1"}
			}
		},
		{
			"from": [-4.5, 3, 6],
			"to": [-3.5, 4, 7],
			"rotation": {"angle": 0, "axis": "y", "origin": [8.5, 0, 4]},
			"faces": {
				"north": {"uv": [4.25, 4.625, 4.5, 4.875], "texture": "#1"},
				"east": {"uv": [4.5, 4.875, 4.25, 5.125], "texture": "#1"},
				"south": {"uv": [0.75, 0, 0.75, 0], "texture": "#1"},
				"west": {"uv": [4.25, 4.875, 4.5, 5.125], "texture": "#1"},
				"up": {"uv": [4.25, 5.125, 4.5, 4.875], "rotation": 90, "texture": "#1"},
				"down": {"uv": [4.25, 4.875, 4.5, 5.125], "rotation": 270, "texture": "#1"}
			}
		},
		{
			"from": [18.5, 9.5, 6.875],
			"to": [22, 14, 6.875],
			"rotation": {"angle": 0, "axis": "y", "origin": [8.5, 0, 4]},
			"faces": {
				"north": {"uv": [2.5, 6.875, 3.375, 8], "texture": "#1"},
				"east": {"uv": [0, 13.5, 4.5, 13.875], "rotation": 90, "texture": "#1"},
				"south": {"uv": [3.375, 6.875, 2.5, 8], "texture": "#1"},
				"west": {"uv": [0, 13.5, 4.5, 13.875], "rotation": 90, "texture": "#1"},
				"up": {"uv": [1, 13.5, 7, 13.875], "texture": "#1"},
				"down": {"uv": [1, 13.5, 7, 13.875], "texture": "#1"}
			}
		},
		{
			"from": [-5.5, 0.5, 6.875],
			"to": [-2, 5, 6.875],
			"rotation": {"angle": 0, "axis": "y", "origin": [8.5, 0, 4]},
			"faces": {
				"north": {"uv": [2.5, 6.875, 3.375, 8], "texture": "#1"},
				"east": {"uv": [0, 13.5, 4.5, 13.875], "rotation": 90, "texture": "#1"},
				"south": {"uv": [3.375, 6.875, 2.5, 8], "texture": "#1"},
				"west": {"uv": [0, 13.5, 4.5, 13.875], "rotation": 90, "texture": "#1"},
				"up": {"uv": [1, 13.5, 7, 13.875], "texture": "#1"},
				"down": {"uv": [1, 13.5, 7, 13.875], "texture": "#1"}
			}
		},
		{
			"from": [13.5, 6.5, 6.875],
			"to": [18, 13, 6.875],
			"rotation": {"angle": 0, "axis": "y", "origin": [8.5, 0, 4]},
			"faces": {
				"north": {"uv": [1.25, 6.875, 2.375, 8.5], "texture": "#1"},
				"east": {"uv": [0, 13.5, 4.5, 13.875], "rotation": 90, "texture": "#1"},
				"south": {"uv": [1.25, 6.875, 2.375, 8.5], "texture": "#1"},
				"west": {"uv": [0, 13.5, 4.5, 13.875], "rotation": 90, "texture": "#1"},
				"up": {"uv": [1, 13.5, 7, 13.875], "texture": "#1"},
				"down": {"uv": [1, 13.5, 7, 13.875], "texture": "#1"}
			}
		},
		{
			"from": [-2.5, 6.5, 6.875],
			"to": [2, 13, 6.875],
			"rotation": {"angle": 0, "axis": "y", "origin": [8.5, 0, 4]},
			"faces": {
				"north": {"uv": [3.5, 6.875, 4.625, 8.5], "texture": "#1"},
				"east": {"uv": [0, 13.5, 4.5, 13.875], "rotation": 90, "texture": "#1"},
				"south": {"uv": [3.5, 6.875, 4.625, 8.5], "texture": "#1"},
				"west": {"uv": [0, 13.5, 4.5, 13.875], "rotation": 90, "texture": "#1"},
				"up": {"uv": [1, 13.5, 7, 13.875], "texture": "#1"},
				"down": {"uv": [1, 13.5, 7, 13.875], "texture": "#1"}
			}
		},
		{
			"from": [12.5, 0.5, 6.625],
			"to": [17, 7, 6.625],
			"rotation": {"angle": 0, "axis": "y", "origin": [8.5, 0, 4]},
			"faces": {
				"north": {"uv": [3.5, 6.875, 4.625, 8.5], "texture": "#1"},
				"east": {"uv": [0, 13.5, 4.5, 13.875], "rotation": 90, "texture": "#1"},
				"south": {"uv": [3.5, 6.875, 4.625, 8.5], "texture": "#1"},
				"west": {"uv": [0, 13.5, 4.5, 13.875], "rotation": 90, "texture": "#1"},
				"up": {"uv": [1, 13.5, 7, 13.875], "texture": "#1"},
				"down": {"uv": [1, 13.5, 7, 13.875], "texture": "#1"}
			}
		},
		{
			"from": [6.5, 1.5, 6.625],
			"to": [11, 8, 6.625],
			"rotation": {"angle": 0, "axis": "y", "origin": [8.5, 0, 4]},
			"faces": {
				"north": {"uv": [0, 6.875, 1.125, 8.5], "texture": "#1"},
				"east": {"uv": [0, 13.5, 4.5, 13.875], "rotation": 90, "texture": "#1"},
				"south": {"uv": [0, 6.875, 1.125, 8.5], "texture": "#1"},
				"west": {"uv": [0, 13.5, 4.5, 13.875], "rotation": 90, "texture": "#1"},
				"up": {"uv": [1, 13.5, 7, 13.875], "texture": "#1"},
				"down": {"uv": [1, 13.5, 7, 13.875], "texture": "#1"}
			}
		},
		{
			"from": [13.5, 1, 5.875],
			"to": [23, 12.5, 5.875],
			"rotation": {"angle": 0, "axis": "y", "origin": [19.25, 4.75, 5.875]},
			"faces": {
				"north": {"uv": [3, 2.5, 12.5, 14], "texture": "#2"},
				"east": {"uv": [0, 13.5, 4.5, 13.875], "rotation": 90, "texture": "#2"},
				"south": {"uv": [3, 2.5, 12.5, 14], "texture": "#2"},
				"west": {"uv": [0, 13.5, 4.5, 13.875], "rotation": 90, "texture": "#2"},
				"up": {"uv": [1, 13.5, 7, 13.875], "texture": "#2"},
				"down": {"uv": [1, 13.5, 7, 13.875], "texture": "#2"}
			}
		},
		{
			"from": [6.5, 4, 5.875],
			"to": [16, 15.5, 5.875],
			"rotation": {"angle": 0, "axis": "y", "origin": [19.25, 4.75, 5.875]},
			"faces": {
				"north": {"uv": [3, 2.5, 12.5, 14], "texture": "#3"},
				"east": {"uv": [0, 13.5, 4.5, 13.875], "rotation": 90, "texture": "#3"},
				"south": {"uv": [3, 2.5, 12.5, 14], "texture": "#3"},
				"west": {"uv": [0, 13.5, 4.5, 13.875], "rotation": 90, "texture": "#3"},
				"up": {"uv": [1, 13.5, 7, 13.875], "texture": "#3"},
				"down": {"uv": [1, 13.5, 7, 13.875], "texture": "#3"}
			}
		},
		{
			"from": [-0.5, -1, 5.875],
			"to": [9, 10.5, 5.875],
			"rotation": {"angle": 0, "axis": "y", "origin": [19.25, 4.75, 5.875]},
			"faces": {
				"north": {"uv": [3, 2.5, 12.5, 14], "texture": "#4"},
				"east": {"uv": [0, 13.5, 4.5, 13.875], "rotation": 90, "texture": "#4"},
				"south": {"uv": [3, 2.5, 12.5, 14], "texture": "#4"},
				"west": {"uv": [0, 13.5, 4.5, 13.875], "rotation": 90, "texture": "#4"},
				"up": {"uv": [1, 13.5, 7, 13.875], "texture": "#4"},
				"down": {"uv": [1, 13.5, 7, 13.875], "texture": "#4"}
			}
		},
		{
			"from": [-7.5, 2, 5.875],
			"to": [2, 13.5, 5.875],
			"rotation": {"angle": 0, "axis": "y", "origin": [19.25, 4.75, 5.875]},
			"faces": {
				"north": {"uv": [3, 2.5, 12.5, 14], "texture": "#5"},
				"east": {"uv": [0, 13.5, 4.5, 13.875], "rotation": 90, "texture": "#5"},
				"south": {"uv": [3, 2.5, 12.5, 14], "texture": "#5"},
				"west": {"uv": [0, 13.5, 4.5, 13.875], "rotation": 90, "texture": "#5"},
				"up": {"uv": [1, 13.5, 7, 13.875], "texture": "#5"},
				"down": {"uv": [1, 13.5, 7, 13.875], "texture": "#5"}
			}
		}
	],
	"display": {
		"thirdperson_righthand": {
			"rotation": [63, 34, 0],
			"translation": [0, 1, -1],
			"scale": [0.37891, 0.37891, 0.37891]
		},
		"thirdperson_lefthand": {
			"rotation": [63, 34, 0],
			"translation": [0, 1, -1],
			"scale": [0.37891, 0.37891, 0.37891]
		},
		"firstperson_righthand": {
			"rotation": [3, 112, -13],
			"translation": [9.5, 0, -5.75],
			"scale": [0.35547, 0.35547, 0.35547]
		},
		"firstperson_lefthand": {
			"rotation": [3, 112, -13],
			"translation": [9.5, 0, -5.75],
			"scale": [0.35547, 0.35547, 0.35547]
		},
		"ground": {
			"translation": [0, 4.25, 0],
			"scale": [0.28906, 0.28906, 0.28906]
		},
		"gui": {
			"rotation": [30, -158, 0],
			"translation": [-0.25, -0.25, 0],
			"scale": [0.56992, 0.56992, 0.56992]
		},
		"head": {
			"translation": [0, 8, 0],
			"scale": [3.2, 3.2, 3.2]
		},
		"fixed": {
			"translation": [0, -3.25, -7.5]
		}
	}
}