{"textures":{"0":"minecraft:parkour_warrior/signs","particle":"minecraft:parkour_warrior/signs"},"elements":[{"from":[-12.0,0.0,7.5],"to":[28.0,16.0,8.5],"rotation":{"angle":0.0,"axis":"y","origin":[-12.0,0.0,4.0]},"faces":{"north":{"uv":[0.0,2.0,5.0,4.0],"texture":"#0"},"south":{"uv":[0.0,8.0,5.0,10.0],"texture":"#0"}}},{"from":[-15.0,16.0,7.0],"to":[31.0,18.0,9.0],"rotation":{"angle":0.0,"axis":"y","origin":[-8.0,0.0,4.0]},"faces":{"north":{"uv":[10.25,1.625,16.0,1.875],"texture":"#0"},"east":{"uv":[11.0,0.0,11.25,0.25],"texture":"#0"},"south":{"uv":[10.25,1.625,16.0,1.875],"texture":"#0"},"west":{"uv":[11.0,0.0,11.25,0.25],"texture":"#0"},"up":{"uv":[10.25,1.875,16.0,2.125],"texture":"#0"},"down":{"uv":[10.25,2.125,16.0,2.375],"texture":"#0"}}},{"from":[-15.0,-2.0,7.0],"to":[31.0,0.0,9.0],"rotation":{"angle":0.0,"axis":"y","origin":[-8.0,0.0,4.0]},"faces":{"north":{"uv":[10.25,1.625,16.0,1.875],"texture":"#0"},"east":{"uv":[11.0,0.0,11.25,0.25],"texture":"#0"},"south":{"uv":[10.25,1.625,16.0,1.875],"texture":"#0"},"west":{"uv":[11.0,0.0,11.25,0.25],"texture":"#0"},"up":{"uv":[10.25,1.875,16.0,2.125],"texture":"#0"},"down":{"uv":[10.25,2.125,16.0,2.375],"texture":"#0"}}},{"from":[28.015,-2.985,7.015],"to":[29.985,18.985,8.985],"rotation":{"angle":0.0,"axis":"z","origin":[8.0,17.0,8.0]},"faces":{"north":{"uv":[16.0,0.8125,13.25,1.0625],"texture":"#0","rotation":90},"east":{"uv":[13.25,1.3125,16.0,1.5625],"texture":"#0","rotation":270},"south":{"uv":[13.25,0.8125,16.0,1.0625],"texture":"#0","rotation":270},"west":{"uv":[13.25,1.0625,16.0,1.3125],"texture":"#0","rotation":270},"up":{"uv":[11.0,0.0,11.25,0.25],"texture":"#0","rotation":270},"down":{"uv":[11.0,0.0,11.25,0.25],"texture":"#0","rotation":270}}},{"from":[-13.985,-2.985,7.015],"to":[-12.015,18.985,8.985],"rotation":{"angle":0.0,"axis":"z","origin":[8.0,17.0,8.0]},"faces":{"north":{"uv":[16.0,1.0625,13.25,0.8125],"texture":"#0","rotation":90},"east":{"uv":[13.25,1.3125,16.0,1.0625],"texture":"#0","rotation":270},"south":{"uv":[13.25,1.0625,16.0,0.8125],"texture":"#0","rotation":270},"west":{"uv":[13.25,1.5625,16.0,1.3125],"texture":"#0","rotation":270},"up":{"uv":[11.0,0.25,11.25,0.0],"texture":"#0","rotation":270},"down":{"uv":[11.0,0.25,11.25,0.0],"texture":"#0","rotation":270}}},{"from":[-12.0,0.0,7.5],"to":[28.0,16.0,8.5],"rotation":{"angle":0.0,"axis":"y","origin":[-12.0,0.0,4.0]},"faces":{"north":{"uv":[0.0,2.0,5.0,4.0],"texture":"#0"},"south":{"uv":[0.0,8.0,5.0,10.0],"texture":"#0"}}},{"from":[-15.0,16.0,7.0],"to":[31.0,18.0,9.0],"rotation":{"angle":0.0,"axis":"y","origin":[-8.0,0.0,4.0]},"faces":{"north":{"uv":[10.25,1.625,16.0,1.875],"texture":"#0"},"east":{"uv":[11.0,0.0,11.25,0.25],"texture":"#0"},"south":{"uv":[10.25,1.625,16.0,1.875],"texture":"#0"},"west":{"uv":[11.0,0.0,11.25,0.25],"texture":"#0"},"up":{"uv":[10.25,1.875,16.0,2.125],"texture":"#0"},"down":{"uv":[10.25,2.125,16.0,2.375],"texture":"#0"}}},{"from":[-15.0,-2.0,7.0],"to":[31.0,0.0,9.0],"rotation":{"angle":0.0,"axis":"y","origin":[-8.0,0.0,4.0]},"faces":{"north":{"uv":[10.25,1.625,16.0,1.875],"texture":"#0"},"east":{"uv":[11.0,0.0,11.25,0.25],"texture":"#0"},"south":{"uv":[10.25,1.625,16.0,1.875],"texture":"#0"},"west":{"uv":[11.0,0.0,11.25,0.25],"texture":"#0"},"up":{"uv":[10.25,1.875,16.0,2.125],"texture":"#0"},"down":{"uv":[10.25,2.125,16.0,2.375],"texture":"#0"}}},{"from":[28.015,-2.985,7.015],"to":[29.985,18.985,8.985],"rotation":{"angle":0.0,"axis":"z","origin":[8.0,17.0,8.0]},"faces":{"north":{"uv":[16.0,0.8125,13.25,1.0625],"texture":"#0","rotation":90},"east":{"uv":[13.25,1.3125,16.0,1.5625],"texture":"#0","rotation":270},"south":{"uv":[13.25,0.8125,16.0,1.0625],"texture":"#0","rotation":270},"west":{"uv":[13.25,1.0625,16.0,1.3125],"texture":"#0","rotation":270},"up":{"uv":[11.0,0.0,11.25,0.25],"texture":"#0","rotation":270},"down":{"uv":[11.0,0.0,11.25,0.25],"texture":"#0","rotation":270}}},{"from":[-13.985,-2.985,7.015],"to":[-12.015,18.985,8.985],"rotation":{"angle":0.0,"axis":"z","origin":[8.0,17.0,8.0]},"faces":{"north":{"uv":[16.0,1.0625,13.25,0.8125],"texture":"#0","rotation":90},"east":{"uv":[13.25,1.3125,16.0,1.0625],"texture":"#0","rotation":270},"south":{"uv":[13.25,1.0625,16.0,0.8125],"texture":"#0","rotation":270},"west":{"uv":[13.25,1.5625,16.0,1.3125],"texture":"#0","rotation":270},"up":{"uv":[11.0,0.25,11.25,0.0],"texture":"#0","rotation":270},"down":{"uv":[11.0,0.25,11.25,0.0],"texture":"#0","rotation":270}}}],"display":{"thirdperson_righthand":{"translation":[0.0,1.0,-1.0],"rotation":[63.0,34.0,0.0],"scale":[0.37891,0.37891,0.37891]},"thirdperson_lefthand":{"translation":[0.0,1.0,-1.0],"rotation":[63.0,34.0,0.0],"scale":[0.37891,0.37891,0.37891]},"firstperson_righthand":{"translation":[9.5,0.0,-5.75],"rotation":[3.0,112.0,-13.0],"scale":[0.35547,0.35547,0.35547]},"firstperson_lefthand":{"translation":[9.5,0.0,-5.75],"rotation":[3.0,112.0,-13.0],"scale":[0.35547,0.35547,0.35547]},"ground":{"translation":[0.0,4.25,0.0],"scale":[0.28906,0.28906,0.28906]},"gui":{"translation":[-0.25,-2.5,0.0],"rotation":[30.0,-158.0,0.0],"scale":[0.23594,0.23594,0.23594]},"head":{"translation":[0.0,-17.6,0.0],"scale":[3.2,3.2,3.2]},"fixed":{"translation":[0.0,-3.25,-7.5]}},"credit":"Made with Blockbench"}