{"display":{"thirdperson_righthand":{"rotation":[75,45,0],"translation":[0,2.5,0],"scale":[0.375,0.375,0.375]},"thirdperson_lefthand":{"rotation":[75,45,0],"translation":[0,2.5,0],"scale":[0.375,0.375,0.375]},"firstperson_righthand":{"rotation":[0,45,0],"scale":[0.4,0.4,0.4]},"firstperson_lefthand":{"rotation":[0,225,0],"scale":[0.4,0.4,0.4]},"ground":{"translation":[0,3,0],"scale":[0.25,0.25,0.25]},"gui":{"rotation":[30,225,0],"scale":[0.625,0.625,0.625]},"head":{"translation":[0,-5,0],"scale":[1.6,1.6,1.6]},"fixed":{"scale":[0.5,0.5,0.5]}},"texture_size":[64,64],"textures":{"0":"block/coin_crate","1":"survival_games/parachute_a","2":"survival_games/parachute_b","particle":"block/coin_crate"},"elements":[{"from":[1,-15,1],"to":[15,-1,15],"faces":{"north":{"uv":[8.5,0,15.5,7],"texture":"#0"},"east":{"uv":[8.5,0,15.5,7],"texture":"#0"},"south":{"uv":[8.5,0,15.5,7],"texture":"#0"},"west":{"uv":[8.5,0,15.5,7],"texture":"#0"},"up":{"uv":[0,0,7,7],"texture":"#0"},"down":{"uv":[0,0,7,7],"texture":"#0"}}},{"from":[0,-3,0],"to":[16,0,3],"faces":{"north":{"uv":[0,7,8,8.5],"texture":"#0"},"east":{"uv":[6.5,7,8,8.5],"texture":"#0"},"south":{"uv":[1.5,8.5,6.5,9],"rotation":180,"texture":"#0"},"west":{"uv":[0,7,1.5,8.5],"texture":"#0"},"up":{"uv":[0,7,8,8.5],"texture":"#0"},"down":{"uv":[1.5,8.5,6.5,9],"rotation":180,"texture":"#0"}}},{"from":[0,-3,13],"to":[16,0,16],"faces":{"north":{"uv":[1.5,8.5,6.5,9],"rotation":180,"texture":"#0"},"east":{"uv":[0,7,1.5,8.5],"texture":"#0"},"south":{"uv":[0,7,8,8.5],"texture":"#0"},"west":{"uv":[6.5,7,8,8.5],"texture":"#0"},"up":{"uv":[0,7,8,8.5],"rotation":180,"texture":"#0"},"down":{"uv":[1.5,8.5,6.5,9],"rotation":180,"texture":"#0"}}},{"from":[0,-16,13],"to":[16,-13,16],"faces":{"north":{"uv":[0,9.5,8,11],"rotation":180,"texture":"#0"},"east":{"uv":[0,7,1.5,8.5],"texture":"#0"},"south":{"uv":[0,7,8,8.5],"texture":"#0"},"west":{"uv":[6.5,7,8,8.5],"texture":"#0"},"up":{"uv":[0,7,8,8.5],"rotation":180,"texture":"#0"},"down":{"uv":[0,8.5,8,10],"texture":"#0"}}},{"from":[0,-16,0],"to":[16,-13,3],"faces":{"north":{"uv":[0,7,8,8.5],"texture":"#0"},"east":{"uv":[0,7,1.5,8.5],"texture":"#0"},"south":{"uv":[0,9.5,8,10],"rotation":180,"texture":"#0"},"west":{"uv":[0,7,1.5,8.5],"texture":"#0"},"up":{"uv":[0,7,8,8.5],"texture":"#0"},"down":{"uv":[0,8.5,8,10],"rotation":180,"texture":"#0"}}},{"from":[0,-13,0],"to":[3,-3,3],"faces":{"north":{"uv":[8.5,0,7,5],"texture":"#0"},"east":{"uv":[7,0,8.5,5],"texture":"#0"},"south":{"uv":[8.5,0,7,5],"texture":"#0"},"west":{"uv":[7,0,8.5,5],"texture":"#0"},"up":{"uv":[7,0,7.5,0.5],"texture":"#0"},"down":{"uv":[7,0,7.5,0.5],"texture":"#0"}}},{"from":[13,-13,0],"to":[16,-3,3],"rotation":{"angle":0,"axis":"y","origin":[16,0,0]},"faces":{"north":{"uv":[7,0,8.5,5],"texture":"#0"},"east":{"uv":[8.5,0,7,5],"texture":"#0"},"south":{"uv":[7,0,8.5,5],"texture":"#0"},"west":{"uv":[8.5,0,7,5],"texture":"#0"},"up":{"uv":[7.5,0,7,0.5],"texture":"#0"},"down":{"uv":[7.5,0,7,0.5],"texture":"#0"}}},{"from":[13,-13,13],"to":[16,-3,16],"rotation":{"angle":0,"axis":"y","origin":[16,0,16]},"faces":{"north":{"uv":[8.5,0,7,5],"texture":"#0"},"east":{"uv":[7,0,8.5,5],"texture":"#0"},"south":{"uv":[8.5,0,7,5],"texture":"#0"},"west":{"uv":[7,0,8.5,5],"texture":"#0"},"up":{"uv":[7.5,0.5,7,0],"texture":"#0"},"down":{"uv":[7.5,0.5,7,0],"texture":"#0"}}},{"from":[0,-13,13],"to":[3,-3,16],"rotation":{"angle":0,"axis":"y","origin":[0,0,16]},"faces":{"north":{"uv":[7,0,8.5,5],"texture":"#0"},"east":{"uv":[8.5,0,7,5],"texture":"#0"},"south":{"uv":[7,0,8.5,5],"texture":"#0"},"west":{"uv":[8.5,0,7,5],"texture":"#0"},"up":{"uv":[7,0.5,7.5,0],"texture":"#0"},"down":{"uv":[7,0.5,7.5,0],"texture":"#0"}}},{"from":[13,-3,3],"to":[16,0,13],"faces":{"north":{"uv":[0,0,3,3],"texture":"#missing"},"east":{"uv":[1.5,7,6.5,8.5],"texture":"#0"},"south":{"uv":[0,0,3,3],"texture":"#missing"},"west":{"uv":[1.5,8.5,6.5,9],"rotation":180,"texture":"#0"},"up":{"uv":[1.5,7,6.5,8.5],"rotation":90,"texture":"#0"},"down":{"uv":[1.5,8.5,6.5,9],"rotation":180,"texture":"#0"}}},{"from":[0,-3,3],"to":[3,0,13],"faces":{"north":{"uv":[0,0,3,3],"texture":"#missing"},"east":{"uv":[1.5,8.5,6.5,9],"rotation":180,"texture":"#0"},"south":{"uv":[0,0,3,3],"texture":"#missing"},"west":{"uv":[1.5,7,6.5,8.5],"texture":"#0"},"up":{"uv":[1.5,7,6.5,8.5],"rotation":270,"texture":"#0"},"down":{"uv":[1.5,8.5,6.5,9],"rotation":180,"texture":"#0"}}},{"from":[0,-16,3],"to":[3,-13,13],"faces":{"north":{"uv":[0,0,3,3],"texture":"#missing"},"east":{"uv":[1.5,9.5,6.5,10],"rotation":180,"texture":"#0"},"south":{"uv":[0,0,3,3],"texture":"#missing"},"west":{"uv":[1.5,7,6.5,8.5],"texture":"#0"},"up":{"uv":[1.5,7,6.5,8.5],"rotation":270,"texture":"#0"},"down":{"uv":[0,10,1.5,15],"rotation":180,"texture":"#0"}}},{"from":[13,-16,3],"to":[16,-13,13],"faces":{"north":{"uv":[0,0,3,3],"texture":"#missing"},"east":{"uv":[1.5,7,6.5,8.5],"texture":"#0"},"south":{"uv":[0,0,3,3],"texture":"#missing"},"west":{"uv":[1.5,9.5,6.5,10],"rotation":180,"texture":"#0"},"up":{"uv":[1.5,7,6.5,8.5],"rotation":90,"texture":"#0"},"down":{"uv":[1.5,10,0,15],"rotation":180,"texture":"#0"}}},{"from":[-8,20,-8],"to":[24,32,24],"rotation":{"angle":0,"axis":"y","origin":[-8,0,-8]},"faces":{"north":{"uv":[0,0,8,3],"texture":"#1"},"east":{"uv":[0,11,8,14],"texture":"#1"},"south":{"uv":[0,0,8,3],"texture":"#1"},"west":{"uv":[0,11,8,14],"texture":"#1"},"up":{"uv":[0,3,8,11],"texture":"#1"},"down":{"uv":[0.75,2.75,1,3],"texture":"#1"}}},{"from":[-8,4,24],"to":[24,29,24],"rotation":{"angle":22.5,"axis":"x","origin":[8,26,8]},"faces":{"north":{"uv":[8,9.75,16,16],"texture":"#2"},"east":{"uv":[0,11,8,14],"texture":"#1"},"south":{"uv":[8,9.75,16,16],"texture":"#2"},"west":{"uv":[0,11,8,14],"texture":"#1"},"up":{"uv":[0,3,8,11],"texture":"#1"},"down":{"uv":[0.75,2.75,1,3],"texture":"#1"}}},{"from":[-8,4,-8],"to":[24,29,-8],"rotation":{"angle":-22.5,"axis":"x","origin":[8,26,8]},"faces":{"north":{"uv":[16,9.75,8,16],"texture":"#2"},"east":{"uv":[8,11,0,14],"texture":"#1"},"south":{"uv":[16,9.75,8,16],"texture":"#2"},"west":{"uv":[8,11,0,14],"texture":"#1"},"up":{"uv":[0,11,8,3],"texture":"#1"},"down":{"uv":[0.75,3,1,2.75],"texture":"#1"}}},{"from":[24,4,-8],"to":[24,29,24],"rotation":{"angle":-22.5,"axis":"z","origin":[8,26,8]},"faces":{"north":{"uv":[8,11,0,14],"texture":"#1"},"east":{"uv":[16,9.75,8,16],"texture":"#2"},"south":{"uv":[8,11,0,14],"texture":"#1"},"west":{"uv":[16,9.75,8,16],"texture":"#2"},"up":{"uv":[0,11,8,3],"rotation":90,"texture":"#1"},"down":{"uv":[0.75,3,1,2.75],"rotation":270,"texture":"#1"}}},{"from":[-8,4,-8],"to":[-8,29,24],"rotation":{"angle":22.5,"axis":"z","origin":[8,26,8]},"faces":{"north":{"uv":[0,11,8,14],"texture":"#1"},"east":{"uv":[8,9.75,16,16],"texture":"#2"},"south":{"uv":[0,11,8,14],"texture":"#1"},"west":{"uv":[8,9.75,16,16],"texture":"#2"},"up":{"uv":[0,3,8,11],"rotation":90,"texture":"#1"},"down":{"uv":[0.75,2.75,1,3],"rotation":270,"texture":"#1"}}},{"from":[8,0,-15],"to":[8,20,31],"rotation":{"angle":-45,"axis":"y","origin":[8,6,8]},"faces":{"north":{"uv":[0,0,0,10],"texture":"#missing"},"east":{"uv":[11,0,16,11.5],"rotation":90,"texture":"#1"},"south":{"uv":[0,0,0,10],"texture":"#missing"},"west":{"uv":[11,0,16,11.5],"rotation":90,"texture":"#1"},"up":{"uv":[0,0,0,16],"texture":"#missing"},"down":{"uv":[0,0,0,16],"texture":"#missing"}}},{"from":[-15,0,8],"to":[31,20,8],"rotation":{"angle":-45,"axis":"y","origin":[8,10,8]},"faces":{"north":{"uv":[11,0,16,11.5],"rotation":90,"texture":"#1"},"east":{"uv":[0,0,0,10],"texture":"#missing"},"south":{"uv":[11,0,16,11.5],"rotation":90,"texture":"#1"},"west":{"uv":[0,0,0,10],"texture":"#missing"},"up":{"uv":[0,0,0,16],"rotation":90,"texture":"#missing"},"down":{"uv":[0,0,0,16],"rotation":270,"texture":"#missing"}}},{"name":"cube inverted","from":[24,32,24],"to":[-8,20,-8],"rotation":{"angle":0,"axis":"y","origin":[8,0,8]},"faces":{"north":{"uv":[0,3,8,0],"texture":"#1"},"east":{"uv":[0,14,8,11],"texture":"#1"},"south":{"uv":[0,3,8,0],"texture":"#1"},"west":{"uv":[0,14,8,11],"texture":"#1"},"up":{"uv":[1,2.75,0.75,3],"texture":"#1"},"down":{"uv":[8,3,0,11],"texture":"#1"}}},{"from":[1,-15,1],"to":[15,-1,15],"faces":{"north":{"uv":[8.5,0,15.5,7],"texture":"#0"},"east":{"uv":[8.5,0,15.5,7],"texture":"#0"},"south":{"uv":[8.5,0,15.5,7],"texture":"#0"},"west":{"uv":[8.5,0,15.5,7],"texture":"#0"},"up":{"uv":[0,0,7,7],"texture":"#0"},"down":{"uv":[0,0,7,7],"texture":"#0"}}},{"from":[0,-3,0],"to":[16,0,3],"faces":{"north":{"uv":[0,7,8,8.5],"texture":"#0"},"east":{"uv":[6.5,7,8,8.5],"texture":"#0"},"south":{"uv":[1.5,8.5,6.5,9],"rotation":180,"texture":"#0"},"west":{"uv":[0,7,1.5,8.5],"texture":"#0"},"up":{"uv":[0,7,8,8.5],"texture":"#0"},"down":{"uv":[1.5,8.5,6.5,9],"rotation":180,"texture":"#0"}}},{"from":[0,-3,13],"to":[16,0,16],"faces":{"north":{"uv":[1.5,8.5,6.5,9],"rotation":180,"texture":"#0"},"east":{"uv":[0,7,1.5,8.5],"texture":"#0"},"south":{"uv":[0,7,8,8.5],"texture":"#0"},"west":{"uv":[6.5,7,8,8.5],"texture":"#0"},"up":{"uv":[0,7,8,8.5],"rotation":180,"texture":"#0"},"down":{"uv":[1.5,8.5,6.5,9],"rotation":180,"texture":"#0"}}},{"from":[0,-16,13],"to":[16,-13,16],"faces":{"north":{"uv":[0,9.5,8,11],"rotation":180,"texture":"#0"},"east":{"uv":[0,7,1.5,8.5],"texture":"#0"},"south":{"uv":[0,7,8,8.5],"texture":"#0"},"west":{"uv":[6.5,7,8,8.5],"texture":"#0"},"up":{"uv":[0,7,8,8.5],"rotation":180,"texture":"#0"},"down":{"uv":[0,8.5,8,10],"texture":"#0"}}},{"from":[0,-16,0],"to":[16,-13,3],"faces":{"north":{"uv":[0,7,8,8.5],"texture":"#0"},"east":{"uv":[0,7,1.5,8.5],"texture":"#0"},"south":{"uv":[0,9.5,8,10],"rotation":180,"texture":"#0"},"west":{"uv":[0,7,1.5,8.5],"texture":"#0"},"up":{"uv":[0,7,8,8.5],"texture":"#0"},"down":{"uv":[0,8.5,8,10],"rotation":180,"texture":"#0"}}},{"from":[0,-13,0],"to":[3,-3,3],"faces":{"north":{"uv":[8.5,0,7,5],"texture":"#0"},"east":{"uv":[7,0,8.5,5],"texture":"#0"},"south":{"uv":[8.5,0,7,5],"texture":"#0"},"west":{"uv":[7,0,8.5,5],"texture":"#0"},"up":{"uv":[7,0,7.5,0.5],"texture":"#0"},"down":{"uv":[7,0,7.5,0.5],"texture":"#0"}}},{"from":[13,-13,0],"to":[16,-3,3],"rotation":{"angle":0,"axis":"y","origin":[16,0,0]},"faces":{"north":{"uv":[7,0,8.5,5],"texture":"#0"},"east":{"uv":[8.5,0,7,5],"texture":"#0"},"south":{"uv":[7,0,8.5,5],"texture":"#0"},"west":{"uv":[8.5,0,7,5],"texture":"#0"},"up":{"uv":[7.5,0,7,0.5],"texture":"#0"},"down":{"uv":[7.5,0,7,0.5],"texture":"#0"}}},{"from":[13,-13,13],"to":[16,-3,16],"rotation":{"angle":0,"axis":"y","origin":[16,0,16]},"faces":{"north":{"uv":[8.5,0,7,5],"texture":"#0"},"east":{"uv":[7,0,8.5,5],"texture":"#0"},"south":{"uv":[8.5,0,7,5],"texture":"#0"},"west":{"uv":[7,0,8.5,5],"texture":"#0"},"up":{"uv":[7.5,0.5,7,0],"texture":"#0"},"down":{"uv":[7.5,0.5,7,0],"texture":"#0"}}},{"from":[0,-13,13],"to":[3,-3,16],"rotation":{"angle":0,"axis":"y","origin":[0,0,16]},"faces":{"north":{"uv":[7,0,8.5,5],"texture":"#0"},"east":{"uv":[8.5,0,7,5],"texture":"#0"},"south":{"uv":[7,0,8.5,5],"texture":"#0"},"west":{"uv":[8.5,0,7,5],"texture":"#0"},"up":{"uv":[7,0.5,7.5,0],"texture":"#0"},"down":{"uv":[7,0.5,7.5,0],"texture":"#0"}}},{"from":[13,-3,3],"to":[16,0,13],"faces":{"north":{"uv":[0,0,3,3],"texture":"#missing"},"east":{"uv":[1.5,7,6.5,8.5],"texture":"#0"},"south":{"uv":[0,0,3,3],"texture":"#missing"},"west":{"uv":[1.5,8.5,6.5,9],"rotation":180,"texture":"#0"},"up":{"uv":[1.5,7,6.5,8.5],"rotation":90,"texture":"#0"},"down":{"uv":[1.5,8.5,6.5,9],"rotation":180,"texture":"#0"}}},{"from":[0,-3,3],"to":[3,0,13],"faces":{"north":{"uv":[0,0,3,3],"texture":"#missing"},"east":{"uv":[1.5,8.5,6.5,9],"rotation":180,"texture":"#0"},"south":{"uv":[0,0,3,3],"texture":"#missing"},"west":{"uv":[1.5,7,6.5,8.5],"texture":"#0"},"up":{"uv":[1.5,7,6.5,8.5],"rotation":270,"texture":"#0"},"down":{"uv":[1.5,8.5,6.5,9],"rotation":180,"texture":"#0"}}},{"from":[0,-16,3],"to":[3,-13,13],"faces":{"north":{"uv":[0,0,3,3],"texture":"#missing"},"east":{"uv":[1.5,9.5,6.5,10],"rotation":180,"texture":"#0"},"south":{"uv":[0,0,3,3],"texture":"#missing"},"west":{"uv":[1.5,7,6.5,8.5],"texture":"#0"},"up":{"uv":[1.5,7,6.5,8.5],"rotation":270,"texture":"#0"},"down":{"uv":[0,10,1.5,15],"rotation":180,"texture":"#0"}}},{"from":[13,-16,3],"to":[16,-13,13],"faces":{"north":{"uv":[0,0,3,3],"texture":"#missing"},"east":{"uv":[1.5,7,6.5,8.5],"texture":"#0"},"south":{"uv":[0,0,3,3],"texture":"#missing"},"west":{"uv":[1.5,9.5,6.5,10],"rotation":180,"texture":"#0"},"up":{"uv":[1.5,7,6.5,8.5],"rotation":90,"texture":"#0"},"down":{"uv":[1.5,10,0,15],"rotation":180,"texture":"#0"}}},{"from":[-8,20,-8],"to":[24,32,24],"rotation":{"angle":0,"axis":"y","origin":[-8,0,-8]},"faces":{"north":{"uv":[0,0,8,3],"texture":"#1"},"east":{"uv":[0,11,8,14],"texture":"#1"},"south":{"uv":[0,0,8,3],"texture":"#1"},"west":{"uv":[0,11,8,14],"texture":"#1"},"up":{"uv":[0,3,8,11],"texture":"#1"},"down":{"uv":[0.75,2.75,1,3],"texture":"#1"}}},{"from":[-8,4,24],"to":[24,29,24],"rotation":{"angle":22.5,"axis":"x","origin":[8,26,8]},"faces":{"north":{"uv":[8,9.75,16,16],"texture":"#2"},"east":{"uv":[0,11,8,14],"texture":"#1"},"south":{"uv":[8,9.75,16,16],"texture":"#2"},"west":{"uv":[0,11,8,14],"texture":"#1"},"up":{"uv":[0,3,8,11],"texture":"#1"},"down":{"uv":[0.75,2.75,1,3],"texture":"#1"}}},{"from":[-8,4,-8],"to":[24,29,-8],"rotation":{"angle":-22.5,"axis":"x","origin":[8,26,8]},"faces":{"north":{"uv":[16,9.75,8,16],"texture":"#2"},"east":{"uv":[8,11,0,14],"texture":"#1"},"south":{"uv":[16,9.75,8,16],"texture":"#2"},"west":{"uv":[8,11,0,14],"texture":"#1"},"up":{"uv":[0,11,8,3],"texture":"#1"},"down":{"uv":[0.75,3,1,2.75],"texture":"#1"}}},{"from":[24,4,-8],"to":[24,29,24],"rotation":{"angle":-22.5,"axis":"z","origin":[8,26,8]},"faces":{"north":{"uv":[8,11,0,14],"texture":"#1"},"east":{"uv":[16,9.75,8,16],"texture":"#2"},"south":{"uv":[8,11,0,14],"texture":"#1"},"west":{"uv":[16,9.75,8,16],"texture":"#2"},"up":{"uv":[0,11,8,3],"rotation":90,"texture":"#1"},"down":{"uv":[0.75,3,1,2.75],"rotation":270,"texture":"#1"}}},{"from":[-8,4,-8],"to":[-8,29,24],"rotation":{"angle":22.5,"axis":"z","origin":[8,26,8]},"faces":{"north":{"uv":[0,11,8,14],"texture":"#1"},"east":{"uv":[8,9.75,16,16],"texture":"#2"},"south":{"uv":[0,11,8,14],"texture":"#1"},"west":{"uv":[8,9.75,16,16],"texture":"#2"},"up":{"uv":[0,3,8,11],"rotation":90,"texture":"#1"},"down":{"uv":[0.75,2.75,1,3],"rotation":270,"texture":"#1"}}},{"from":[8,0,-15],"to":[8,20,31],"rotation":{"angle":-45,"axis":"y","origin":[8,6,8]},"faces":{"north":{"uv":[0,0,0,10],"texture":"#missing"},"east":{"uv":[11,0,16,11.5],"rotation":90,"texture":"#1"},"south":{"uv":[0,0,0,10],"texture":"#missing"},"west":{"uv":[11,0,16,11.5],"rotation":90,"texture":"#1"},"up":{"uv":[0,0,0,16],"texture":"#missing"},"down":{"uv":[0,0,0,16],"texture":"#missing"}}},{"from":[-15,0,8],"to":[31,20,8],"rotation":{"angle":-45,"axis":"y","origin":[8,10,8]},"faces":{"north":{"uv":[11,0,16,11.5],"rotation":90,"texture":"#1"},"east":{"uv":[0,0,0,10],"texture":"#missing"},"south":{"uv":[11,0,16,11.5],"rotation":90,"texture":"#1"},"west":{"uv":[0,0,0,10],"texture":"#missing"},"up":{"uv":[0,0,0,16],"rotation":90,"texture":"#missing"},"down":{"uv":[0,0,0,16],"rotation":270,"texture":"#missing"}}},{"name":"cube inverted","from":[24,32,24],"to":[-8,20,-8],"rotation":{"angle":0,"axis":"y","origin":[8,0,8]},"faces":{"north":{"uv":[0,3,8,0],"texture":"#1"},"east":{"uv":[0,14,8,11],"texture":"#1"},"south":{"uv":[0,3,8,0],"texture":"#1"},"west":{"uv":[0,14,8,11],"texture":"#1"},"up":{"uv":[1,2.75,0.75,3],"texture":"#1"},"down":{"uv":[8,3,0,11],"texture":"#1"}}}]}