{
    "providers": [
		{
			"file": "minecraft:font/game_icons.png",
			"type": "bitmap",
			"ascent": 7,
			"chars": ["\u278A\u278B\u278C\u278D","\u278E\u278F\u2790\u2791","\u2792\u2793\u2794\u2795","\u2796\u2797\u0000\u00BF"],
			"height": 8
		},
		{
			"file": "minecraft:font/team_icons.png",
			"type": "bitmap",
			"ascent": 7,
			"chars": ["\uE009\uE008\u2779\u2776","\u277A\u2777\uE00A\uE00B","\uE000\uE001\uE002\uE003","\uE004\uE005\uE006\uE007"],
			"height": 8
		},
		{
			"file": "minecraft:font/team_icons_themed.png",
			"type": "bitmap",
			"ascent": 7,
			"chars": ["\uE030\uE031\uE032\uE033","\uE034\uE035\uE036\uE037","\uE038\uE039\uE03A\uE03B","\uE03C\uE03D\uE03E\uE03F"],
			"height": 8
		},
		{
			"file": "minecraft:font/misc_icons.png",
			"type": "bitmap",
			"ascent": 7,
			"chars": ["\u2606\u7B14\u8BB0\u0000","\uE100\uE101\u0000\u0000","\u0000\u0000\u0000\u0000","\u0000\u0000\u0000\u0000"],
			"height": 8
		},
		{"file": "minecraft:font/parkour_warrior/frog_empty.png", "type": "bitmap", "ascent": 7,"chars": ["\uE040"], "height": 8},
		{"file": "minecraft:font/parkour_warrior/frog_bronze.png", "type": "bitmap", "ascent": 7,"chars": ["\uE041"], "height": 8},
		{"file": "minecraft:font/parkour_warrior/frog_silver.png", "type": "bitmap", "ascent": 7,"chars": ["\uE042"], "height": 8},
		{"file": "minecraft:font/parkour_warrior/frog_gold.png", "type": "bitmap", "ascent": 7,"chars": ["\uE043"], "height": 8},
		{"file": "minecraft:font/parkour_warrior/medal.png", "type": "bitmap", "ascent": 7,"chars": ["\uE044"], "height": 8},
		{"file": "minecraft:font/parkour_warrior/stone_medal.png", "type": "bitmap", "ascent": 7,"chars": ["\uE045"], "height": 8},
		{"file": "minecraft:font/parkour_warrior/bronze_medal.png", "type": "bitmap", "ascent": 7,"chars": ["\uE046"], "height": 8},
		{"file": "minecraft:font/parkour_warrior/silver_medal.png", "type": "bitmap", "ascent": 7,"chars": ["\uE047"], "height": 8},
		{"file": "minecraft:font/parkour_warrior/gold_medal.png", "type": "bitmap", "ascent": 7,"chars": ["\uE048"], "height": 8},
		{"file": "minecraft:font/games/decision_dome.png", "type": "bitmap", "ascent": 7,"chars": ["\uE060"], "height": 8},
		{"file": "minecraft:font/games/unknown.png", "type": "bitmap", "ascent": 7,"chars": ["\uE061"], "height": 8},
		{"file": "minecraft:font/games/dodgebolt.png", "type": "bitmap", "ascent": 7,"chars": ["\uE062"], "height": 8},
		{"file": "minecraft:font/games/ace_race.png", "type": "bitmap", "ascent": 7,"chars": ["\uE063"], "height": 8},
		{"file": "minecraft:font/games/sky_battle.png", "type": "bitmap", "ascent": 7,"chars": ["\uE064"], "height": 8},
		{"file": "minecraft:font/games/tgttos.png", "type": "bitmap", "ascent": 7,"chars": ["\uE065"], "height": 8},
		{"file": "minecraft:font/games/rocket_spleef.png", "type": "bitmap", "ascent": 7,"chars": ["\uE066"], "height": 8},
		{"file": "minecraft:font/games/survival_games.png", "type": "bitmap", "ascent": 7,"chars": ["\uE067"], "height": 8},
		{"file": "minecraft:font/games/build_mart.png", "type": "bitmap", "ascent": 7,"chars": ["\uE068"], "height": 8},
		{"file": "minecraft:font/games/hole_in_the_wall.png", "type": "bitmap", "ascent": 7,"chars": ["\uE069"], "height": 8},
		{"file": "minecraft:font/games/parkour_warrior.png", "type": "bitmap", "ascent": 7,"chars": ["\uE06A"], "height": 8},
		{"file": "minecraft:font/games/battle_box.png", "type": "bitmap", "ascent": 7,"chars": ["\uE06B"], "height": 8},
		{"file": "minecraft:font/games/parkour_tag.png", "type": "bitmap", "ascent": 7,"chars": ["\uE06C"], "height": 8},
		{"file": "minecraft:font/games/sands_of_time.png", "type": "bitmap", "ascent": 7,"chars": ["\uE06D"], "height": 8},
		{"file": "minecraft:font/games/grid_runners.png", "type": "bitmap", "ascent": 7,"chars": ["\uE06E"], "height": 8},
		{"file": "minecraft:font/games/meltdown.png", "type": "bitmap", "ascent": 7,"chars": ["\uE06F"], "height": 8},
		{"file": "minecraft:font/games/bingo_but_fast.png", "type": "bitmap", "ascent": 7,"chars": ["\uE070"], "height": 8},
		{"file": "minecraft:font/game_logos/dodgebolt.png", "type": "bitmap", "ascent": 25, "chars": ["\uE082"], "height": 50},
		{"file": "minecraft:font/game_logos/ace_race.png", "type": "bitmap", "ascent": 25, "chars": ["\uE083"], "height": 50},
		{"file": "minecraft:font/game_logos/sky_battle.png", "type": "bitmap", "ascent": 25, "chars": ["\uE084"], "height": 50},
		{"file": "minecraft:font/game_logos/tgttos.png", "type": "bitmap", "ascent": 25, "chars": ["\uE085"], "height": 50},
		{"file": "minecraft:font/game_logos/rocket_spleef_rush.png", "type": "bitmap", "ascent": 25, "chars": ["\uE086"], "height": 50},
		{"file": "minecraft:font/game_logos/survival_games.png", "type": "bitmap", "ascent": 25, "chars": ["\uE087"], "height": 50},
		{"file": "minecraft:font/game_logos/build_mart.png", "type": "bitmap", "ascent": 25, "chars": ["\uE088"], "height": 50},
		{"file": "minecraft:font/game_logos/hole_in_the_wall.png", "type": "bitmap", "ascent": 25, "chars": ["\uE089"], "height": 50},
		{"file": "minecraft:font/game_logos/parkour_warrior.png", "type": "bitmap", "ascent": 25, "chars": ["\uE08A"], "height": 50},
		{"file": "minecraft:font/game_logos/battle_box.png", "type": "bitmap", "ascent": 25, "chars": ["\uE08B"], "height": 50},
		{"file": "minecraft:font/game_logos/parkour_tag.png", "type": "bitmap", "ascent": 25, "chars": ["\uE08C"], "height": 50},
		{"file": "minecraft:font/game_logos/sands_of_time.png", "type": "bitmap", "ascent": 25, "chars": ["\uE08D"], "height": 50},
		{"file": "minecraft:font/game_logos/grid_runners.png", "type": "bitmap", "ascent": 25, "chars": ["\uE08E"], "height": 50},
		{"file": "minecraft:font/game_logos/meltdown.png", "type": "bitmap", "ascent": 25, "chars": ["\uE08F"], "height": 50},
		{"file": "minecraft:font/game_logos/bingo_but_fast.png", "type": "bitmap", "ascent": 25, "chars": ["\uE090"], "height": 50},
		{
			"file": "minecraft:font/space_split.png",
			"ascent": -32768,
			"type": "bitmap",
			"chars": ["ꈂ"],
			"height": -3
		},
		{
			"file": "minecraft:font/space_split.png",
			"ascent": -32768,
			"type": "bitmap",
			"chars": ["\uE010"],
			"height": -2
		},
		{
			"file": "minecraft:font/space_split.png",
			"ascent": -32768,
			"type": "bitmap",
			"chars": ["\uE011"],
			"height": -1
		},
		{
			"file": "minecraft:font/space_split.png",
			"ascent": -32768,
			"type": "bitmap",
			"chars": ["\uE012"],
			"height": 0
		},
		
		{
			"file": "minecraft:font/space_split.png",
			"ascent": -32768,
			"type": "bitmap",
			"chars": ["\uE013"],
			"height": 1
		},
		
		{
			"file": "minecraft:font/space_split.png",
			"ascent": -32768,
			"type": "bitmap",
			"chars": ["\uE014"],
			"height": 2
		},
		
		{
			"file": "minecraft:font/space_split.png",
			"ascent": -32768,
			"type": "bitmap",
			"chars": ["\uE015"],
			"height": 3
		},
		
		{
			"file": "minecraft:font/space_split.png",
			"ascent": -32768,
			"type": "bitmap",
			"chars": ["\uE016"],
			"height": 4
		},
		
		{
			"file": "minecraft:font/space_split.png",
			"ascent": -32768,
			"type": "bitmap",
			"chars": ["\uE017"],
			"height": 5
		},
		
		{
			"file": "minecraft:font/space_split.png",
			"ascent": -32768,
			"type": "bitmap",
			"chars": ["\uE020\uE021\uE022\uE023","\uE024\uE025\uE026\uE027","\uE028\uE029\uE02A\uE02B","\uE02C\uE02D\uE02E\uE02F"],
			"height": -6
		},
		{
			"file": "minecraft:font/space_split.png",
			"ascent": -32768,
			"type": "bitmap",
			"chars": ["\uE200"],
			"height": -1
		},
		{
			"file": "minecraft:font/space_split.png",
			"ascent": -32768,
			"type": "bitmap",
			"chars": ["\uE201"],
			"height": 1
		},
		{
			"file": "minecraft:font/space_split.png",
			"ascent": -32768,
			"type": "bitmap",
			"chars": ["\uE202"],
			"height": 3
		},
		{
			"file": "minecraft:font/space_split.png",
			"ascent": -32768,
			"type": "bitmap",
			"chars": ["\uE203"],
			"height": 7
		},
		{
			"file": "minecraft:font/space_split.png",
			"ascent": -32768,
			"type": "bitmap",
			"chars": ["\uE204"],
			"height": 15
		},
		{
			"file": "minecraft:font/space_split.png",
			"ascent": -32768,
			"type": "bitmap",
			"chars": ["\uE205"],
			"height": 31
		},
		{
			"file": "minecraft:font/space_split.png",
			"ascent": -32768,
			"type": "bitmap",
			"chars": ["\uE206"],
			"height": 63
		},
		{
			"file": "minecraft:font/space_split.png",
			"ascent": -32768,
			"type": "bitmap",
			"chars": ["\uE207"],
			"height": 5
		}
    ]
}
