{
 "parent": "block/crimson_button_inventory",
 
 "overrides": [
 {"predicate": {"custom_model_data":1}, "model": "ace_race/jump_pad_big_inventory"},
 {"predicate": {"custom_model_data":2}, "model": "ace_race/launch_pad_purple_inventory"},
 {"predicate": {"custom_model_data":3}, "model": "ace_race/launch_pad_red_inventory"},
 {"predicate": {"custom_model_data":4}, "model": "ace_race/launch_pad_orange_inventory"},
 {"predicate": {"custom_model_data":5}, "model": "ace_race/jump_pad_inventory"}
 ]
}