{
    "providers": [
		{"file": "minecraft:font/games/offset/decision_dome.png", "type": "bitmap", "ascent": 5, "chars": ["\uE060"], "height": 9},
		{"file": "minecraft:font/games/offset/unknown.png", "type": "bitmap", "ascent": 5, "chars": ["\uE061"], "height": 9},
		{"file": "minecraft:font/games/offset/dodgebolt.png", "type": "bitmap", "ascent": 5, "chars": ["\uE062"], "height": 9},
		{"file": "minecraft:font/games/offset/ace_race.png", "type": "bitmap", "ascent": 5, "chars": ["\uE063"], "height": 9},
		{"file": "minecraft:font/games/offset/sky_battle.png", "type": "bitmap", "ascent": 5, "chars": ["\uE064"], "height": 9},
		{"file": "minecraft:font/games/offset/tgttos.png", "type": "bitmap", "ascent": 5, "chars": ["\uE065"], "height": 9},
		{"file": "minecraft:font/games/offset/rocket_spleef.png", "type": "bitmap", "ascent": 5, "chars": ["\uE066"], "height": 9},
		{"file": "minecraft:font/games/offset/survival_games.png", "type": "bitmap", "ascent": 5, "chars": ["\uE067"], "height": 9},
		{"file": "minecraft:font/games/offset/build_mart.png", "type": "bitmap", "ascent": 5, "chars": ["\uE068"], "height": 9},
		{"file": "minecraft:font/games/offset/hole_in_the_wall.png", "type": "bitmap", "ascent": 5, "chars": ["\uE069"], "height": 9},
		{"file": "minecraft:font/games/offset/parkour_warrior.png", "type": "bitmap", "ascent": 5, "chars": ["\uE06A"], "height": 9},
		{"file": "minecraft:font/games/offset/battle_box.png", "type": "bitmap", "ascent": 5, "chars": ["\uE06B"], "height": 9},
		{"file": "minecraft:font/games/offset/parkour_tag.png", "type": "bitmap", "ascent": 5, "chars": ["\uE06C"], "height": 9},
		{"file": "minecraft:font/games/offset/sands_of_time.png", "type": "bitmap", "ascent": 5, "chars": ["\uE06D"], "height": 9},
		{"file": "minecraft:font/games/offset/grid_runners.png", "type": "bitmap", "ascent": 5, "chars": ["\uE06E"], "height": 9},
		{"file": "minecraft:font/games/offset/meltdown.png", "type": "bitmap", "ascent": 5, "chars": ["\uE06F"], "height": 9},
		{"file": "minecraft:font/games/offset/bingo_but_fast.png", "type": "bitmap", "ascent": 5, "chars": ["\uE070"], "height": 9},
		{"file": "minecraft:font/bossbar_clock.png", "type": "bitmap", "ascent": 7, "chars": ["\uF000"], "height": 13},
		{"file": "minecraft:font/bossbar_clock_wide.png", "type": "bitmap", "ascent": 7, "chars": ["\uF001"], "height": 15},
		{"file": "minecraft:font/timer/10.png", "type": "bitmap", "ascent": -7, "chars": ["\uF002"], "height": 1},
		{"file": "minecraft:font/timer/1.png", "type": "bitmap", "ascent": -7, "chars": ["\uF003"], "height": 1},
		{"file": "minecraft:font/timer/2.png", "type": "bitmap", "ascent": -7, "chars": ["\uF004"], "height": 1},
		{"file": "minecraft:font/timer/3.png", "type": "bitmap", "ascent": -7, "chars": ["\uF005"], "height": 1},
		{"file": "minecraft:font/timer/4.png", "type": "bitmap", "ascent": -7, "chars": ["\uF006"], "height": 1},
		{"file": "minecraft:font/timer/5.png", "type": "bitmap", "ascent": -7, "chars": ["\uF007"], "height": 1},
		{"file": "minecraft:font/timer/6.png", "type": "bitmap", "ascent": -7, "chars": ["\uF008"], "height": 1},
		{"file": "minecraft:font/timer/7.png", "type": "bitmap", "ascent": -7, "chars": ["\uF009"], "height": 1},
		{"file": "minecraft:font/timer/8.png", "type": "bitmap", "ascent": -7, "chars": ["\uF00A"], "height": 1},
		{"file": "minecraft:font/timer/9.png", "type": "bitmap", "ascent": -7, "chars": ["\uF00B"], "height": 1},
		{"file": "minecraft:font/timer/0.png", "type": "bitmap", "ascent": -7, "chars": ["\uF00C"], "height": 1},
		{"file": "minecraft:1.png", "type": "bitmap", "ascent": -32768, "chars": ["\uF00D"], "height": -3},
		{"file": "minecraft:font/allies_vs_teams_8.png", "type": "bitmap", "ascent": 7, "chars": ["\uF00E"], "height": 13},
		{"file": "minecraft:font/allies_vs_teams_10.png", "type": "bitmap", "ascent": 7, "chars": ["\uF00F"], "height": 13},
		{"file": "minecraft:font/allies_vs_enemies.png", "type": "bitmap", "ascent": 7, "chars": ["\uF010"], "height": 13},
		{"file": "minecraft:font/perf_kill_death.png", "type": "bitmap", "ascent": 7, "chars": ["\uF011"], "height": 13},
		{"file": "minecraft:font/perf_bingo.png", "type": "bitmap", "ascent": 7, "chars": ["\uF012"], "height": 13},
		{"file": "minecraft:font/perf_kill.png", "type": "bitmap", "ascent": 7, "chars": ["\uF013"], "height": 13},
		{"file": "minecraft:font/hub_start.png", "type": "bitmap", "ascent": 7, "chars": ["\uF014"], "height": 13},
		{"file": "minecraft:font/hub_middle.png", "type": "bitmap", "ascent": 7, "chars": ["\uF015"], "height": 13},
		{"file": "minecraft:font/hub_end.png", "type": "bitmap", "ascent": 7, "chars": ["\uF016"], "height": 13},
		{"file": "minecraft:font/hub_1.png", "type": "bitmap", "ascent": 7, "chars": ["\uF017"], "height": 13},
		{"file": "minecraft:font/hub_2.png", "type": "bitmap", "ascent": 7, "chars": ["\uF018"], "height": 13},
		{"file": "minecraft:font/hub_3.png", "type": "bitmap", "ascent": 7, "chars": ["\uF019"], "height": 13},
		{"file": "minecraft:font/hub_4.png", "type": "bitmap", "ascent": 7, "chars": ["\uF01A"], "height": 13},
		{"file": "minecraft:font/hub_5.png", "type": "bitmap", "ascent": 7, "chars": ["\uF01B"], "height": 13},
		{"file": "minecraft:font/hub_6.png", "type": "bitmap", "ascent": 7, "chars": ["\uF01C"], "height": 13},
		{"file": "minecraft:font/timer/e0.png", "type": "bitmap", "ascent": -7, "chars": ["\uF01D"], "height": 1},
		{"file": "minecraft:font/timer/e1.png", "type": "bitmap", "ascent": -7, "chars": ["\uF01E"], "height": 1},
		{"file": "minecraft:font/allies_spectating.png", "type": "bitmap", "ascent": 7, "chars": ["\uF01F"], "height": 13},
		{"file": "minecraft:font/bossbar_db_top_left.png", "type": "bitmap", "ascent": 7, "chars": ["\uF020"], "height": 15},
		{"file": "minecraft:font/bossbar_db_top_right.png", "type": "bitmap", "ascent": 7, "chars": ["\uF021"], "height": 15},
		{"file": "minecraft:font/allies.png", "type": "bitmap", "ascent": 7, "chars": ["\uF022"], "height": 13},
		{"file": "minecraft:font/perf_parkour.png", "type": "bitmap", "ascent": 7, "chars": ["\uF023"], "height": 15},
		{"file": "minecraft:font/perf_karma.png", "type": "bitmap", "ascent": 7, "chars": ["\uF024"], "height": 13}
    ]
}
