{"textures":{"0":"minecraft:rocket_spleef/warning","particle":"minecraft:rocket_spleef/warning"},"elements":[{"from":[-11.44,-11.44,8.0],"to":[27.44,27.44,8.0],"rotation":{"angle":0.0,"axis":"y","origin":[1.52,1.52,1.52]},"faces":{"north":{"uv":[0.0,0.0,6.0,6.0],"texture":"#0"},"east":{"uv":[0.0,0.0,1.0,1.0],"texture":"#0"},"south":{"uv":[0.0,0.0,6.0,6.0],"texture":"#0"},"west":{"uv":[0.0,0.0,1.0,1.0],"texture":"#0"},"up":{"uv":[0.0,0.0,1.0,1.0],"texture":"#0"},"down":{"uv":[0.0,0.0,1.0,1.0],"texture":"#0"}}}],"display":{"head":{"translation":[0.0,-6.75,0.0],"scale":[4.0,4.0,4.0]}},"credit":"Made with Blockbench"}