{
	"credit": "Made with Blockbench",
	"textures": {
		"0": "fun/taco",
		"particle": "fun/taco"
	},
	"elements": [
		{
			"from": [6, 0, 3],
			"to": [10, 3, 13],
			"faces": {
				"north": {"uv": [6, 0, 8, 1.5], "texture": "#0"},
				"east": {"uv": [0, 0, 5.5, 1.5], "texture": "#0"},
				"south": {"uv": [6, 0, 8, 1.5], "texture": "#0"},
				"west": {"uv": [0, 0, 5.5, 1.5], "texture": "#0"},
				"up": {"uv": [0, 3.5, 5.5, 5.5], "rotation": 90, "texture": "#0"},
				"down": {"uv": [0, 6, 5.5, 8], "texture": "#0"}
			}
		},
		{
			"from": [7, 3, 3],
			"to": [9, 4, 13],
			"faces": {
				"north": {"uv": [0, 8.5, 2, 9], "texture": "#0"},
				"east": {"uv": [0, 8.5, 2, 9], "texture": "#0"},
				"south": {"uv": [0, 8.5, 2, 9], "texture": "#0"},
				"west": {"uv": [0, 8.5, 2, 9], "texture": "#0"},
				"up": {"uv": [0, 8.5, 5.5, 9.5], "rotation": 90, "texture": "#0"},
				"down": {"uv": [0, 8.5, 5.5, 9.5], "texture": "#0"}
			}
		},
		{
			"from": [6.75, 3, 3],
			"to": [6.75, 4, 13],
			"faces": {
				"north": {"uv": [0.5, 2, 5, 3], "rotation": 90, "texture": "#0"},
				"east": {"uv": [0.5, 2, 5, 3], "rotation": 90, "texture": "#0"},
				"south": {"uv": [0.5, 2, 5, 3], "rotation": 90, "texture": "#0"},
				"west": {"uv": [0.5, 2, 5, 3], "rotation": 90, "texture": "#0"},
				"up": {"uv": [0.5, 2, 5, 3], "rotation": 90, "texture": "#0"},
				"down": {"uv": [0.5, 2, 5, 3], "rotation": 90, "texture": "#0"}
			}
		},
		{
			"from": [7.5, 1, 2],
			"to": [7.5, 3, 14],
			"faces": {
				"north": {"uv": [6, 8.5, 12, 9.5], "texture": "#0"},
				"east": {"uv": [6, 8.5, 12, 9.5], "texture": "#0"},
				"south": {"uv": [6, 8.5, 12, 9.5], "texture": "#0"},
				"west": {"uv": [6, 8.5, 12, 9.5], "texture": "#0"},
				"up": {"uv": [6, 8.5, 12, 9.5], "texture": "#0"},
				"down": {"uv": [6, 8.5, 12, 9.5], "texture": "#0"}
			}
		},
		{
			"from": [8, 3.25, 3],
			"to": [8, 5.25, 13],
			"faces": {
				"north": {"uv": [6.5, 7.5, 11.5, 8.5], "texture": "#0"},
				"east": {"uv": [6.5, 7.5, 11.5, 8.5], "texture": "#0"},
				"south": {"uv": [6.5, 7.5, 11.5, 8.5], "texture": "#0"},
				"west": {"uv": [6.5, 7.5, 11.5, 8.5], "texture": "#0"},
				"up": {"uv": [6.5, 7.5, 11.5, 8.5], "texture": "#0"},
				"down": {"uv": [6.5, 7.5, 11.5, 8.5], "texture": "#0"}
			}
		},
		{
			"from": [8, 5.25, 3],
			"to": [8, 6.25, 12],
			"faces": {
				"north": {"uv": [6.5, 7, 11, 7.5], "texture": "#0"},
				"east": {"uv": [6.5, 7, 11, 7.5], "texture": "#0"},
				"south": {"uv": [6.5, 7, 11, 7.5], "texture": "#0"},
				"west": {"uv": [6.5, 7, 11, 7.5], "texture": "#0"},
				"up": {"uv": [6.5, 7, 11, 7.5], "texture": "#0"},
				"down": {"uv": [6.5, 7, 11, 7.5], "texture": "#0"}
			}
		},
		{
			"from": [8, 6.25, 5],
			"to": [8, 7.25, 7],
			"faces": {
				"north": {"uv": [7.5, 6.5, 8.5, 7], "texture": "#0"},
				"east": {"uv": [7.5, 6.5, 8.5, 7], "texture": "#0"},
				"south": {"uv": [7.5, 6.5, 8.5, 7], "texture": "#0"},
				"west": {"uv": [7.5, 6.5, 8.5, 7], "texture": "#0"},
				"up": {"uv": [7.5, 6.5, 8.5, 7], "texture": "#0"},
				"down": {"uv": [7.5, 6.5, 8.5, 7], "texture": "#0"}
			}
		},
		{
			"from": [8, 6.25, 8],
			"to": [8, 7.25, 11],
			"faces": {
				"north": {"uv": [9, 6.5, 10.5, 7], "texture": "#0"},
				"east": {"uv": [9, 6.5, 10.5, 7], "texture": "#0"},
				"south": {"uv": [9, 6.5, 10.5, 7], "texture": "#0"},
				"west": {"uv": [9, 6.5, 10.5, 7], "texture": "#0"},
				"up": {"uv": [9, 6.5, 10.5, 7], "texture": "#0"},
				"down": {"uv": [9, 6.5, 10.5, 7], "texture": "#0"}
			}
		},
		{
			"from": [8.5, 1, 2],
			"to": [8.5, 3, 14],
			"faces": {
				"north": {"uv": [6, 8.5, 12, 9.5], "texture": "#0"},
				"east": {"uv": [6, 8.5, 12, 9.5], "texture": "#0"},
				"south": {"uv": [6, 8.5, 12, 9.5], "texture": "#0"},
				"west": {"uv": [6, 8.5, 12, 9.5], "texture": "#0"},
				"up": {"uv": [6, 8.5, 12, 9.5], "texture": "#0"},
				"down": {"uv": [6, 8.5, 12, 9.5], "texture": "#0"}
			}
		},
		{
			"from": [9.25, 3, 3],
			"to": [9.25, 4, 13],
			"faces": {
				"north": {"uv": [0.5, 2, 5, 3], "rotation": 90, "texture": "#0"},
				"east": {"uv": [0.5, 2, 5, 3], "rotation": 90, "texture": "#0"},
				"south": {"uv": [0.5, 2, 5, 3], "rotation": 90, "texture": "#0"},
				"west": {"uv": [0.5, 2, 5, 3], "rotation": 90, "texture": "#0"},
				"up": {"uv": [0.5, 2, 5, 3], "rotation": 90, "texture": "#0"},
				"down": {"uv": [0.5, 2, 5, 3], "rotation": 90, "texture": "#0"}
			}
		},
		{
			"from": [9.25, 4, 4],
			"to": [9.25, 5, 12],
			"faces": {
				"north": {"uv": [0.5, 2, 5, 3], "rotation": 90, "texture": "#0"},
				"east": {"uv": [0.5, 2, 5, 3], "rotation": 90, "texture": "#0"},
				"south": {"uv": [0.5, 2, 5, 3], "rotation": 90, "texture": "#0"},
				"west": {"uv": [0.5, 2, 5, 3], "rotation": 90, "texture": "#0"},
				"up": {"uv": [0.5, 2, 5, 3], "rotation": 90, "texture": "#0"},
				"down": {"uv": [0.5, 2, 5, 3], "rotation": 90, "texture": "#0"}
			}
		},
		{
			"from": [6.75, 4, 4],
			"to": [6.75, 5, 12],
			"faces": {
				"north": {"uv": [0.5, 2, 5, 3], "rotation": 90, "texture": "#0"},
				"east": {"uv": [0.5, 2, 5, 3], "rotation": 90, "texture": "#0"},
				"south": {"uv": [0.5, 2, 5, 3], "rotation": 90, "texture": "#0"},
				"west": {"uv": [0.5, 2, 5, 3], "rotation": 90, "texture": "#0"},
				"up": {"uv": [0.5, 2, 5, 3], "rotation": 90, "texture": "#0"},
				"down": {"uv": [0.5, 2, 5, 3], "rotation": 90, "texture": "#0"}
			}
		}
	],
	"display": {
		"thirdperson_righthand": {
			"rotation": [65, 89, 0],
			"translation": [0, 3, 4],
			"scale": [0.75, 0.75, 0.75]
		},
		"thirdperson_lefthand": {
			"rotation": [65, 89, 0],
			"translation": [0, 3, 4],
			"scale": [0.75, 0.75, 0.75]
		},
		"firstperson_righthand": {
			"rotation": [0, 87, 0],
			"translation": [-0.75, 9, 0]
		},
		"firstperson_lefthand": {
			"rotation": [0, 87, 0],
			"translation": [-0.75, 9, 0]
		},
		"ground": {
			"translation": [0, 4, 0]
		},
		"gui": {
			"rotation": [14, 55, 0],
			"translation": [0, 6, 0],
			"scale": [1.3, 1.3, 1.3]
		},
		"fixed": {
			"translation": [0, 5.25, -0.75],
			"scale": [1, 1.01, 0.2]
		}
	}
}