{
	"credit": "Made with Blockbench",
	"textures": {
		"0": "sands_of_time/altar_gold",
		"1": "sands_of_time/pillar",
		"particle": "sands_of_time/altar_gold"
	},
	"elements": [
		{
			"from": [2, 2, 2],
			"to": [14, 14, 14],
			"rotation": {"angle": 0, "axis": "y", "origin": [7.5, 5.5, 8.5]},
			"faces": {
				"north": {"uv": [0, 8, 3, 11], "texture": "#0"},
				"east": {"uv": [8, 0, 11, 3], "texture": "#0"},
				"south": {"uv": [3, 8, 6, 11], "texture": "#0"},
				"west": {"uv": [8, 3, 11, 6], "texture": "#0"},
				"up": {"uv": [9, 11, 6, 8], "texture": "#0"},
				"down": {"uv": [12, 6, 9, 9], "texture": "#0"}
			}
		},
		{
			"from": [0, 0, 0],
			"to": [16, 3, 16],
			"rotation": {"angle": 0, "axis": "y", "origin": [7.5, 5.5, 8.5]},
			"faces": {
				"north": {"uv": [11, 0, 15, 0.75], "texture": "#0"},
				"east": {"uv": [11, 0.75, 15, 1.5], "texture": "#0"},
				"south": {"uv": [11, 1.5, 15, 2.25], "texture": "#0"},
				"west": {"uv": [11, 2.25, 15, 3], "texture": "#0"},
				"up": {"uv": [4, 4, 0, 0], "texture": "#0"},
				"down": {"uv": [4, 4, 0, 8], "texture": "#0"}
			}
		},
		{
			"from": [0, 14, 0],
			"to": [16, 17, 16],
			"rotation": {"angle": 0, "axis": "y", "origin": [7.5, 5.5, 8.5]},
			"faces": {
				"north": {"uv": [2.5, 11, 6.5, 11.75], "texture": "#0"},
				"east": {"uv": [11, 3, 15, 3.75], "texture": "#0"},
				"south": {"uv": [11, 3.75, 15, 4.5], "texture": "#0"},
				"west": {"uv": [11, 4.5, 15, 5.25], "texture": "#0"},
				"up": {"uv": [8, 4, 4, 0], "texture": "#0"},
				"down": {"uv": [8, 4, 4, 8], "texture": "#0"}
			}
		},
		{
			"from": [3, 17, 3],
			"to": [13, 19, 13],
			"rotation": {"angle": 0, "axis": "y", "origin": [7.5, 5.5, 8.5]},
			"faces": {
				"north": {"uv": [11, 5.25, 13.5, 5.75], "texture": "#0"},
				"east": {"uv": [6.5, 11, 9, 11.5], "texture": "#0"},
				"south": {"uv": [6.5, 11.5, 9, 12], "texture": "#0"},
				"west": {"uv": [9, 11.5, 11.5, 12], "texture": "#0"},
				"up": {"uv": [11.5, 11.5, 9, 9], "texture": "#0"},
				"down": {"uv": [2.5, 11, 0, 13.5], "texture": "#0"}
			}
		},
		{
			"from": [-1, 9.5, -1],
			"to": [3, 16.5, 4],
			"rotation": {"angle": 45, "axis": "y", "origin": [1, 13, 1.5]},
			"faces": {
				"north": {"uv": [0, 7, 4, 14], "texture": "#1"},
				"east": {"uv": [0, 0, 5, 7], "texture": "#1"},
				"south": {"uv": [4, 7, 8, 14], "texture": "#1"},
				"west": {"uv": [5, 0, 10, 7], "texture": "#1"},
				"up": {"uv": [12, 12, 8, 7], "texture": "#1"},
				"down": {"uv": [14, 0, 10, 5], "texture": "#1"}
			}
		},
		{
			"from": [13, 9.5, -1],
			"to": [17, 16.5, 4],
			"rotation": {"angle": -45, "axis": "y", "origin": [15, 13, 1.5]},
			"faces": {
				"north": {"uv": [4, 7, 0, 14], "texture": "#1"},
				"east": {"uv": [10, 0, 5, 7], "texture": "#1"},
				"south": {"uv": [8, 7, 4, 14], "texture": "#1"},
				"west": {"uv": [5, 0, 0, 7], "texture": "#1"},
				"up": {"uv": [8, 12, 12, 7], "texture": "#1"},
				"down": {"uv": [10, 0, 14, 5], "texture": "#1"}
			}
		},
		{
			"from": [13, 9.5, 12],
			"to": [17, 16.5, 17],
			"rotation": {"angle": 45, "axis": "y", "origin": [15, 13, 14.5]},
			"faces": {
				"north": {"uv": [4, 7, 8, 14], "texture": "#1"},
				"east": {"uv": [5, 0, 10, 7], "texture": "#1"},
				"south": {"uv": [0, 7, 4, 14], "texture": "#1"},
				"west": {"uv": [0, 0, 5, 7], "texture": "#1"},
				"up": {"uv": [8, 7, 12, 12], "texture": "#1"},
				"down": {"uv": [10, 5, 14, 0], "texture": "#1"}
			}
		},
		{
			"from": [-1, 9.5, 12],
			"to": [3, 16.5, 17],
			"rotation": {"angle": -45, "axis": "y", "origin": [1, 13, 14.5]},
			"faces": {
				"north": {"uv": [8, 7, 4, 14], "texture": "#1"},
				"east": {"uv": [5, 0, 0, 7], "texture": "#1"},
				"south": {"uv": [4, 7, 0, 14], "texture": "#1"},
				"west": {"uv": [10, 0, 5, 7], "texture": "#1"},
				"up": {"uv": [12, 7, 8, 12], "texture": "#1"},
				"down": {"uv": [14, 5, 10, 0], "texture": "#1"}
			}
		}
	],
	"display": {
		"head": {
			"translation": [0, -27.25, 0],
			"scale": [2, 2, 2]
		},
		"fixed": {
			"rotation": [-90, 0, 0],
			"translation": [0, 0, -14],
			"scale": [2, 2, 2]
		}
	},
	"groups": [
		{
			"name": "blue_altar",
			"origin": [1, 13, 14.5],
			"color": 0,
			"children": [0, 1, 2, 3, 4, 5, 6, 7]
		}
	]
}