{"textures":{"particle":"block/lantern","lantern":"block/lantern"},"parent":"block/block","elements":[{"from":[6.0,0.0,6.0],"to":[10.0,7.0,10.0],"faces":{"north":{"uv":[6.0,3.0,10.0,10.0],"texture":"#lantern"},"east":{"uv":[6.0,3.0,10.0,10.0],"texture":"#lantern"},"south":{"uv":[6.0,3.0,10.0,10.0],"texture":"#lantern"},"west":{"uv":[6.0,3.0,10.0,10.0],"texture":"#lantern"},"up":{"uv":[0.0,9.0,6.0,15.0],"texture":"#lantern"},"down":{"uv":[12.0,8.0,16.0,12.0],"texture":"#lantern"}}},{"from":[6.0,7.0,6.0],"to":[10.0,9.0,10.0],"faces":{"north":{"uv":[6.0,8.0,10.0,10.0],"texture":"#lantern"},"east":{"uv":[6.0,8.0,10.0,10.0],"texture":"#lantern"},"south":{"uv":[6.0,8.0,10.0,10.0],"texture":"#lantern"},"west":{"uv":[6.0,8.0,10.0,10.0],"texture":"#lantern"},"up":{"uv":[12.0,8.0,16.0,12.0],"texture":"#lantern"}}},{"from":[6.5,9.0,8.0],"to":[9.5,11.0,8.0],"rotation":{"angle":45.0,"axis":"y","origin":[8.0,8.0,8.0]},"faces":{"north":{"uv":[13.0,12.0,16.0,14.0],"texture":"#lantern"},"south":{"uv":[13.0,12.0,16.0,14.0],"texture":"#lantern"}}},{"from":[8.0,9.0,6.5],"to":[8.0,11.0,9.5],"rotation":{"angle":45.0,"axis":"y","origin":[8.0,8.0,8.0]},"faces":{"east":{"uv":[13.0,12.0,16.0,14.0],"texture":"#lantern"},"west":{"uv":[13.0,12.0,16.0,14.0],"texture":"#lantern"}}}]}