{"textures":{"0":"minecraft:rocket_spleef/rocket_launcher","particle":"minecraft:rocket_spleef/rocket_launcher"},"elements":[{"from":[5.0,7.0,0.0],"to":[11.0,13.0,15.0],"rotation":{"angle":0.0,"axis":"y","origin":[7.66667,3.03452,6.79289]},"faces":{"north":{"uv":[1.375,1.5,1.5,1.625],"texture":"#0"},"east":{"uv":[0.75,0.0,2.625,0.75],"texture":"#0"},"west":{"uv":[2.625,0.0,0.75,0.75],"texture":"#0"},"up":{"uv":[1.125,2.75,3.0,2.0],"texture":"#0","rotation":90},"down":{"uv":[1.125,3.5,3.0,2.75],"texture":"#0","rotation":90}}},{"from":[5.0,7.0,1.0],"to":[11.0,13.0,1.0],"rotation":{"angle":0.0,"axis":"y","origin":[7.66667,3.03452,6.79289]},"faces":{"north":{"uv":[3.125,3.5,3.875,4.25],"texture":"#0"},"east":{"uv":[0.75,0.0,2.625,0.75],"texture":"#0"},"south":{"uv":[3.125,3.5,3.875,4.25],"texture":"#0"},"west":{"uv":[2.625,0.0,0.75,0.75],"texture":"#0"},"up":{"uv":[1.125,2.75,3.0,2.0],"texture":"#0","rotation":90},"down":{"uv":[1.125,3.5,3.0,2.75],"texture":"#0","rotation":90}}},{"from":[3.0,8.5,8.0],"to":[13.0,11.5,15.0],"rotation":{"angle":0.0,"axis":"y","origin":[7.66667,3.03452,6.79289]},"faces":{"north":{"uv":[8.625,0.0,8.75,0.375],"texture":"#0"},"east":{"uv":[9.5,0.5,8.625,0.875],"texture":"#0"},"south":{"uv":[8.625,0.0,8.75,0.375],"texture":"#0"},"west":{"uv":[8.625,0.5,9.5,0.875],"texture":"#0"},"up":{"uv":[2.0,4.625,3.25,5.5],"texture":"#0"},"down":{"uv":[2.0,5.875,0.75,5.0],"texture":"#0"}}},{"from":[4.0,6.0,13.0],"to":[12.0,14.0,16.0],"rotation":{"angle":0.0,"axis":"y","origin":[8.0,10.0,14.0]},"faces":{"north":{"uv":[2.0,3.875,1.0,4.875],"texture":"#0","tintindex":0},"east":{"uv":[0.0,1.125,0.375,2.125],"texture":"#0","tintindex":0},"south":{"uv":[1.0,3.625,0.0,4.625],"texture":"#0","tintindex":0},"west":{"uv":[0.375,1.125,0.0,2.125],"texture":"#0","tintindex":0},"up":{"uv":[2.0,3.5,1.0,3.875],"texture":"#0","tintindex":0},"down":{"uv":[1.0,3.25,0.0,3.625],"texture":"#0","tintindex":0}}},{"from":[2.92157,8.0,13.48223],"to":[5.92157,12.0,13.48223],"rotation":{"angle":45.0,"axis":"y","origin":[8.0,10.0,17.06066]},"faces":{"north":{"uv":[0.75,1.125,0.375,1.625],"texture":"#0","tintindex":0},"east":{"uv":[3.0,2.375,2.0,2.875],"texture":"#0","tintindex":0,"rotation":270},"south":{"uv":[0.375,1.125,0.75,1.625],"texture":"#0","tintindex":0},"west":{"uv":[3.0,1.875,2.0,2.375],"texture":"#0","tintindex":0,"rotation":270},"up":{"uv":[1.875,0.875,1.375,1.875],"texture":"#0","tintindex":0,"rotation":270},"down":{"uv":[1.875,0.875,1.375,1.875],"texture":"#0","tintindex":0,"rotation":270}}},{"from":[10.07843,8.0,13.48223],"to":[13.07843,12.0,13.48223],"rotation":{"angle":-45.0,"axis":"y","origin":[8.0,10.0,17.06066]},"faces":{"north":{"uv":[0.375,1.125,0.75,1.625],"texture":"#0","tintindex":0},"east":{"uv":[3.0,2.375,2.0,1.875],"texture":"#0","tintindex":0,"rotation":270},"south":{"uv":[0.75,1.125,0.375,1.625],"texture":"#0","tintindex":0},"west":{"uv":[3.0,2.875,2.0,2.375],"texture":"#0","tintindex":0,"rotation":270},"up":{"uv":[1.875,1.875,1.375,0.875],"texture":"#0","tintindex":0,"rotation":270},"down":{"uv":[1.875,1.875,1.375,0.875],"texture":"#0","tintindex":0,"rotation":270}}},{"from":[6.0,12.07843,13.48223],"to":[10.0,15.07843,13.48223],"rotation":{"angle":45.0,"axis":"x","origin":[8.0,10.0,17.06066]},"faces":{"north":{"uv":[0.375,1.125,0.75,1.625],"texture":"#0","tintindex":0,"rotation":90},"east":{"uv":[1.875,1.875,1.375,0.875],"texture":"#0","tintindex":0,"rotation":180},"south":{"uv":[0.75,1.125,0.375,1.625],"texture":"#0","tintindex":0,"rotation":270},"west":{"uv":[1.875,1.875,1.375,0.875],"texture":"#0","tintindex":0,"rotation":180},"up":{"uv":[3.0,2.375,2.0,1.875],"texture":"#0","tintindex":0,"rotation":180},"down":{"uv":[3.0,2.875,2.0,2.375],"texture":"#0","tintindex":0,"rotation":180}}},{"from":[6.0,4.92157,13.48223],"to":[10.0,7.92157,13.48223],"rotation":{"angle":-45.0,"axis":"x","origin":[8.0,10.0,17.06066]},"faces":{"north":{"uv":[0.75,1.125,0.375,1.625],"texture":"#0","tintindex":0,"rotation":90},"east":{"uv":[1.875,0.875,1.375,1.875],"texture":"#0","tintindex":0,"rotation":180},"south":{"uv":[0.375,1.125,0.75,1.625],"texture":"#0","tintindex":0,"rotation":270},"west":{"uv":[1.875,0.875,1.375,1.875],"texture":"#0","tintindex":0,"rotation":180},"up":{"uv":[3.0,2.375,2.0,2.875],"texture":"#0","tintindex":0,"rotation":180},"down":{"uv":[3.0,1.875,2.0,2.375],"texture":"#0","tintindex":0,"rotation":180}}},{"from":[3.49,5.5,2.0],"to":[12.49,14.5,8.0],"rotation":{"angle":0.0,"axis":"y","origin":[7.99,10.0,14.0]},"faces":{"north":{"uv":[0.0,2.125,1.125,3.25],"texture":"#0","tintindex":0},"east":{"uv":[0.0,0.0,0.75,1.125],"texture":"#0","tintindex":0},"south":{"uv":[3.125,3.5,2.0,4.625],"texture":"#0","tintindex":0},"west":{"uv":[0.75,0.0,0.0,1.125],"texture":"#0","tintindex":0},"up":{"uv":[0.75,1.25,1.875,2.0],"texture":"#0","tintindex":0},"down":{"uv":[4.125,2.75,3.0,3.5],"texture":"#0","tintindex":0}}},{"from":[6.0,4.0,3.0],"to":[10.0,7.0,11.0],"rotation":{"angle":0.0,"axis":"y","origin":[7.99,10.0,14.0]},"faces":{"north":{"uv":[1.0,4.625,0.5,5.0],"texture":"#0","tintindex":0},"east":{"uv":[0.75,0.75,1.75,1.125],"texture":"#0","tintindex":0},"south":{"uv":[1.0,4.625,0.5,5.0],"texture":"#0","tintindex":0},"west":{"uv":[1.75,0.75,0.75,1.125],"texture":"#0","tintindex":0},"up":{"uv":[1.375,1.625,1.5,1.75],"texture":"#0","tintindex":0},"down":{"uv":[0.5,4.625,0.0,5.625],"texture":"#0","tintindex":0}}},{"from":[3.49,5.5,2.0],"to":[12.49,14.5,8.0],"rotation":{"angle":0.0,"axis":"y","origin":[7.99,10.0,14.0]},"faces":{"north":{"uv":[1.375,1.625,1.5,1.75],"texture":"#0"},"east":{"uv":[2.875,0.0,3.625,1.125],"texture":"#0"},"south":{"uv":[1.375,1.625,1.5,1.75],"texture":"#0"},"west":{"uv":[3.625,0.0,2.875,1.125],"texture":"#0"},"up":{"uv":[1.375,1.625,1.5,1.75],"texture":"#0"},"down":{"uv":[1.375,1.625,1.5,1.75],"texture":"#0"}}},{"from":[6.0,4.0,3.0],"to":[10.0,7.0,11.0],"rotation":{"angle":0.0,"axis":"y","origin":[7.99,10.0,14.0]},"faces":{"north":{"uv":[1.375,1.625,1.5,1.75],"texture":"#0"},"east":{"uv":[0.0,6.125,1.0,6.5],"texture":"#0"},"south":{"uv":[1.375,1.625,1.5,1.75],"texture":"#0"},"west":{"uv":[1.0,6.125,0.0,6.5],"texture":"#0"},"up":{"uv":[1.375,1.625,1.5,1.75],"texture":"#0"},"down":{"uv":[1.375,1.625,1.5,1.75],"texture":"#0"}}},{"from":[6.0,14.0,3.0],"to":[10.0,16.0,6.0],"rotation":{"angle":0.0,"axis":"y","origin":[7.99,10.0,14.0]},"faces":{"north":{"uv":[2.625,0.75,2.125,1.0],"texture":"#0","tintindex":0},"east":{"uv":[1.75,0.75,2.125,1.0],"texture":"#0","tintindex":0},"south":{"uv":[2.25,1.0,1.75,1.25],"texture":"#0","tintindex":0},"west":{"uv":[2.125,0.75,1.75,1.0],"texture":"#0","tintindex":0},"up":{"uv":[2.25,1.0,2.75,1.375],"texture":"#0","tintindex":0},"down":{"uv":[3.0,2.375,2.0,2.875],"texture":"#0","tintindex":0}}},{"from":[11.0,13.0,15.0],"to":[5.0,7.0,0.0],"rotation":{"angle":0.0,"axis":"y","origin":[7.66667,3.03452,6.79289]},"faces":{"east":{"uv":[2.625,0.75,0.75,0.0],"texture":"#0"},"south":{"uv":[1.375,1.625,1.5,1.5],"texture":"#0"},"west":{"uv":[0.75,0.75,2.625,0.0],"texture":"#0"},"up":{"uv":[1.125,2.75,3.0,3.5],"texture":"#0","rotation":90},"down":{"uv":[1.125,2.0,3.0,2.75],"texture":"#0","rotation":90}}}],"display":{"thirdperson_righthand":{"translation":[-0.25,-3.25,1.25],"rotation":[0.0,0.0,1.0],"scale":[0.85,0.85,0.85]},"thirdperson_lefthand":{"translation":[-0.25,-3.25,1.25],"rotation":[0.0,0.0,1.0],"scale":[0.85,0.85,0.85]},"firstperson_righthand":{"translation":[-1.0,13.75,3.75],"rotation":[7.07,6.13,-0.85],"scale":[0.31445,0.31445,0.31445]},"firstperson_lefthand":{"translation":[-1.0,13.75,3.75],"rotation":[7.07,6.13,-0.85],"scale":[0.31445,0.31445,0.31445]},"gui":{"translation":[2.0,0.0,0.0],"rotation":[136.6,-41.16,113.93],"scale":[0.72071,0.72071,0.72071]}},"credit":"Made with Blockbench","gui_light":"front"}