{
  "effects.points.acquired": {"sounds":[{"name": "effects/points/acquired"}]},
  "effects.points.big_acquired": {"sounds":[{"name": "effects/points/big_acquired"}]},
  "effects.points.huge_acquired": {"sounds":[{"name": "effects/points/huge_acquired"}]},
  "effects.points.small_coins": {"sounds":[{"name": "effects/points/small_coins"}]},
  "effects.points.big_coins": {"sounds":[{"name": "effects/points/big_coins"}]},
  "effects.points.objective": {"sounds":[{"name": "effects/points/objective"}]},
  
  "effects.timer.tick": {"sounds":[{"name": "effects/timer/tick"}]},
  "effects.timer.321": {"sounds":[{"name": "effects/timer/321", "preload": true}]},
  "effects.timer.go": {"sounds":[{"name": "effects/timer/go", "preload": true}]},
  "effects.timer.round_end": {"sounds":[{"name": "effects/timer/round_end"}]},
  "effects.timer.grace_period": {"sounds":[{"name": "effects/timer/grace_period"}]},
  "effects.timer.text_pop": {"sounds":[{"name": "effects/timer/text_pop"}]},
  "effects.timer.ping": {"sounds":[{"name": "effects/timer/ping"}]},
  "effects.timer.finalist_announcement": {"sounds":[{"name": "effects/timer/finalist_announcement"}]},
  
  "effects.map.alert": {"sounds":[{"name": "effects/map/alert"}]},
  "effects.map.update": {"sounds":[{"name": "effects/map/update"}]},
  "effects.map.team_eliminated": {"sounds":[{"name": "effects/map/team_eliminated"}]},
  "effects.map.elimination_pop": {"sounds":[{"name": "effects/map/elimination_pop"}]},
  
  "effects.sands_of_time.key_pickup_rusty": {"sounds":[{"name": "effects/sands_of_time/key_pickup_rusty"}]},
  "effects.sands_of_time.key_pickup_vault": {"sounds":[{"name": "effects/sands_of_time/key_pickup_vault"}]},
  "effects.sands_of_time.key_loop_vault": {"sounds":[{"name": "effects/sands_of_time/key_loop_vault"}]},
  "effects.sands_of_time.rusty_open": {"sounds":[{"name": "effects/sands_of_time/rusty_open", "volume": 0.85}]},
  "effects.sands_of_time.vault_open": {"sounds":[{"name": "effects/sands_of_time/vault_open"}]},
  "effects.sands_of_time.vault_open_team": {"sounds":[{"name": "effects/sands_of_time/vault_open_team"}]},
  "effects.sands_of_time.vault_open_enemy": {"sounds":[{"name": "effects/sands_of_time/vault_open_enemy"}]},
  "effects.sands_of_time.gate_open": {"sounds":[{"name": "effects/sands_of_time/gate_open"}]},
  "effects.sands_of_time.gate_close": {"sounds":[{"name": "effects/sands_of_time/gate_close"}]},
  "effects.sands_of_time.solve_puzzle": {"sounds":[{"name": "effects/sands_of_time/solve_puzzle"}]},
  "effects.sands_of_time.button_press": {"sounds":[{"name": "effects/sands_of_time/button_press"}]},
  "effects.sands_of_time.button_up": {"sounds":[{"name": "effects/sands_of_time/button_up"}]},
  "effects.sands_of_time.sand_sacrifice": {"sounds":[{"name": "effects/sands_of_time/sand_sacrifice"}]},
  "effects.sands_of_time.revive_player": {"sounds":[{"name": "effects/sands_of_time/revive_player", "volume": 0.7}]},
  "effects.sands_of_time.timer_10": {"sounds":[{"name": "effects/sands_of_time/timer_10"}]},
  "effects.sands_of_time.timer_20": {"sounds":[{"name": "effects/sands_of_time/timer_20"}]},
  "effects.sands_of_time.timer_30": {"sounds":[{"name": "effects/sands_of_time/timer_30"}]},
  "effects.sands_of_time.timer_90": {"sounds":[{"name": "effects/sands_of_time/timer_90"}]},
  "effects.sands_of_time.timer_120": {"sounds":[{"name": "effects/sands_of_time/timer_120"}]},
  "effects.sands_of_time.locked_in": {"sounds":[{"name": "effects/sands_of_time/locked_in"}]},
  "effects.sands_of_time.sand_place": {"sounds":[{"name": "effects/sands_of_time/sand_place1"},{"name": "effects/sands_of_time/sand_place2"},{"name": "effects/sands_of_time/sand_place3"}]},
  "effects.sands_of_time.sand_full": {"sounds":[{"name": "effects/sands_of_time/sand_full"}]},
  "effects.sands_of_time.statue": {"sounds":[{"name": "effects/sands_of_time/statue1"},{"name": "effects/sands_of_time/statue2"},{"name": "effects/sands_of_time/statue3"}]},
  "effects.sands_of_time.gold_drop": {"sounds":[{"name": "effects/sands_of_time/gold_drop1"},{"name": "effects/sands_of_time/gold_drop2"},{"name": "effects/sands_of_time/gold_drop3"}]},
  "effects.sands_of_time.timer_starting": {"sounds":[{"name": "effects/sands_of_time/timer_starting", "preload": true}]},

  "soundtrack.sands_of_time": {"sounds":[{"name": "soundtrack/sands_of_time", "stream": true}]},
  
  "effects.ui.game": {"sounds":[{"name": "effects/ui/game"}]},

  "soundtrack.game_intro": {"sounds":[{"name": "soundtrack/game_intro", "preload": true}]},
  "soundtrack.game_end": {"sounds":[{"name": "soundtrack/game_end", "preload": true}]},
  "soundtrack.round_end": {"sounds":[{"name": "soundtrack/round_end", "preload": true}]},
  "soundtrack.overtime_intro": {"sounds":[{"name": "soundtrack/overtime_intro", "stream": true}]},
  "soundtrack.overtime_loop": {"sounds":[{"name": "soundtrack/overtime_loop", "stream": true}]},
  
  "block.portal.ambient": {"replace": true},
  "block.portal.trigger": {"replace": true}
}