{
  "effects.points.acquired": {"sounds":[{"name": "effects/points/acquired"}]},
  "effects.points.big_acquired": {"sounds":[{"name": "effects/points/big_acquired"}]},
  "effects.points.huge_acquired": {"sounds":[{"name": "effects/points/huge_acquired"}]},
  "effects.points.small_coins": {"sounds":[{"name": "effects/points/small_coins"}]},
  "effects.points.big_coins": {"sounds":[{"name": "effects/points/big_coins"}]},
  "effects.points.objective": {"sounds":[{"name": "effects/points/objective"}]},
  "effects.points.unacquired": {"sounds":[{"name": "effects/points/unacquired"}]},
  
  "effects.timer.tick": {"sounds":[{"name": "effects/timer/tick"}]},
  "effects.timer.tick_high": {"sounds":[{"name": "effects/timer/tick_high"}]},
  "effects.timer.321": {"sounds":[{"name": "effects/timer/321", "preload": true}]},
  "effects.timer.go": {"sounds":[{"name": "effects/timer/go", "preload": true}]},
  "effects.timer.round_end": {"sounds":[{"name": "effects/timer/round_end"}]},
  "effects.timer.round_end_applause": {"sounds":[{"name": "effects/timer/round_end_applause", "preload": true}]},
  "effects.timer.grace_period": {"sounds":[{"name": "effects/timer/grace_period"}]},
  "effects.timer.text_pop": {"sounds":[{"name": "effects/timer/text_pop"}]},
  "effects.timer.ping": {"sounds":[{"name": "effects/timer/ping"}]},
  "effects.timer.announcement": {"sounds":[{"name": "effects/timer/announcement"}]},
  "effects.timer.bridge": {"sounds":[{"name": "effects/timer/bridge"}]},
  
  "effects.map.alert": {"sounds":[{"name": "effects/map/alert"}]},
  "effects.map.border": {"sounds":[{"name": "effects/map/border"}]},
  "effects.map.shrink_short": {"sounds":[{"name": "effects/map/shrink_short", "volume": 0.6}]},
  "effects.map.shrink_long": {"sounds":[{"name": "effects/map/shrink_long", "volume": 0.6}]},
  "effects.map.update": {"sounds":[{"name": "effects/map/update"}]},
  "effects.map.team_eliminated": {"sounds":[{"name": "effects/map/team_eliminated"}]},
  "effects.map.enemy_completed": {"sounds":[{"name": "effects/map/enemy_completed"}]},
  "effects.map.lockout": {"sounds":[{"name": "effects/map/lockout"}]},
  "effects.map.warn": {"sounds":[{"name": "effects/map/warn"}]},
  "effects.map.difficulty_increase": {"sounds":[{"name": "effects/map/difficulty_increase"}]},
  "effects.map.speed_increase": {"sounds":[{"name": "effects/map/speed_increase"}]},
  "effects.map.title": {"sounds":[{"name": "effects/map/title"}]},
  "effects.map.elimination_pop": {"sounds":[{"name": "effects/map/elimination_pop"}]},
  "effects.map.complete": {"sounds":[{"name": "effects/map/complete"}]},
  
  "effects.rocket_spleef.spawn_1": {"sounds":[{"name": "effects/rocket_spleef/spawn_1"}]},
  "effects.rocket_spleef.spawn_2": {"sounds":[{"name": "effects/rocket_spleef/spawn_2"}]},
  "effects.rocket_spleef.reload_cannon": {"sounds":[{"name": "effects/rocket_spleef/reload_cannon", "volume": 0.13}]},
  "effects.rocket_spleef.updraft": {"sounds":[{"name": "effects/rocket_spleef/updraft"}]},
  "effects.rocket_spleef.direct_hit": {"sounds":[{"name": "effects/rocket_spleef/direct_hit"}]},
  "effects.rocket_spleef.stunned": {"sounds":[{"name": "effects/rocket_spleef/stunned"}]},
  
  "effects.ace_race.launch_pad": {"sounds":[{"name": "effects/ace_race/launch_pad1"},{"name": "effects/ace_race/launch_pad2"},{"name": "effects/ace_race/launch_pad3"}]},
  "effects.ace_race.speed_pad": {"sounds":[{"name": "effects/ace_race/speed_pad1"},{"name": "effects/ace_race/speed_pad2"},{"name": "effects/ace_race/speed_pad3"}]},
  "effects.ace_race.wing_ring": {"sounds":[{"name": "effects/ace_race/wing_ring1"},{"name": "effects/ace_race/wing_ring2"},{"name": "effects/ace_race/wing_ring3"}]},
  "effects.ace_race.jump_pad": {"sounds":[{"name": "effects/ace_race/jump_pad"}]},
  "effects.ace_race.slow_field": {"sounds":[{"name": "effects/ace_race/slow_field"}]},
  
  "effects.decision_dome.multiplier": {"sounds":[{"name": "effects/decision_dome/multiplier"}]},
  "effects.decision_dome.game_announcement": {"sounds":[{"name": "effects/decision_dome/game_announcement", "volume": 0.6}]},
  "effects.decision_dome.new_games": {"sounds":[{"name": "effects/decision_dome/new_games"}]},
  "effects.decision_dome.vacuum": {"sounds":[{"name": "effects/decision_dome/vacuum"}]},
  "effects.decision_dome.dial_spin": {"sounds":[
    {"name": "effects/decision_dome/ddspin1"},{"name": "effects/decision_dome/ddspin2"},{"name": "effects/decision_dome/ddspin3"},{"name": "effects/decision_dome/ddspin4"},
	{"name": "effects/decision_dome/ddspin5"},{"name": "effects/decision_dome/ddspin6"},{"name": "effects/decision_dome/ddspin7"},{"name": "effects/decision_dome/ddspin8"},
	{"name": "effects/decision_dome/ddspin9"},{"name": "effects/decision_dome/ddspin10"},{"name": "effects/decision_dome/ddspin11"},{"name": "effects/decision_dome/ddspin12"},
	{"name": "effects/decision_dome/ddspin13"},{"name": "effects/decision_dome/ddspin14"},{"name": "effects/decision_dome/ddspin15"},{"name": "effects/decision_dome/ddspin16"}
  ]},
  "effects.decision_dome.click": {"sounds":[
    {"name": "effects/decision_dome/click1"},{"name": "effects/decision_dome/click2"},{"name": "effects/decision_dome/click3"},{"name": "effects/decision_dome/click4"},
	{"name": "effects/decision_dome/click5"},{"name": "effects/decision_dome/click6"},{"name": "effects/decision_dome/click7"}
  ]},
  "effects.decision_dome.crash": {"sounds":[{"name": "effects/decision_dome/crash"}]},
  "effects.decision_dome.creak": {"sounds":[{"name": "effects/decision_dome/creak_1"},{"name": "effects/decision_dome/creak_2"},{"name": "effects/decision_dome/creak_3"}]},
  
  "effects.grid_runners.correct_item": {"sounds":[{"name": "effects/grid_runners/correct_item"}]},
  "effects.grid_runners.door_complete": {"sounds":[{"name": "effects/grid_runners/door_complete"}]},
  "effects.grid_runners.enemy_finish": {"sounds":[{"name": "effects/grid_runners/enemy_finish"}]},
  "effects.grid_runners.explosion": {"sounds":[{"name": "effects/grid_runners/explosion"}]},
  "effects.grid_runners.finish_room": {"sounds":[{"name": "effects/grid_runners/finish_room"}]},
  "effects.grid_runners.room_clean": {"sounds":[{"name": "effects/grid_runners/room_clean"}]},
  "effects.grid_runners.room_copy": {"sounds":[{"name": "effects/grid_runners/room_copy"}]},
  "effects.grid_runners.room_crossing": {"sounds":[{"name": "effects/grid_runners/room_crossing"}]},
  "effects.grid_runners.room_deposit": {"sounds":[{"name": "effects/grid_runners/room_deposit"}]},
  "effects.grid_runners.room_dtb": {"sounds":[{"name": "effects/grid_runners/room_dtb"}]},
  "effects.grid_runners.room_golf": {"sounds":[{"name": "effects/grid_runners/room_golf"}]},
  "effects.grid_runners.room_key": {"sounds":[{"name": "effects/grid_runners/room_key"}]},
  "effects.grid_runners.room_lamps": {"sounds":[{"name": "effects/grid_runners/room_lamps"}]},
  "effects.grid_runners.room_target": {"sounds":[{"name": "effects/grid_runners/room_target"}]},
  "effects.grid_runners.room_title": {"sounds":[{"name": "effects/grid_runners/room_title"}]},
  "effects.grid_runners.target_hit": {"sounds":[{"name": "effects/grid_runners/target_hit1"},{"name": "effects/grid_runners/target_hit2"},{"name": "effects/grid_runners/target_hit3"}]},
  "effects.grid_runners.teammate_finishline": {"sounds":[{"name": "effects/grid_runners/teammate_finishline"}]},
  
  "soundtrack.game_intro": {"sounds":[{"name": "soundtrack/game_intro", "preload": true}]},
  "soundtrack.game_end": {"sounds":[{"name": "soundtrack/game_end", "preload": true}]},
  "soundtrack.round_end": {"sounds":[{"name": "soundtrack/round_end", "preload": true}]},
  
  "soundtrack.ace_race": {"sounds":[{"name": "soundtrack/ace_race", "stream": true}]},
  "soundtrack.battle_box": {"sounds":[{"name": "soundtrack/battle_box", "stream": true}]},
  "soundtrack.grid_runners": {"sounds":[{"name": "soundtrack/grid_runners", "stream": true}]},
  "soundtrack.hole_in_the_wall": {"sounds":[{"name": "soundtrack/hole_in_the_wall", "stream": true}]},
  "soundtrack.parkour_tag": {"sounds":[{"name": "soundtrack/parkour_tag", "stream": true}]},
  "soundtrack.parkour_warrior": {"sounds":[{"name": "soundtrack/parkour_warrior", "stream": true}]},
  "soundtrack.rocket_spleef": {"sounds":[{"name": "soundtrack/rocket_spleef", "stream": true}]},
  "soundtrack.sky_battle": {"sounds":[{"name": "soundtrack/sky_battle", "stream": true}]},
  "soundtrack.survival_games": {"sounds":[{"name": "soundtrack/survival_games", "stream": true}]},
  "soundtrack.tgttos": {"sounds":[{"name": "soundtrack/tgttos", "stream": true}]},
  
  "soundtrack.grid_runners_intro": {"sounds":[{"name": "soundtrack/grid_runners_intro", "preload": true}]},
  "soundtrack.grid_runners_win": {"sounds":[{"name": "soundtrack/grid_runners_win", "preload": true}]},
  
  "soundtrack.lobby": {"sounds":[{"name": "soundtrack/lobby", "stream": true}]},
  "soundtrack.one_minute": {"sounds":[{"name": "soundtrack/one_minute", "stream": true}]},
  "soundtrack.decision_dome": {"sounds":[{"name": "soundtrack/decision_dome", "stream": true}]},
  "soundtrack.overtime": {"sounds":[{"name": "soundtrack/overtime", "stream": true}]},
  "soundtrack.overtime_intro": {"sounds":[{"name": "soundtrack/overtime_intro", "stream": true}]},
  "soundtrack.overtime_loop": {"sounds":[{"name": "soundtrack/overtime_loop", "stream": true}]},
  "soundtrack.finale": {"sounds":[{"name": "soundtrack/finale", "stream": true}]},
  "soundtrack.dodgebolt": {"sounds":[{"name": "soundtrack/dodgebolt", "stream": true}]},
  "soundtrack.dodgebolt_fast": {"sounds":[{"name": "soundtrack/dodgebolt_fast", "stream": true}]},
  "soundtrack.dodgebolt_win": {"sounds":[{"name": "soundtrack/dodgebolt_win", "stream": true}]},
  "soundtrack.walk_of_fame": {"sounds":[{"name": "soundtrack/walk_of_fame", "stream": true}]},
  
  "block.piston.contract": {"replace": true},
  "block.piston.extend": {"replace": true},
  
  "effects.block.piston_contract": {"sounds": [{"name": "effects/block/piston_contract", "volume": 1.0, "attenuation_distance": 16}]},
  "effects.block.piston_extend": {"sounds": [{"name": "effects/block/piston_extend", "volume": 1.0, "attenuation_distance": 16}]},
  "effects.block.piston_contract_slime": {"sounds": [{"name": "effects/block/piston_contract_slime", "volume": 0.8, "attenuation_distance": 16}]},
  "effects.block.piston_extend_slime": {"sounds": [{"name": "effects/block/piston_extend_slime", "volume": 0.8, "attenuation_distance": 16}]}
}