{
	"format_version": "1.9.0",
	"credit": "Made with Blockbench",
	"ambientocclusion": false,
	"texture_size": [160, 32],
	"textures": {
		"0": "ace_race/arrow_field",
		"particle": "ace_race/arrow_field"
	},
	"gui_light": "front",
	"elements": [
		{
			"from": [-2, 0, 8],
			"to": [18, 4, 8],
			"light_emission": 15,
			"shade": false,
			"rotation": {"angle": 0, "axis": "y", "origin": [-7, 0, 6]},
			"faces": {
				"north": {"uv": [0, 0, 16, 16], "texture": "#0"},
				"south": {"uv": [16, 0, 0, 16], "texture": "#0"}
			}
		}
	],
	"display": {
		"head": {
			"scale": [4, 4, 4]
		}
	}
}