{"textures":{"0":"training/props","1":"training/notice_board","2":"training/map_board_flash","particle":"training/props_outdoor_4"},"elements":[{"from":[-16,-4,6],"to":[32,32,9],"faces":{"north":{"uv":[6.125,0,12.125,4.5],"texture":"#1"},"east":{"uv":[0,13.5,4.5,13.875],"rotation":90,"texture":"#0"},"south":{"uv":[0,0,6,4.5],"texture":"#1"},"west":{"uv":[0,13.5,4.5,13.875],"rotation":90,"texture":"#0"},"up":{"uv":[1,13.5,7,13.875],"texture":"#0"},"down":{"uv":[1,13.5,7,13.875],"texture":"#0"}}},{"from":[-12,8,5],"to":[6,26,5],"rotation":{"angle":0,"axis":"y","origin":[0,2,0]},"faces":{"north":{"uv":[7.75,13,10,15.25],"texture":"#1"},"east":{"uv":[0,13.5,4.5,13.875],"rotation":90,"texture":"#0"},"south":{"uv":[7.75,13,10,15.25],"texture":"#1"},"west":{"uv":[0,13.5,4.5,13.875],"rotation":90,"texture":"#0"},"up":{"uv":[1,13.5,7,13.875],"texture":"#0"},"down":{"uv":[1,13.5,7,13.875],"texture":"#0"}}},{"from":[-2,3,5.25],"to":[7,16,5.25],"faces":{"north":{"uv":[0,6.875,1.125,8.5],"texture":"#1"},"east":{"uv":[0,13.5,4.5,13.875],"rotation":90,"texture":"#0"},"south":{"uv":[0,6.875,1.125,8.5],"texture":"#1"},"west":{"uv":[0,13.5,4.5,13.875],"rotation":90,"texture":"#0"},"up":{"uv":[1,13.5,7,13.875],"texture":"#0"},"down":{"uv":[1,13.5,7,13.875],"texture":"#0"}}},{"from":[2,12,5.75],"to":[9,21,5.75],"faces":{"north":{"uv":[2.5,6.875,3.375,8],"texture":"#1"},"east":{"uv":[0,13.5,4.5,13.875],"rotation":90,"texture":"#0"},"south":{"uv":[3.375,6.875,2.5,8],"texture":"#1"},"west":{"uv":[0,13.5,4.5,13.875],"rotation":90,"texture":"#0"},"up":{"uv":[1,13.5,7,13.875],"texture":"#0"},"down":{"uv":[1,13.5,7,13.875],"texture":"#0"}}},{"from":[20,19,5.75],"to":[27,28,5.75],"faces":{"north":{"uv":[2.5,6.875,3.375,8],"texture":"#1"},"east":{"uv":[0,13.5,4.5,13.875],"rotation":90,"texture":"#0"},"south":{"uv":[3.375,6.875,2.5,8],"texture":"#1"},"west":{"uv":[0,13.5,4.5,13.875],"rotation":90,"texture":"#0"},"up":{"uv":[1,13.5,7,13.875],"texture":"#0"},"down":{"uv":[1,13.5,7,13.875],"texture":"#0"}}},{"from":[10,13,5.75],"to":[19,26,5.75],"faces":{"north":{"uv":[1.25,6.875,2.375,8.5],"texture":"#1"},"east":{"uv":[0,13.5,4.5,13.875],"rotation":90,"texture":"#0"},"south":{"uv":[1.25,6.875,2.375,8.5],"texture":"#1"},"west":{"uv":[0,13.5,4.5,13.875],"rotation":90,"texture":"#0"},"up":{"uv":[1,13.5,7,13.875],"texture":"#0"},"down":{"uv":[1,13.5,7,13.875],"texture":"#0"}}},{"from":[11,23,4],"to":[13,25,6],"faces":{"north":{"uv":[4.25,4.625,4.5,4.875],"texture":"#1"},"east":{"uv":[4.5,4.875,4.25,5.125],"texture":"#1"},"west":{"uv":[4.25,4.875,4.5,5.125],"texture":"#1"},"up":{"uv":[4.25,5.125,4.5,4.875],"rotation":90,"texture":"#1"},"down":{"uv":[4.25,4.875,4.5,5.125],"rotation":270,"texture":"#1"}}},{"from":[23,27,4],"to":[25,29,6],"faces":{"north":{"uv":[4.625,4.625,4.875,4.875],"texture":"#1"},"east":{"uv":[4.875,4.875,4.625,5.125],"texture":"#1"},"west":{"uv":[4.625,4.875,4.875,5.125],"texture":"#1"},"up":{"uv":[4.625,5.125,4.875,4.875],"rotation":90,"texture":"#1"},"down":{"uv":[4.625,4.875,4.875,5.125],"rotation":270,"texture":"#1"}}},{"from":[16,17.5,4],"to":[18,19.5,6],"faces":{"north":{"uv":[3.875,4.625,4.125,4.875],"texture":"#1"},"east":{"uv":[4.125,4.875,3.875,5.125],"texture":"#1"},"west":{"uv":[3.875,4.875,4.125,5.125],"texture":"#1"},"up":{"uv":[3.875,5.125,4.125,4.875],"rotation":90,"texture":"#1"},"down":{"uv":[3.875,4.875,4.125,5.125],"rotation":270,"texture":"#1"}}},{"from":[26,1.5,4],"to":[28,3.5,6],"faces":{"north":{"uv":[3.5,4.625,3.75,4.875],"texture":"#1"},"east":{"uv":[3.75,4.875,3.5,5.125],"texture":"#1"},"west":{"uv":[3.5,4.875,3.75,5.125],"texture":"#1"},"up":{"uv":[3.5,5.125,3.75,4.875],"rotation":90,"texture":"#1"},"down":{"uv":[3.5,4.875,3.75,5.125],"rotation":270,"texture":"#1"}}},{"from":[4.5,20,4],"to":[6.5,22,6],"faces":{"north":{"uv":[3.5,4.625,3.75,4.875],"texture":"#1"},"east":{"uv":[3.75,4.875,3.5,5.125],"texture":"#1"},"west":{"uv":[3.5,4.875,3.75,5.125],"texture":"#1"},"up":{"uv":[3.5,5.125,3.75,4.875],"rotation":90,"texture":"#1"},"down":{"uv":[3.5,4.875,3.75,5.125],"rotation":270,"texture":"#1"}}},{"from":[-7,0,5.75],"to":[0,9,5.75],"faces":{"north":{"uv":[2.5,6.875,3.375,8],"texture":"#1"},"east":{"uv":[0,13.5,4.5,13.875],"rotation":90,"texture":"#0"},"south":{"uv":[3.375,6.875,2.5,8],"texture":"#1"},"west":{"uv":[0,13.5,4.5,13.875],"rotation":90,"texture":"#0"},"up":{"uv":[1,13.5,7,13.875],"texture":"#0"},"down":{"uv":[1,13.5,7,13.875],"texture":"#0"}}},{"from":[-4.5,8,4],"to":[-2.5,10,6],"faces":{"north":{"uv":[4.625,4.625,4.875,4.875],"texture":"#1"},"east":{"uv":[4.875,4.875,4.625,5.125],"texture":"#1"},"west":{"uv":[4.625,4.875,4.875,5.125],"texture":"#1"},"up":{"uv":[4.625,5.125,4.875,4.875],"rotation":90,"texture":"#1"},"down":{"uv":[4.625,4.875,4.875,5.125],"rotation":270,"texture":"#1"}}},{"from":[-11,24.5,4],"to":[-9,26.5,6],"rotation":{"angle":0,"axis":"y","origin":[0,2,0]},"faces":{"north":{"uv":[3.875,4.625,4.125,4.875],"texture":"#1"},"east":{"uv":[4.125,4.875,3.875,5.125],"texture":"#1"},"west":{"uv":[3.875,4.875,4.125,5.125],"texture":"#1"},"up":{"uv":[3.875,5.125,4.125,4.875],"rotation":90,"texture":"#1"},"down":{"uv":[3.875,4.875,4.125,5.125],"rotation":270,"texture":"#1"}}},{"from":[0,13.5,4],"to":[2,15.5,6],"faces":{"north":{"uv":[4.25,4.625,4.5,4.875],"texture":"#1"},"east":{"uv":[4.5,4.875,4.25,5.125],"texture":"#1"},"west":{"uv":[4.25,4.875,4.5,5.125],"texture":"#1"},"up":{"uv":[4.25,5.125,4.5,4.875],"rotation":90,"texture":"#1"},"down":{"uv":[4.25,4.875,4.5,5.125],"rotation":270,"texture":"#1"}}},{"from":[10,1,5],"to":[28,19,5],"rotation":{"angle":0,"axis":"z","origin":[21.5,26.5,12]},"faces":{"north":{"uv":[5.375,13,7.625,15.25],"texture":"#1"},"east":{"uv":[0,13.5,4.5,13.875],"rotation":90,"texture":"#0"},"south":{"uv":[5.375,13,7.625,15.25],"texture":"#1"},"west":{"uv":[0,13.5,4.5,13.875],"rotation":90,"texture":"#0"},"up":{"uv":[1,13.5,7,13.875],"texture":"#0"},"down":{"uv":[1,13.5,7,13.875],"texture":"#0"}}},{"from":[8,-2,3.75],"to":[31,21,3.75],"rotation":{"angle":0,"axis":"z","origin":[20.5,26.5,12]},"faces":{"north":{"uv":[3,2.5,14.5,14],"texture":"#2"},"east":{"uv":[0,13.5,4.5,13.875],"rotation":90,"texture":"#0"},"south":{"uv":[3,2.5,14.5,14],"texture":"#2"},"west":{"uv":[0,13.5,4.5,13.875],"rotation":90,"texture":"#0"},"up":{"uv":[1,13.5,7,13.875],"texture":"#0"},"down":{"uv":[1,13.5,7,13.875],"texture":"#0"}}},{"from":[8,-2,3.75],"to":[31,21,3.75],"rotation":{"angle":0,"axis":"z","origin":[20.5,26.5,12]},"faces":{"north":{"uv":[3,2.5,14.5,14],"texture":"#2"},"east":{"uv":[0,13.5,4.5,13.875],"rotation":90,"texture":"#0"},"south":{"uv":[3,2.5,14.5,14],"texture":"#2"},"west":{"uv":[0,13.5,4.5,13.875],"rotation":90,"texture":"#0"},"up":{"uv":[1,13.5,7,13.875],"texture":"#0"},"down":{"uv":[1,13.5,7,13.875],"texture":"#0"}}},{"from":[-14,5,3.75],"to":[9,28,3.75],"rotation":{"angle":0,"axis":"y","origin":[-1.5,33.5,12]},"faces":{"north":{"uv":[3,2.5,14.5,14],"texture":"#2"},"east":{"uv":[0,13.5,4.5,13.875],"rotation":90,"texture":"#0"},"south":{"uv":[3,2.5,14.5,14],"texture":"#2"},"west":{"uv":[0,13.5,4.5,13.875],"rotation":90,"texture":"#0"},"up":{"uv":[1,13.5,7,13.875],"texture":"#0"},"down":{"uv":[1,13.5,7,13.875],"texture":"#0"}}},{"from":[22,-12,7.5],"to":[30,-4,7.5],"faces":{"north":{"uv":[8.75,0,9.75,1],"texture":"#0"},"south":{"uv":[9.75,0,8.75,1],"texture":"#0"}}},{"from":[-14,-12,7.5],"to":[-6,-4,7.5],"rotation":{"angle":0,"axis":"y","origin":[16,0,0]},"faces":{"north":{"uv":[9.75,0,8.75,1],"texture":"#0"},"south":{"uv":[8.75,0,9.75,1],"texture":"#0"}}},{"from":[29,-16,6],"to":[32,-4,9],"rotation":{"angle":0,"axis":"y","origin":[-9,0,0.5]},"faces":{"north":{"uv":[8.375,2.125,8,3.625],"texture":"#0"},"east":{"uv":[8,2.125,8.375,3.625],"texture":"#0"},"south":{"uv":[8.375,2.125,8,3.625],"texture":"#0"},"west":{"uv":[8,2.125,8.375,3.625],"texture":"#0"},"up":{"uv":[8.125,2.125,8,2.25],"texture":"#0"},"down":{"uv":[8.125,2.125,8,2.25],"texture":"#0"}}},{"from":[-16,-16,6],"to":[-13,-4,9],"rotation":{"angle":0,"axis":"y","origin":[25,0,0.5]},"faces":{"north":{"uv":[8,2.125,8.375,3.625],"texture":"#0"},"east":{"uv":[8.375,2.125,8,3.625],"texture":"#0"},"south":{"uv":[8,2.125,8.375,3.625],"texture":"#0"},"west":{"uv":[8.375,2.125,8,3.625],"texture":"#0"},"up":{"uv":[8,2.125,8.125,2.25],"texture":"#0"},"down":{"uv":[8,2.125,8.125,2.25],"texture":"#0"}}}],"display":{"thirdperson_righthand":{"rotation":[63,34,0],"translation":[0,1,-1],"scale":[0.37891,0.37891,0.37891]},"thirdperson_lefthand":{"rotation":[63,34,0],"translation":[0,1,-1],"scale":[0.37891,0.37891,0.37891]},"firstperson_righthand":{"rotation":[3,112,-13],"translation":[9.5,0,-5.75],"scale":[0.35547,0.35547,0.35547]},"firstperson_lefthand":{"rotation":[3,112,-13],"translation":[9.5,0,-5.75],"scale":[0.35547,0.35547,0.35547]},"ground":{"translation":[0,4.25,0],"scale":[0.28906,0.28906,0.28906]},"gui":{"rotation":[30,-158,0],"translation":[-0.25,-0.25,0],"scale":[0.56992,0.56992,0.56992]},"head":{"translation":[0,-4.8,0],"scale":[1.6,1.6,1.6]},"fixed":{"translation":[0,-3.25,-7.5]}}}