{
    "providers": [
		{"file": "minecraft:font/screen_fade.png", "type": "bitmap", "ascent": 250, "chars": ["\uE000"], "height": 1500},
		{"file": "minecraft:font/dome/multi_1_5.png", "type": "bitmap", "ascent": 20, "chars": ["\uE001"], "height": 40},
		{"file": "minecraft:font/dome/multi_2_0.png", "type": "bitmap", "ascent": 20, "chars": ["\uE002"], "height": 40},
		{"file": "minecraft:font/dome/multi_2_5.png", "type": "bitmap", "ascent": 20, "chars": ["\uE003"], "height": 40},
		{"file": "minecraft:font/dome/multi_3_0.png", "type": "bitmap", "ascent": 20, "chars": ["\uE004"], "height": 40},
		{"file": "minecraft:font/dome/multi_3_5.png", "type": "bitmap", "ascent": 20, "chars": ["\uE005"], "height": 40},
		{"file": "minecraft:font/dome/coin_particles_1.png", "type": "bitmap", "ascent": 80, "chars": ["\uE009"], "height": 120},
		{"file": "minecraft:font/dome/coin_particles_2.png", "type": "bitmap", "ascent": 80, "chars": ["\uE00A"], "height": 120},
		{"file": "minecraft:font/dome/coin_particles_3.png", "type": "bitmap", "ascent": 80, "chars": ["\uE00B"], "height": 120},
		{"file": "minecraft:font/dome/coin_particles_4.png", "type": "bitmap", "ascent": 80, "chars": ["\uE00C"], "height": 120},
		{"file": "minecraft:font/dome/coin_particles_5.png", "type": "bitmap", "ascent": 80, "chars": ["\uE00D"], "height": 120},
		{"file": "minecraft:font/dome/coin_particles_6.png", "type": "bitmap", "ascent": 80, "chars": ["\uE00E"], "height": 120},
		{"file": "minecraft:font/dome/coin_particles_7.png", "type": "bitmap", "ascent": 80, "chars": ["\uE00F"], "height": 120},
		{"file": "minecraft:font/dome/vote_get_ready.png", "type": "bitmap", "ascent": 4, "chars": ["\uE010"], "height": 8},
		{"file": "minecraft:font/dome/vote_go.png", "type": "bitmap", "ascent": 8, "chars": ["\uE011"], "height": 16},
		{"file": "minecraft:font/stats_breakdown.png", "type": "bitmap", "ascent": 6, "chars": ["\uE012"], "height": 40},
		{"file": "minecraft:font/guis/header.png", "type": "bitmap", "ascent": 33, "chars": ["\uE013"], "height": 36},
		{"file": "minecraft:font/guis/footer_button_1x3.png", "type": "bitmap", "ascent": -121, "chars": ["\uE014"], "height": 65},
		{"file": "minecraft:font/guis/kit_menu.png", "type": "bitmap", "ascent": 5, "chars": ["\uE015"], "height": 127}
    ]
}
