{
	"credit": "Made with Blockbench",
	"texture_size": [64, 64],
	"textures": {
		"0": "minecraft:dome/camera",
		"1": "minecraft:dome/propellor_sheet",
		"particle": "minecraft:dome/camera"
	},
	"elements": [
		{
			"from": [2, 14, 2],
			"to": [14, 19, 14],
			"rotation": {"angle": 0, "axis": "y", "origin": [8, 14.5, 8]},
			"faces": {
				"north": {"uv": [6, 2, 9, 3.25], "texture": "#0"},
				"east": {"uv": [6, 3.25, 9, 4.5], "texture": "#0"},
				"south": {"uv": [6, 4.5, 9, 5.75], "texture": "#0"},
				"west": {"uv": [6, 5.75, 9, 7], "texture": "#0"},
				"up": {"uv": [3, 3, 0, 0], "texture": "#0"},
				"down": {"uv": [3, 3, 0, 6], "texture": "#0"}
			}
		},
		{
			"from": [6, 11, 6],
			"to": [10, 14, 10],
			"rotation": {"angle": 0, "axis": "y", "origin": [8, 14.5, 8]},
			"faces": {
				"north": {"uv": [9, 6.25, 10, 7], "texture": "#0"},
				"east": {"uv": [1, 9.75, 2, 10.5], "texture": "#0"},
				"south": {"uv": [2, 9.75, 3, 10.5], "texture": "#0"},
				"west": {"uv": [3, 9.75, 4, 10.5], "texture": "#0"},
				"up": {"uv": [3, 7, 2, 6], "texture": "#0"},
				"down": {"uv": [1, 9.75, 0, 10.75], "texture": "#0"}
			}
		},
		{
			"from": [5, 4, -2],
			"to": [11, 10, 3],
			"rotation": {"angle": 0, "axis": "y", "origin": [8, 7, 0.5]},
			"faces": {
				"north": {"uv": [4.5, 7.5, 6, 9], "texture": "#0"},
				"east": {"uv": [8.5, 7, 9.75, 8.5], "texture": "#0"},
				"south": {"uv": [6, 8.5, 7.5, 10], "texture": "#0"},
				"west": {"uv": [7.5, 8.5, 8.75, 10], "texture": "#0"},
				"up": {"uv": [10.25, 9.75, 8.75, 8.5], "texture": "#0"},
				"down": {"uv": [10.5, 1.75, 9, 3], "texture": "#0"}
			}
		},
		{
			"from": [2, 4, 4],
			"to": [14, 11, 12],
			"rotation": {"angle": 0, "axis": "y", "origin": [8, 6, 6.5]},
			"faces": {
				"north": {"uv": [3, 4, 6, 5.75], "texture": "#0"},
				"east": {"uv": [0, 7.75, 2, 9.5], "texture": "#0"},
				"south": {"uv": [6, 11.5, 9, 13.25], "texture": "#0"},
				"west": {"uv": [10.75, 0, 12.75, 1.75], "texture": "#0"},
				"up": {"uv": [6, 2, 3, 0], "texture": "#0"},
				"down": {"uv": [6, 2, 3, 4], "texture": "#0"}
			}
		},
		{
			"from": [3, 3, 5],
			"to": [13, 4, 11],
			"rotation": {"angle": 0, "axis": "y", "origin": [8, 0, 6.5]},
			"faces": {
				"north": {"uv": [9.75, 5.25, 12.25, 5.5], "texture": "#0"},
				"east": {"uv": [9.75, 5.75, 11.25, 6], "texture": "#0"},
				"south": {"uv": [10.25, 5, 12.75, 5.25], "texture": "#0"},
				"west": {"uv": [9.75, 6, 11.25, 6.25], "texture": "#0"},
				"up": {"uv": [8.5, 8.5, 6, 7], "texture": "#0"},
				"down": {"uv": [8.5, 10, 6, 11.5], "texture": "#0"}
			}
		},
		{
			"from": [15, 15, -5.5],
			"to": [18, 18, 4.5],
			"rotation": {"angle": -45, "axis": "y", "origin": [16.5, 16.5, -0.5]},
			"faces": {
				"north": {"uv": [8.75, 9.75, 9.5, 10.5], "texture": "#0"},
				"east": {"uv": [2, 9, 4.5, 9.75], "texture": "#0"},
				"south": {"uv": [9.5, 9.75, 10.25, 10.5], "texture": "#0"},
				"west": {"uv": [9, 3, 11.5, 3.75], "texture": "#0"},
				"up": {"uv": [9.75, 6.25, 9, 3.75], "texture": "#0"},
				"down": {"uv": [5.25, 9, 4.5, 11.5], "texture": "#0"}
			}
		},
		{
			"from": [15.75, 13, -4.5],
			"to": [17.75, 19, -2.5],
			"rotation": {"angle": -45, "axis": "y", "origin": [17.25, 13.5, -0.5]},
			"faces": {
				"north": {"uv": [5.25, 9, 5.75, 10.5], "texture": "#0"},
				"east": {"uv": [9.75, 3.75, 10.25, 5.25], "texture": "#0"},
				"south": {"uv": [4, 9.75, 4.5, 11.25], "texture": "#0"},
				"west": {"uv": [9.75, 7, 10.25, 8.5], "texture": "#0"},
				"up": {"uv": [2.5, 7.5, 2, 7], "texture": "#0"},
				"down": {"uv": [3, 7, 2.5, 7.5], "texture": "#0"}
			}
		},
		{
			"from": [14, 19, -8.25],
			"to": [24, 19, 2.75],
			"rotation": {"angle": 0, "axis": "y", "origin": [18, 19, -5.25]},
			"faces": {
				"north": {"uv": [0, 0, 2, 0], "texture": "#0"},
				"east": {"uv": [0, 0, 2, 0], "texture": "#0"},
				"south": {"uv": [0, 0, 2, 0], "texture": "#0"},
				"west": {"uv": [0, 0, 2, 0], "texture": "#0"},
				"up": {"uv": [16, 16, 0, 0], "texture": "#1"},
				"down": {"uv": [0, 16, 16, 0], "texture": "#1"}
			}
		},
		{
			"from": [-8, 19, -8.25],
			"to": [2, 19, 2.75],
			"rotation": {"angle": 0, "axis": "y", "origin": [-2, 19, -5.25]},
			"faces": {
				"north": {"uv": [2, 0, 0, 0], "texture": "#0"},
				"east": {"uv": [2, 0, 0, 0], "texture": "#0"},
				"south": {"uv": [2, 0, 0, 0], "texture": "#0"},
				"west": {"uv": [2, 0, 0, 0], "texture": "#0"},
				"up": {"uv": [16, 16, 0, 0], "texture": "#1"},
				"down": {"uv": [0, 16, 16, 0], "texture": "#1"}
			}
		},
		{
			"from": [-8, 19, 13.25],
			"to": [2, 19, 24.25],
			"rotation": {"angle": 0, "axis": "y", "origin": [-2, 19, 21.25]},
			"faces": {
				"north": {"uv": [0, 0, 2, 0], "texture": "#0"},
				"east": {"uv": [0, 0, 2, 0], "texture": "#0"},
				"south": {"uv": [0, 0, 2, 0], "texture": "#0"},
				"west": {"uv": [0, 0, 2, 0], "texture": "#0"},
				"up": {"uv": [0, 0, 16, 16], "texture": "#1"},
				"down": {"uv": [0, 16, 16, 0], "texture": "#1"}
			}
		},
		{
			"from": [14, 19, 13.25],
			"to": [24, 19, 24.25],
			"rotation": {"angle": 0, "axis": "y", "origin": [18, 19, 21.25]},
			"faces": {
				"north": {"uv": [2, 0, 0, 0], "texture": "#0"},
				"east": {"uv": [2, 0, 0, 0], "texture": "#0"},
				"south": {"uv": [2, 0, 0, 0], "texture": "#0"},
				"west": {"uv": [2, 0, 0, 0], "texture": "#0"},
				"up": {"uv": [0, 0, 16, 16], "texture": "#1"},
				"down": {"uv": [0, 16, 16, 0], "texture": "#1"}
			}
		},
		{
			"from": [-2, 15, -5.5],
			"to": [1, 18, 4.5],
			"rotation": {"angle": 45, "axis": "y", "origin": [-0.5, 16.5, -0.5]},
			"faces": {
				"north": {"uv": [9.5, 9.75, 8.75, 10.5], "texture": "#0"},
				"east": {"uv": [11.5, 3, 9, 3.75], "texture": "#0"},
				"south": {"uv": [10.25, 9.75, 9.5, 10.5], "texture": "#0"},
				"west": {"uv": [4.5, 9, 2, 9.75], "texture": "#0"},
				"up": {"uv": [9, 6.25, 9.75, 3.75], "texture": "#0"},
				"down": {"uv": [4.5, 9, 5.25, 11.5], "texture": "#0"}
			}
		},
		{
			"from": [-1.75, 13, -4.5],
			"to": [0.25, 19, -2.5],
			"rotation": {"angle": 45, "axis": "y", "origin": [-1.25, 13.5, -0.5]},
			"faces": {
				"north": {"uv": [5.75, 9, 5.25, 10.5], "texture": "#0"},
				"east": {"uv": [10.25, 7, 9.75, 8.5], "texture": "#0"},
				"south": {"uv": [4.5, 9.75, 4, 11.25], "texture": "#0"},
				"west": {"uv": [10.25, 3.75, 9.75, 5.25], "texture": "#0"},
				"up": {"uv": [2, 7.5, 2.5, 7], "texture": "#0"},
				"down": {"uv": [2.5, 7, 3, 7.5], "texture": "#0"}
			}
		},
		{
			"from": [15, 15, 11.5],
			"to": [18, 18, 21.5],
			"rotation": {"angle": 45, "axis": "y", "origin": [16.5, 16.5, 16.5]},
			"faces": {
				"north": {"uv": [10.25, 9.75, 9.5, 10.5], "texture": "#0"},
				"east": {"uv": [4.5, 9, 2, 9.75], "texture": "#0"},
				"south": {"uv": [9.5, 9.75, 8.75, 10.5], "texture": "#0"},
				"west": {"uv": [11.5, 3, 9, 3.75], "texture": "#0"},
				"up": {"uv": [9.75, 3.75, 9, 6.25], "texture": "#0"},
				"down": {"uv": [5.25, 11.5, 4.5, 9], "texture": "#0"}
			}
		},
		{
			"from": [15.75, 13, 18.5],
			"to": [17.75, 19, 20.5],
			"rotation": {"angle": 45, "axis": "y", "origin": [17.25, 13.5, 16.5]},
			"faces": {
				"north": {"uv": [4.5, 9.75, 4, 11.25], "texture": "#0"},
				"east": {"uv": [10.25, 3.75, 9.75, 5.25], "texture": "#0"},
				"south": {"uv": [5.75, 9, 5.25, 10.5], "texture": "#0"},
				"west": {"uv": [10.25, 7, 9.75, 8.5], "texture": "#0"},
				"up": {"uv": [2.5, 7, 2, 7.5], "texture": "#0"},
				"down": {"uv": [3, 7.5, 2.5, 7], "texture": "#0"}
			}
		},
		{
			"from": [-1.75, 13, 18.5],
			"to": [0.25, 19, 20.5],
			"rotation": {"angle": -45, "axis": "y", "origin": [-1.25, 13.5, 16.5]},
			"faces": {
				"north": {"uv": [4, 9.75, 4.5, 11.25], "texture": "#0"},
				"east": {"uv": [9.75, 7, 10.25, 8.5], "texture": "#0"},
				"south": {"uv": [5.25, 9, 5.75, 10.5], "texture": "#0"},
				"west": {"uv": [9.75, 3.75, 10.25, 5.25], "texture": "#0"},
				"up": {"uv": [2, 7, 2.5, 7.5], "texture": "#0"},
				"down": {"uv": [2.5, 7.5, 3, 7], "texture": "#0"}
			}
		},
		{
			"from": [-2, 15, 11.5],
			"to": [1, 18, 21.5],
			"rotation": {"angle": -45, "axis": "y", "origin": [-0.5, 16.5, 16.5]},
			"faces": {
				"north": {"uv": [9.5, 9.75, 10.25, 10.5], "texture": "#0"},
				"east": {"uv": [9, 3, 11.5, 3.75], "texture": "#0"},
				"south": {"uv": [8.75, 9.75, 9.5, 10.5], "texture": "#0"},
				"west": {"uv": [2, 9, 4.5, 9.75], "texture": "#0"},
				"up": {"uv": [9, 3.75, 9.75, 6.25], "texture": "#0"},
				"down": {"uv": [4.5, 11.5, 5.25, 9], "texture": "#0"}
			}
		},
		{
			"from": [8, 6, 3],
			"to": [10, 8, 5],
			"rotation": {"angle": 0, "axis": "y", "origin": [8, 6, 3]},
			"faces": {
				"north": {"uv": [0, 0, 0.5, 0.5], "texture": "#missing"},
				"east": {"uv": [4.25, 1.5, 4.75, 2], "texture": "#0"},
				"south": {"uv": [0, 0, 0.5, 0.5], "texture": "#missing"},
				"west": {"uv": [4, 1, 4.5, 1.5], "texture": "#0"},
				"up": {"uv": [4.5, 1.25, 5, 1.75], "texture": "#0"},
				"down": {"uv": [4.5, 1.75, 5, 2.25], "texture": "#0"}
			}
		}
	],
	"display": {
		"thirdperson_righthand": {
			"rotation": [0, 49, 0],
			"translation": [0.5, -2.5, -2],
			"scale": [0.41, 0.41, 0.41]
		},
		"thirdperson_lefthand": {
			"rotation": [0, 49, 0],
			"translation": [0.5, -2.5, -2],
			"scale": [0.41, 0.41, 0.41]
		},
		"firstperson_righthand": {
			"rotation": [-33, 128, 0],
			"translation": [0, 2.75, 0],
			"scale": [0.48, 0.48, 0.48]
		},
		"firstperson_lefthand": {
			"rotation": [-33, 128, 0],
			"translation": [0, 2.75, 0],
			"scale": [0.48, 0.48, 0.48]
		},
		"ground": {
			"scale": [0.53, 0.53, 0.53]
		},
		"head": {
			"translation": [-0.25, 2, -0.5],
			"scale": [1.5, 1.5, 1.5]
		},
		"fixed": {
			"rotation": [-90, 0, 0],
			"translation": [-0.5, 0, -41],
			"scale": [2, 2, 2]
		}
	}
}