{
	"credit": "Made with Blockbench",
	"texture_size": [64, 64],
	"textures": {
		"0": "sands_of_time/statue_zombie",
		"1": "sands_of_time/statue_base",
		"particle": "sands_of_time/statue_base"
	},
	"elements": [
		{
			"name": "Body",
			"from": [3.92727, 0.29091, 5.96364],
			"to": [12.07273, 12.50909, 10.03636],
			"rotation": {"angle": 0, "axis": "y", "origin": [8, -16, 6.98182]},
			"faces": {
				"north": {"uv": [0, 0, 2, 3], "texture": "#0"},
				"east": {"uv": [2, 5, 3, 8], "texture": "#0"},
				"south": {"uv": [0, 0, 2, 3], "texture": "#0"},
				"west": {"uv": [3, 5, 4, 8], "texture": "#0"},
				"up": {"uv": [11, 4, 9, 3], "texture": "#0"},
				"down": {"uv": [6, 9, 4, 10], "texture": "#0"}
			}
		},
		{
			"name": "head",
			"from": [3.92727, 12.50909, 3.92727],
			"to": [12.07273, 20.65455, 12.07273],
			"rotation": {"angle": 0, "axis": "y", "origin": [-0.14545, 7.27273, -0.14545]},
			"faces": {
				"north": {"uv": [0, 3, 2, 5], "texture": "#0"},
				"east": {"uv": [2, 3, 4, 5], "texture": "#0"},
				"south": {"uv": [4, 4, 6, 6], "texture": "#0"},
				"west": {"uv": [4, 2, 6, 4], "texture": "#0"},
				"up": {"uv": [6, 6, 4, 4], "texture": "#0"},
				"down": {"uv": [2, 5, 0, 7], "texture": "#0"}
			}
		},
		{
			"name": "LeftArm",
			"from": [-0.14545, 8.43636, -2.18182],
			"to": [3.92727, 12.50909, 10.03636],
			"rotation": {"angle": 0, "axis": "y", "origin": [8, 25.6, 6.98182]},
			"faces": {
				"north": {"uv": [10, 6, 9, 7], "rotation": 180, "texture": "#0"},
				"east": {"uv": [0, 7, 1, 10], "rotation": 270, "texture": "#0"},
				"south": {"uv": [7, 10, 6, 9], "texture": "#0"},
				"west": {"uv": [1, 7, 2, 10], "rotation": 90, "texture": "#0"},
				"up": {"uv": [6, 6, 7, 9], "rotation": 180, "texture": "#0"},
				"down": {"uv": [6, 6, 7, 9], "texture": "#0"}
			}
		},
		{
			"name": "LeftArm",
			"from": [12.07273, 8.43636, -2.18182],
			"to": [16.14545, 12.50909, 10.03636],
			"rotation": {"angle": 0, "axis": "y", "origin": [8, 25.6, 6.98182]},
			"faces": {
				"north": {"uv": [9, 6, 10, 7], "rotation": 180, "texture": "#0"},
				"east": {"uv": [1, 10, 2, 7], "rotation": 90, "texture": "#0"},
				"south": {"uv": [6, 10, 7, 9], "texture": "#0"},
				"west": {"uv": [0, 10, 1, 7], "rotation": 270, "texture": "#0"},
				"up": {"uv": [7, 6, 6, 9], "rotation": 180, "texture": "#0"},
				"down": {"uv": [7, 6, 6, 9], "texture": "#0"}
			}
		},
		{
			"name": "LeftLeg",
			"from": [4.02909, -11.92727, 5.96364],
			"to": [8.10182, 0.29091, 10.03636],
			"rotation": {"angle": 0, "axis": "y", "origin": [-0.14545, 7.27273, -0.14545]},
			"faces": {
				"north": {"uv": [3, 8, 4, 11], "texture": "#0"},
				"east": {"uv": [9, 0, 10, 3], "texture": "#0"},
				"south": {"uv": [4, 8, 3, 11], "texture": "#0"},
				"west": {"uv": [9, 0, 10, 3], "texture": "#0"},
				"up": {"uv": [9, 10, 8, 9], "texture": "#0"},
				"down": {"uv": [10, 8, 9, 9], "texture": "#0"}
			}
		},
		{
			"name": "LeftLeg",
			"from": [7.89818, -11.92727, 5.96364],
			"to": [11.97091, 0.29091, 10.03636],
			"rotation": {"angle": 0, "axis": "y", "origin": [16.14545, 7.27273, -0.14545]},
			"faces": {
				"north": {"uv": [5, 6, 4, 9], "texture": "#0"},
				"east": {"uv": [10, 0, 9, 3], "texture": "#0"},
				"south": {"uv": [4, 6, 5, 9], "texture": "#0"},
				"west": {"uv": [10, 0, 9, 3], "texture": "#0"},
				"up": {"uv": [8, 10, 9, 9], "texture": "#0"},
				"down": {"uv": [9, 8, 10, 9], "texture": "#0"}
			}
		},
		{
			"from": [1, -16, 1],
			"to": [15, -12, 15],
			"rotation": {"angle": 0, "axis": "y", "origin": [6.83636, -13.67273, 6.83636]},
			"faces": {
				"north": {"uv": [7, 0, 14, 2], "texture": "#1"},
				"east": {"uv": [7, 2, 14, 4], "texture": "#1"},
				"south": {"uv": [7, 4, 14, 6], "texture": "#1"},
				"west": {"uv": [7, 6, 14, 8], "texture": "#1"},
				"up": {"uv": [7, 7, 0, 0], "texture": "#1"},
				"down": {"uv": [7, 0, 0, 7], "texture": "#1"}
			}
		}
	],
	"display": {
		"thirdperson_righthand": {
			"rotation": [0, 92, 0],
			"translation": [0, -0.75, -0.25],
			"scale": [0.45, 0.45, 0.45]
		},
		"gui": {
			"rotation": [-148.75, 24.75, -180],
			"translation": [0, -1.75, 0],
			"scale": [0.54, 0.54, 0.54]
		},
		"head": {
			"translation": [0, -23, 0],
			"scale": [2.5, 2.5, 2.5]
		},
		"fixed": {
			"rotation": [-90, 0, 0],
			"translation": [0, 0, -23.75],
			"scale": [3.25, 3.25, 3.25]
		}
	},
	"groups": [
		{
			"name": "Body",
			"origin": [0, 24, 0],
			"color": 0,
			"children": [0]
		},
		{
			"name": "head",
			"origin": [0, 24, 0],
			"rotation": [-3, 10, 0],
			"color": 0,
			"children": [1]
		},
		{
			"name": "RightArm",
			"origin": [5, 22, 0],
			"rotation": [80, 5, 0],
			"color": 0,
			"children": []
		},
		{
			"name": "LeftArm",
			"origin": [-5, 22, 0],
			"rotation": [75, -5, 0],
			"color": 0,
			"children": [2, 3]
		},
		{
			"name": "RightLeg",
			"origin": [1.9, 12, 0],
			"rotation": [25, 0, 5],
			"color": 0,
			"children": []
		},
		{
			"name": "LeftLeg",
			"origin": [-1.9, 12, 0],
			"rotation": [-20, 0, 0],
			"color": 0,
			"children": [4, 5]
		},
		6
	]
}