{
	"credit": "Made with Blockbench",
	"textures": {
		"0": "minecraft:parkour_warrior/medal_bronze"
	},
	"elements": [
		{
			"from": [4, 0, 6.5],
			"to": [12, 8, 9.5],
			"rotation": {"angle": 0, "axis": "y", "origin": [0, 0, -3]},
			"faces": {
				"north": {"uv": [3, 3, 11, 11], "texture": "#0"},
				"east": {"uv": [0, 3, 3, 11], "texture": "#0"},
				"south": {"uv": [3, 3, 11, 11], "texture": "#0"},
				"west": {"uv": [0, 3, 3, 11], "texture": "#0"},
				"up": {"uv": [3, 0, 11, 3], "texture": "#0"},
				"down": {"uv": [3, 11, 11, 14], "texture": "#0"}
			}
		},
		{
			"from": [4, 0, 7],
			"to": [12, 8, 9],
			"rotation": {"angle": 45, "axis": "z", "origin": [8, 4, 8]},
			"faces": {
				"north": {"uv": [3, 3, 11, 11], "texture": "#0"},
				"east": {"uv": [0, 3, 3, 11], "texture": "#0"},
				"south": {"uv": [3, 3, 11, 11], "texture": "#0"},
				"west": {"uv": [0, 3, 3, 11], "texture": "#0"},
				"up": {"uv": [3, 0, 11, 3], "texture": "#0"},
				"down": {"uv": [3, 11, 11, 14], "texture": "#0"}
			}
		},
		{
			"from": [3, -7, 8],
			"to": [6, 1, 8],
			"rotation": {"angle": -22.5, "axis": "z", "origin": [5.5, -4, 8]},
			"faces": {
				"north": {"uv": [11, 4, 14, 12], "texture": "#0"},
				"east": {"uv": [11, 4, 14, 12], "texture": "#0"},
				"south": {"uv": [11, 4, 14, 12], "texture": "#0"},
				"west": {"uv": [11, 4, 14, 12], "texture": "#0"},
				"up": {"uv": [11, 4, 14, 12], "texture": "#0"},
				"down": {"uv": [11, 4, 14, 12], "texture": "#0"}
			}
		},
		{
			"from": [6.5, -7, 8.5],
			"to": [9.5, 1, 8.5],
			"rotation": {"angle": 0, "axis": "z", "origin": [9, -4, 8]},
			"faces": {
				"north": {"uv": [11, 4, 14, 12], "texture": "#0"},
				"east": {"uv": [11, 4, 14, 12], "texture": "#0"},
				"south": {"uv": [11, 4, 14, 12], "texture": "#0"},
				"west": {"uv": [11, 4, 14, 12], "texture": "#0"},
				"up": {"uv": [11, 4, 14, 12], "texture": "#0"},
				"down": {"uv": [11, 4, 14, 12], "texture": "#0"}
			}
		},
		{
			"from": [10, -7, 8],
			"to": [13, 1, 8],
			"rotation": {"angle": 22.5, "axis": "z", "origin": [10.5, -4, 8]},
			"faces": {
				"north": {"uv": [11, 4, 14, 12], "texture": "#0"},
				"east": {"uv": [11, 4, 14, 12], "texture": "#0"},
				"south": {"uv": [11, 4, 14, 12], "texture": "#0"},
				"west": {"uv": [11, 4, 14, 12], "texture": "#0"},
				"up": {"uv": [11, 4, 14, 12], "texture": "#0"},
				"down": {"uv": [11, 4, 14, 12], "texture": "#0"}
			}
		},
		{
			"from": [6, 2, 6],
			"to": [10, 6, 10],
			"rotation": {"angle": -45, "axis": "z", "origin": [8, 4, 8]},
			"faces": {
				"north": {"uv": [11, 0, 15, 4], "texture": "#0"},
				"east": {"uv": [15, 3, 11, 4], "rotation": 90, "texture": "#0"},
				"south": {"uv": [11, 0, 15, 4], "rotation": 270, "texture": "#0"},
				"west": {"uv": [15, 0, 11, 1], "rotation": 90, "texture": "#0"},
				"up": {"uv": [15, 1, 11, 0], "texture": "#0"},
				"down": {"uv": [15, 3, 11, 4], "texture": "#0"}
			}
		}
	],
	"gui_light": "front",
	"display": {
		"thirdperson_righthand": {
			"scale": [0, 0, 0]
		},
		"thirdperson_lefthand": {
			"scale": [0, 0, 0]
		},
		"firstperson_righthand": {
			"rotation": [-63, -60, -57],
			"translation": [1.75, 5.75, 1],
			"scale": [0.5, 0.5, 0.5]
		},
		"firstperson_lefthand": {
			"rotation": [-63, -60, -57],
			"translation": [1.75, 5.75, 1],
			"scale": [0.5, 0.5, 0.5]
		},
		"ground": {
			"scale": [0, 0, 0]
		},
		"gui": {
			"rotation": [-20, 20, 25],
			"translation": [-3.5, 6.25, 0]
		}
	},
	"credits": "@LunaAF"
}