{
	"credit": "Made with Blockbench",
	"texture_size": [64, 64],
	"textures": {
		"0": "sands_of_time/statue_creeper",
		"1": "sands_of_time/statue_base",
		"particle": "sands_of_time/statue_base"
	},
	"elements": [
		{
			"from": [4, 6, 4],
			"to": [12, 14, 12],
			"rotation": {"angle": 0, "axis": "y", "origin": [1, -15, 1]},
			"faces": {
				"north": {"uv": [4, 0, 6, 2], "texture": "#0"},
				"east": {"uv": [4, 2, 6, 4], "texture": "#0"},
				"south": {"uv": [4, 4, 6, 6], "texture": "#0"},
				"west": {"uv": [2, 3, 4, 5], "texture": "#0"},
				"up": {"uv": [4, 4, 6, 6], "texture": "#0"},
				"down": {"uv": [4, 4, 6, 6], "texture": "#0"}
			}
		},
		{
			"from": [4, -6, 6],
			"to": [12, 6, 10],
			"rotation": {"angle": 0, "axis": "y", "origin": [0, -16, 0]},
			"faces": {
				"north": {"uv": [2, 0, 4, 3], "texture": "#0"},
				"east": {"uv": [3, 5, 4, 8], "texture": "#0"},
				"south": {"uv": [0, 0, 2, 3], "texture": "#0"},
				"west": {"uv": [2, 5, 3, 8], "texture": "#0"},
				"up": {"uv": [0, 0, 2, 1], "texture": "#0"},
				"down": {"uv": [0, 0, 2, 1], "texture": "#0"}
			}
		},
		{
			"from": [8, -12, 2],
			"to": [12, -6, 6],
			"rotation": {"angle": 0, "axis": "y", "origin": [0, -16, 0]},
			"faces": {
				"north": {"uv": [0, 7, 1, 8.5], "texture": "#0"},
				"east": {"uv": [1, 7, 2, 8.5], "texture": "#0"},
				"south": {"uv": [0, 7, 1, 8.5], "texture": "#0"},
				"west": {"uv": [0, 0, 1, 1.5], "texture": "#missing"},
				"up": {"uv": [8, 3, 9, 4], "texture": "#0"},
				"down": {"uv": [0, 0, 1, 1], "texture": "#missing"}
			}
		},
		{
			"from": [4, -12, 2],
			"to": [8, -6, 6],
			"rotation": {"angle": 0, "axis": "y", "origin": [0, -16, 0]},
			"faces": {
				"north": {"uv": [1, 7, 0, 8.5], "texture": "#0"},
				"east": {"uv": [1, 7, 2, 8.5], "texture": "#0"},
				"south": {"uv": [0, 7, 1, 8.5], "texture": "#0"},
				"west": {"uv": [2, 7, 1, 8.5], "texture": "#0"},
				"up": {"uv": [9, 3, 8, 4], "texture": "#0"},
				"down": {"uv": [0, 0, 1, 1], "texture": "#missing"}
			}
		},
		{
			"from": [8, -12, 10],
			"to": [12, -6, 14],
			"rotation": {"angle": 0, "axis": "y", "origin": [0, -16, 0]},
			"faces": {
				"north": {"uv": [0, 7, 1, 8.5], "texture": "#0"},
				"east": {"uv": [1, 7, 2, 8.5], "texture": "#0"},
				"south": {"uv": [0, 7, 1, 8.5], "texture": "#0"},
				"west": {"uv": [0, 0, 1, 1.5], "texture": "#missing"},
				"up": {"uv": [8, 3, 9, 4], "texture": "#0"},
				"down": {"uv": [0, 0, 1, 1], "texture": "#missing"}
			}
		},
		{
			"from": [4, -12, 10],
			"to": [8, -6, 14],
			"rotation": {"angle": 0, "axis": "y", "origin": [0, -16, 0]},
			"faces": {
				"north": {"uv": [1, 7, 0, 8.5], "texture": "#0"},
				"east": {"uv": [1, 7, 2, 8.5], "texture": "#0"},
				"south": {"uv": [0, 7, 1, 8.5], "texture": "#0"},
				"west": {"uv": [2, 7, 1, 8.5], "texture": "#0"},
				"up": {"uv": [9, 3, 8, 4], "texture": "#0"},
				"down": {"uv": [0, 0, 1, 1], "texture": "#missing"}
			}
		},
		{
			"from": [1, -16, 1],
			"to": [15, -12, 15],
			"rotation": {"angle": 0, "axis": "y", "origin": [7, -14, 7]},
			"faces": {
				"north": {"uv": [7, 0, 14, 2], "texture": "#1"},
				"east": {"uv": [7, 2, 14, 4], "texture": "#1"},
				"south": {"uv": [7, 4, 14, 6], "texture": "#1"},
				"west": {"uv": [7, 6, 14, 8], "texture": "#1"},
				"up": {"uv": [7, 7, 0, 0], "texture": "#1"},
				"down": {"uv": [7, 0, 0, 7], "texture": "#1"}
			}
		}
	],
	"display": {
		"thirdperson_righthand": {
			"rotation": [21.37, 56.48, -38.78],
			"translation": [0, -2.75, 0],
			"scale": [0.42, 0.42, 0.42]
		},
		"thirdperson_lefthand": {
			"rotation": [0, 41, 0],
			"translation": [0, -3.75, 0],
			"scale": [0.49, 0.49, 0.49]
		},
		"firstperson_righthand": {
			"rotation": [-9, 119, 0],
			"translation": [2, 1.5, 0],
			"scale": [0.43, 0.43, 0.43]
		},
		"firstperson_lefthand": {
			"rotation": [-9, 119, 0],
			"translation": [2, 1.5, 0],
			"scale": [0.43, 0.43, 0.43]
		},
		"gui": {
			"rotation": [-148.75, 24.75, -180],
			"translation": [0, -2.75, 0],
			"scale": [0.54, 0.54, 0.54]
		},
		"head": {
			"translation": [0, -29.25, 0],
			"scale": [1.75, 1.75, 1.75]
		},
		"fixed": {
			"rotation": [-90, 0, 0],
			"translation": [0, 0, -14.75],
			"scale": [2.11, 2.11, 2.11]
		}
	},
	"groups": [
		{
			"name": "creeper",
			"origin": [0, 0, 0],
			"color": 0,
			"children": [0, 1, 2, 3, 4, 5]
		},
		6
	]
}