{
  "sources": [
    {
      "type": "directory",
      "source": "block",
      "prefix": "block/"
    },
    {
      "type": "directory",
      "source": "entity",
      "prefix": "entity/"
    },
    {
      "type": "directory",
      "source": "font",
      "prefix": "font/"
    },
    {
      "type": "directory",
      "source": "gui",
      "prefix": "gui/"
    },
    {
      "type": "directory",
      "source": "item",
      "prefix": "item/"
    },
    {
      "type": "directory",
      "source": "models",
      "prefix": "models/"
    },
    {
      "type": "directory",
      "source": "particle",
      "prefix": "particle/"
    }
  ]
}