{
  "sources": [
	{
      "type": "directory",
      "source": "ace_race",
      "prefix": "ace_race/"
    },
    {
      "type": "directory",
      "source": "block",
      "prefix": "block/"
    },
    {
      "type": "directory",
      "source": "entity",
      "prefix": "entity/"
    },
    {
      "type": "directory",
      "source": "font",
      "prefix": "font/"
    },
    {
      "type": "directory",
      "source": "gui",
      "prefix": "gui/"
    },
    {
      "type": "directory",
      "source": "item",
      "prefix": "item/"
    },
    {
      "type": "directory",
      "source": "models",
      "prefix": "models/"
    },
    {
      "type": "directory",
      "source": "particle",
      "prefix": "particle/"
    },
    {
      "type": "directory",
      "source": "rocket_spleef",
      "prefix": "rocket_spleef/"
    },
    {
      "type": "directory",
      "source": "training",
      "prefix": "training/"
    }
  ]
}