{
	"credit": "Made with Blockbench",
	"textures": {
		"0": "training/pkw_editing",
		"particle": "training/pkw_editing"
	},
	"elements": [
		{
			"from": [-16, -16, 0],
			"to": [32, 32, 16],
			"faces": {
				"north": {"uv": [0, 0, 12, 12], "texture": "#0"},
				"east": {"uv": [0, 12, 12, 16], "rotation": 90, "texture": "#0"},
				"south": {"uv": [0, 0, 12, 12], "texture": "#0"},
				"west": {"uv": [0, 12, 12, 16], "rotation": 90, "texture": "#0"},
				"up": {"uv": [0, 12, 12, 16], "texture": "#0"},
				"down": {"uv": [0, 12, 12, 16], "texture": "#0"}
			}
		}
	]
}