{
	"credit": "Made with Blockbench",
	"textures": {
		"0": "block/qkt_sign",
		"2": "block/wool/black3",
		"particle": "block/qkt_sign"
	},
	"elements": [
		{
			"from": [0, -16, -16],
			"to": [16, 32, 32],
			"faces": {
				"north": {"uv": [0, 0, 16, 16], "texture": "#missing"},
				"east": {"uv": [0, 0, 16, 16], "texture": "#0"},
				"south": {"uv": [0, 0, 16, 16], "texture": "#missing"},
				"west": {"uv": [0, 0, 16, 16], "texture": "#0"},
				"up": {"uv": [0, 0, 5.33333, 16], "texture": "#2"},
				"down": {"uv": [0, 0, 5.33333, 16], "texture": "#2"}
			}
		}
	]
}