{"display":{"thirdperson_righthand":{"rotation":[0,135,0],"translation":[0,1.5,-1.5],"scale":[0.5,0.5,0.5]},"thirdperson_lefthand":{"rotation":[0,135,0],"translation":[0,1.5,-1.5],"scale":[0.5,0.5,0.5]},"firstperson_righthand":{"rotation":[-23,150,19],"translation":[2,4.75,0],"scale":[0.65,0.65,0.65]},"firstperson_lefthand":{"rotation":[-23,150,19],"translation":[2,4.75,0],"scale":[0.65,0.65,0.65]},"ground":{"translation":[0,5,0]},"gui":{"rotation":[43,-180,28],"translation":[2,2,0]}},"texture_size":[32,32],"textures":{"0":"item/drinks","particle":"item/drinks"},"elements":[{"from":[5,0,5],"to":[11,9,11],"faces":{"north":{"uv":[3,3,6,7.5],"texture":"#0"},"east":{"uv":[3,7.5,6,12],"texture":"#0"},"south":{"uv":[3,7.5,6,12],"texture":"#0"},"west":{"uv":[3,7.5,6,12],"texture":"#0"},"up":{"uv":[3,0,6,3],"texture":"#0"},"down":{"uv":[3,11.5,6,12],"texture":"#0"}}}],"gui_light":"front"}