{
  "variants": {
    "powered=false,shape=ascending_east,waterlogged=false": {
      "model": "minecraft:block/activator_rail_raised_ne",
      "y": 90
    },
    "powered=false,shape=ascending_north,waterlogged=false": {
      "model": "minecraft:block/activator_rail_raised_ne"
    },
    "powered=false,shape=ascending_south,waterlogged=false": {
      "model": "minecraft:block/activator_rail_raised_sw"
    },
    "powered=false,shape=ascending_west,waterlogged=false": {
      "model": "minecraft:block/activator_rail_raised_sw",
      "y": 90
    },
    "powered=false,shape=east_west,waterlogged=false": {
      "model": "minecraft:block/activator_rail",
      "y": 90
    },
    "powered=false,shape=north_south,waterlogged=false": {
      "model": "minecraft:block/activator_rail"
    },
    "powered=true,shape=ascending_east,waterlogged=false": {
      "model": "minecraft:block/activator_rail_on_raised_ne",
      "y": 90
    },
    "powered=true,shape=ascending_north,waterlogged=false": {
      "model": "minecraft:block/activator_rail_on_raised_ne"
    },
    "powered=true,shape=ascending_south,waterlogged=false": {
      "model": "minecraft:block/activator_rail_on_raised_sw"
    },
    "powered=true,shape=ascending_west,waterlogged=false": {
      "model": "minecraft:block/activator_rail_on_raised_sw",
      "y": 90
    },
    "powered=true,shape=east_west,waterlogged=false": {
      "model": "minecraft:block/activator_rail_on",
      "y": 90
    },
    "powered=true,shape=north_south,waterlogged=false": {
      "model": "minecraft:block/activator_rail_on"
    },
	"powered=false,shape=ascending_east,waterlogged=true": {
      "model": "minecraft:ace_race/aqua_jet",
      "y": 270
    },
    "powered=false,shape=ascending_north,waterlogged=true": {
      "model": "minecraft:ace_race/aqua_jet",
      "y": 180
    },
    "powered=false,shape=ascending_south,waterlogged=true": {
      "model": "minecraft:ace_race/aqua_jet"
    },
    "powered=false,shape=ascending_west,waterlogged=true": {
      "model": "minecraft:ace_race/aqua_jet",
      "y": 90
    },
    "powered=false,shape=east_west,waterlogged=true": {
      "model": "minecraft:block/activator_rail",
      "y": 90
    },
    "powered=false,shape=north_south,waterlogged=true": {
      "model": "minecraft:block/activator_rail"
    },
    "powered=true,shape=ascending_east,waterlogged=true": {
      "model": "minecraft:block/activator_rail_on_raised_ne",
      "y": 90
    },
    "powered=true,shape=ascending_north,waterlogged=true": {
      "model": "minecraft:block/activator_rail_on_raised_ne"
    },
    "powered=true,shape=ascending_south,waterlogged=true": {
      "model": "minecraft:block/activator_rail_on_raised_sw"
    },
    "powered=true,shape=ascending_west,waterlogged=true": {
      "model": "minecraft:block/activator_rail_on_raised_sw",
      "y": 90
    },
    "powered=true,shape=east_west,waterlogged=true": {
      "model": "minecraft:block/activator_rail_on",
      "y": 90
    },
    "powered=true,shape=north_south,waterlogged=true": {
      "model": "minecraft:block/activator_rail_on"
    }
  }
}