{
  "parent": "minecraft:item/handheld_rod",
  "textures": {
    "layer0": "minecraft:item/carrot_on_a_stick"
  },

 "overrides": [
 {"predicate": {"custom_model_data":2}, "model": "item/golden_shovel"},
 {"predicate": {"custom_model_data":3}, "model": "item/redstone"},
 {"predicate": {"custom_model_data":4}, "model": "item/nether_star"},
 {"predicate": {"custom_model_data":5}, "model": "item/gray_dye"},
 {"predicate": {"custom_model_data":6}, "model": "item/red_carpet"},
 {"predicate": {"custom_model_data":7}, "model": "item/green_carpet"},
 {"predicate": {"custom_model_data":100}, "model": "item/rocket_launcher/red"},
 {"predicate": {"custom_model_data":101}, "model": "item/rocket_launcher/orange"},
 {"predicate": {"custom_model_data":102}, "model": "item/rocket_launcher/yellow"},
 {"predicate": {"custom_model_data":103}, "model": "item/rocket_launcher/lime"},
 {"predicate": {"custom_model_data":104}, "model": "item/rocket_launcher/aqua"},
 {"predicate": {"custom_model_data":105}, "model": "item/rocket_launcher/blue"},
 {"predicate": {"custom_model_data":106}, "model": "item/rocket_launcher/purple"},
 {"predicate": {"custom_model_data":107}, "model": "item/rocket_launcher/pink"},
 {"predicate": {"custom_model_data":108}, "model": "item/rocket_launcher/green"},
 {"predicate": {"custom_model_data":109}, "model": "item/rocket_launcher/black"},
 {"predicate": {"custom_model_data":110}, "model": "item/rocket_launcher/gray"},
 {"predicate": {"custom_model_data":111}, "model": "item/rocket_launcher/white"},
 {"predicate": {"custom_model_data":112}, "model": "item/rocket_launcher/checkered"}
 ]
}