{
    "providers": [
		{"file": "minecraft:font/crown.png", "type": "bitmap", "ascent": 7,"chars": ["\uE009"], "height": 8},
		{"file": "minecraft:font/spectator.png", "type": "bitmap", "ascent": 7,"chars": ["\uE008"], "height": 8},
		{"file": "minecraft:font/mod.png", "type": "bitmap", "ascent": 7,"chars": ["\uE001"], "height": 8},
		{"file": "minecraft:font/contestant.png", "type": "bitmap", "ascent": 7,"chars": ["\uE000"], "height": 8},
		{"file": "minecraft:font/games/decision_dome.png", "type": "bitmap", "ascent": 7,"chars": ["\uE060"], "height": 8},
		{"file": "minecraft:font/games/unknown.png", "type": "bitmap", "ascent": 7,"chars": ["\uE061"], "height": 8},
		{"file": "minecraft:font/games/dodgebolt.png", "type": "bitmap", "ascent": 7,"chars": ["\uE062"], "height": 8},
		{"file": "minecraft:font/games/ace_race.png", "type": "bitmap", "ascent": 7,"chars": ["\uE063"], "height": 8},
		{"file": "minecraft:font/games/rocket_spleef.png", "type": "bitmap", "ascent": 7,"chars": ["\uE066"], "height": 8},
		{"file": "minecraft:font/games/hole_in_the_wall.png", "type": "bitmap", "ascent": 7,"chars": ["\uE069"], "height": 8},
		{"file": "minecraft:font/games/parkour_warrior.png", "type": "bitmap", "ascent": 7,"chars": ["\uE06A"], "height": 8},
		{"file": "minecraft:font/games/battle_box.png", "type": "bitmap", "ascent": 7,"chars": ["\uE06B"], "height": 8},
		{"file": "minecraft:font/games/parkour_tag.png", "type": "bitmap", "ascent": 7,"chars": ["\uE06C"], "height": 8},
		{"file": "minecraft:font/game_logos/dodgebolt.png", "type": "bitmap", "ascent": 25, "chars": ["\uE082"], "height": 50},
		{"file": "minecraft:font/game_logos/ace_race.png", "type": "bitmap", "ascent": 25, "chars": ["\uE083"], "height": 50},
		{"file": "minecraft:font/game_logos/rocket_spleef_rush.png", "type": "bitmap", "ascent": 25, "chars": ["\uE086"], "height": 50},
		{"file": "minecraft:font/game_logos/hole_in_the_wall.png", "type": "bitmap", "ascent": 25, "chars": ["\uE089"], "height": 50},
		{"file": "minecraft:font/game_logos/parkour_warrior.png", "type": "bitmap", "ascent": 25, "chars": ["\uE08A"], "height": 50},
		{"file": "minecraft:font/game_logos/battle_box.png", "type": "bitmap", "ascent": 25, "chars": ["\uE08B"], "height": 50},
		{"file": "minecraft:font/game_logos/parkour_tag.png", "type": "bitmap", "ascent": 25, "chars": ["\uE08C"], "height": 50},
		{"file": "minecraft:font/action_left_click.png", "type": "bitmap", "ascent": 7, "chars": ["\uE0A0"], "height": 7},
		{"file": "minecraft:font/action_right_click.png", "type": "bitmap", "ascent": 7, "chars": ["\uE0A1"], "height": 7},
		{"file": "minecraft:font/action_shift_click.png", "type": "bitmap", "ascent": 7, "chars": ["\uE0A2"], "height": 7},
		{"file": "minecraft:font/player.png", "type": "bitmap", "ascent": 7, "chars": ["\uE0A3"], "height": 8},
		{"file": "minecraft:font/team_flag.png", "type": "bitmap", "ascent": 7, "chars": ["\uE0A4"], "height": 8},
		{"file": "minecraft:font/skull.png", "type": "bitmap", "ascent": 7, "chars": ["\uE0A5"], "height": 8},
		{"file": "minecraft:font/tick.png", "type": "bitmap", "ascent": 7, "chars": ["\uE0A6"], "height": 8},
		{"file": "minecraft:font/cross.png", "type": "bitmap", "ascent": 7, "chars": ["\uE0A7"], "height": 8},
		{"file": "minecraft:font/clock.png", "type": "bitmap", "ascent": 7, "chars": ["\uE0A8"], "height": 8},
		{"file": "minecraft:font/warning.png", "type": "bitmap", "ascent": 7, "chars": ["\uE0A9\uE0AA","\uE0AB\uE0AC"], "height": 8},
		{"file": "minecraft:font/none.png", "type": "bitmap", "ascent": 7, "chars": ["\uE0AD"], "height": 8},
		{"file": "minecraft:font/speed.png", "type": "bitmap", "ascent": 7, "chars": ["\uE0AE"], "height": 8},
		{"file": "minecraft:font/star.png", "type": "bitmap", "ascent": 7, "chars": ["\uE0AF"], "height": 8},
		{"file": "minecraft:font/flag.png", "type": "bitmap", "ascent": 7, "chars": ["\uE0B0"], "height": 8},
		{"file": "minecraft:font/challenge.png", "type": "bitmap", "ascent": 7, "chars": ["\uE0B1"], "height": 8},
		{"file": "minecraft:font/trophy.png", "type": "bitmap", "ascent": 7, "chars": ["\uE0B2"], "height": 8},
		{"file": "minecraft:font/games/dojo.png", "type": "bitmap", "ascent": 7,"chars": ["\uE0B3"], "height": 8},
		{"file": "minecraft:training/navigator.png", "type": "bitmap", "ascent": 7,"chars": ["\uE0B4"], "height": 8}
    ]
}
