{
    "providers": [
		{"chars": ["\uEF00"], "file": "minecraft:item/angler_pottery_sherd.png", "type": "bitmap", "ascent": 7, "height": 8},
		{"chars": ["\uEF01"], "file": "minecraft:block/black_terracotta.png", "type": "bitmap", "ascent": 7, "height": 8},
		{"chars": ["\uEF02"], "file": "minecraft:item/archer_pottery_sherd.png", "type": "bitmap", "ascent": 7, "height": 8},
		{"chars": ["\uEF03"], "file": "minecraft:block/emerald_block.png", "type": "bitmap", "ascent": 7, "height": 8},
		{"chars": ["\uEF04"], "file": "minecraft:item/arms_up_pottery_sherd.png", "type": "bitmap", "ascent": 7, "height": 8},
		{"chars": ["\uEF05"], "file": "minecraft:block/diamond_block.png", "type": "bitmap", "ascent": 7, "height": 8},
		{"chars": ["\uEF06"], "file": "minecraft:item/blade_pottery_sherd.png", "type": "bitmap", "ascent": 7, "height": 8},
		{"chars": ["\uEF07"], "file": "minecraft:block/iron_block.png", "type": "bitmap", "ascent": 7, "height": 8},
		{"chars": ["\uEF08"], "file": "minecraft:item/brewer_pottery_sherd.png", "type": "bitmap", "ascent": 7, "height": 8},
		{"chars": ["\uEF09"], "file": "minecraft:block/gold_block.png", "type": "bitmap", "ascent": 7, "height": 8},
		{"chars": ["\uEF0A"], "file": "minecraft:font/coin.png", "type": "bitmap", "ascent": 7, "height": 8}
    ]
}
