{
    "providers": [
		{"file": "minecraft:font/bossbar_clock.png", "type": "bitmap", "ascent": -12, "chars": ["\uF000"], "height": 13},
		{"file": "minecraft:font/bossbar_clock_wide.png", "type": "bitmap", "ascent": -12, "chars": ["\uF001"], "height": 15},
		{"file": "minecraft:font/timer/10.png", "type": "bitmap", "ascent": -26, "chars": ["\uF002"], "height": 1},
		{"file": "minecraft:font/timer/1.png", "type": "bitmap", "ascent": -26, "chars": ["\uF003"], "height": 1},
		{"file": "minecraft:font/timer/2.png", "type": "bitmap", "ascent": -26, "chars": ["\uF004"], "height": 1},
		{"file": "minecraft:font/timer/3.png", "type": "bitmap", "ascent": -26, "chars": ["\uF005"], "height": 1},
		{"file": "minecraft:font/timer/4.png", "type": "bitmap", "ascent": -26, "chars": ["\uF006"], "height": 1},
		{"file": "minecraft:font/timer/5.png", "type": "bitmap", "ascent": -26, "chars": ["\uF007"], "height": 1},
		{"file": "minecraft:font/timer/6.png", "type": "bitmap", "ascent": -26, "chars": ["\uF008"], "height": 1},
		{"file": "minecraft:font/timer/7.png", "type": "bitmap", "ascent": -26, "chars": ["\uF009"], "height": 1},
		{"file": "minecraft:font/timer/8.png", "type": "bitmap", "ascent": -26, "chars": ["\uF00A"], "height": 1},
		{"file": "minecraft:font/timer/9.png", "type": "bitmap", "ascent": -26, "chars": ["\uF00B"], "height": 1},
		{"file": "minecraft:font/timer/0.png", "type": "bitmap", "ascent": -26, "chars": ["\uF00C"], "height": 1},
		{"file": "minecraft:1.png", "type": "bitmap", "ascent": -32768, "chars": ["\uF00D"], "height": -3},
		{"file": "minecraft:font/timer/e0.png", "type": "bitmap", "ascent": -26, "chars": ["\uF01D"], "height": 1},
		{"file": "minecraft:font/timer/e1.png", "type": "bitmap", "ascent": -26, "chars": ["\uF01E"], "height": 1},
		{"file": "minecraft:font/bossbar_db_players.png", "type": "bitmap", "ascent": -12, "chars": ["\uF022"], "height": 13}
    ]
}
