{"textures":{"0":"minecraft:parkour_warrior/scroll","particle":"minecraft:parkour_warrior/scroll"},"elements":[{"from":[0.0,6.0,6.0],"to":[16.0,9.0,9.0],"rotation":{"angle":0.0,"axis":"y","origin":[-2.0,0.0,0.0]},"faces":{"north":{"uv":[7.0,0.0,14.0,1.5],"texture":"#0"},"east":{"uv":[9.5,6.0,11.0,7.5],"texture":"#0"},"south":{"uv":[7.0,0.0,14.0,1.5],"texture":"#0"},"west":{"uv":[9.5,7.5,11.0,9.0],"texture":"#0"},"up":{"uv":[14.0,4.5,7.0,3.0],"texture":"#0"},"down":{"uv":[14.0,4.5,7.0,6.0],"texture":"#0"}}},{"from":[16.0,5.0,5.0],"to":[17.0,10.0,10.0],"rotation":{"angle":0.0,"axis":"y","origin":[-1.0,0.0,0.0]},"faces":{"north":{"uv":[11.0,7.0,11.5,9.5],"texture":"#0"},"east":{"uv":[7.0,6.0,9.5,8.5],"texture":"#0"},"south":{"uv":[8.5,11.0,9.0,13.5],"texture":"#0"},"west":{"uv":[7.0,8.5,9.5,11.0],"texture":"#0"},"up":{"uv":[9.5,13.5,9.0,11.0],"texture":"#0"},"down":{"uv":[10.0,11.0,9.5,13.5],"texture":"#0"}}},{"from":[17.0,6.5,6.5],"to":[20.0,8.5,8.5],"rotation":{"angle":0.0,"axis":"y","origin":[-1.0,0.0,0.0]},"faces":{"north":{"uv":[9.5,9.0,11.0,10.0],"texture":"#0"},"east":{"uv":[11.0,9.5,12.0,10.5],"texture":"#0"},"south":{"uv":[9.5,10.0,11.0,11.0],"texture":"#0"},"west":{"uv":[10.0,11.0,11.0,12.0],"texture":"#0"},"up":{"uv":[12.5,7.0,11.0,6.0],"texture":"#0"},"down":{"uv":[8.5,11.0,7.0,12.0],"texture":"#0"}}},{"from":[-1.0,5.0,5.0],"to":[0.0,10.0,10.0],"rotation":{"angle":0.0,"axis":"y","origin":[17.0,0.0,0.0]},"faces":{"north":{"uv":[11.5,7.0,11.0,9.5],"texture":"#0"},"east":{"uv":[9.5,8.5,7.0,11.0],"texture":"#0"},"south":{"uv":[9.0,11.0,8.5,13.5],"texture":"#0"},"west":{"uv":[9.5,6.0,7.0,8.5],"texture":"#0"},"up":{"uv":[9.0,13.5,9.5,11.0],"texture":"#0"},"down":{"uv":[9.5,11.0,10.0,13.5],"texture":"#0"}}},{"from":[-4.0,6.5,6.5],"to":[-1.0,8.5,8.5],"rotation":{"angle":0.0,"axis":"y","origin":[17.0,0.0,0.0]},"faces":{"north":{"uv":[11.0,9.0,9.5,10.0],"texture":"#0"},"east":{"uv":[11.0,11.0,10.0,12.0],"texture":"#0"},"south":{"uv":[11.0,10.0,9.5,11.0],"texture":"#0"},"west":{"uv":[12.0,9.5,11.0,10.5],"texture":"#0"},"up":{"uv":[11.0,7.0,12.5,6.0],"texture":"#0"},"down":{"uv":[7.0,11.0,8.5,12.0],"texture":"#0"}}},{"from":[0.0,0.0,6.0],"to":[16.0,3.0,9.0],"rotation":{"angle":0.0,"axis":"y","origin":[-2.0,0.0,0.0]},"faces":{"north":{"uv":[7.0,0.0,14.0,1.5],"texture":"#0"},"east":{"uv":[9.5,6.0,11.0,7.5],"texture":"#0"},"south":{"uv":[7.0,0.0,14.0,1.5],"texture":"#0"},"west":{"uv":[9.5,7.5,11.0,9.0],"texture":"#0"},"up":{"uv":[14.0,4.5,7.0,3.0],"texture":"#0"},"down":{"uv":[14.0,4.5,7.0,6.0],"texture":"#0"}}},{"from":[16.0,-1.0,5.0],"to":[17.0,4.0,10.0],"rotation":{"angle":0.0,"axis":"y","origin":[-1.0,0.0,0.0]},"faces":{"north":{"uv":[11.0,7.0,11.5,9.5],"texture":"#0"},"east":{"uv":[7.0,6.0,9.5,8.5],"texture":"#0"},"south":{"uv":[8.5,11.0,9.0,13.5],"texture":"#0"},"west":{"uv":[7.0,8.5,9.5,11.0],"texture":"#0"},"up":{"uv":[9.5,13.5,9.0,11.0],"texture":"#0"},"down":{"uv":[10.0,11.0,9.5,13.5],"texture":"#0"}}},{"from":[17.0,0.5,6.5],"to":[20.0,2.5,8.5],"rotation":{"angle":0.0,"axis":"y","origin":[-1.0,0.0,0.0]},"faces":{"north":{"uv":[9.5,9.0,11.0,10.0],"texture":"#0"},"east":{"uv":[11.0,9.5,12.0,10.5],"texture":"#0"},"south":{"uv":[9.5,10.0,11.0,11.0],"texture":"#0"},"west":{"uv":[10.0,11.0,11.0,12.0],"texture":"#0"},"up":{"uv":[12.5,7.0,11.0,6.0],"texture":"#0"},"down":{"uv":[8.5,11.0,7.0,12.0],"texture":"#0"}}},{"from":[-4.0,0.5,6.5],"to":[-1.0,2.5,8.5],"rotation":{"angle":0.0,"axis":"y","origin":[17.0,0.0,0.0]},"faces":{"north":{"uv":[11.0,9.0,9.5,10.0],"texture":"#0"},"east":{"uv":[11.0,11.0,10.0,12.0],"texture":"#0"},"south":{"uv":[11.0,10.0,9.5,11.0],"texture":"#0"},"west":{"uv":[12.0,9.5,11.0,10.5],"texture":"#0"},"up":{"uv":[11.0,7.0,12.5,6.0],"texture":"#0"},"down":{"uv":[7.0,11.0,8.5,12.0],"texture":"#0"}}},{"from":[-1.0,-1.0,5.0],"to":[0.0,4.0,10.0],"rotation":{"angle":0.0,"axis":"y","origin":[17.0,0.0,0.0]},"faces":{"north":{"uv":[11.5,7.0,11.0,9.5],"texture":"#0"},"east":{"uv":[9.5,8.5,7.0,11.0],"texture":"#0"},"south":{"uv":[9.0,11.0,8.5,13.5],"texture":"#0"},"west":{"uv":[9.5,6.0,7.0,8.5],"texture":"#0"},"up":{"uv":[9.0,13.5,9.5,11.0],"texture":"#0"},"down":{"uv":[9.5,11.0,10.0,13.5],"texture":"#0"}}},{"from":[0.0,3.0,8.0],"to":[16.0,6.0,9.0],"rotation":{"angle":0.0,"axis":"y","origin":[-2.0,0.0,0.0]},"faces":{"north":{"uv":[0.0,0.0,7.0,1.0],"texture":"#0"},"east":{"uv":[0.0,0.0,0.5,0.5],"texture":"#0"},"south":{"uv":[0.0,0.0,7.0,1.5],"texture":"#0"},"west":{"uv":[0.0,0.0,0.5,0.5],"texture":"#0"},"up":{"uv":[7.0,0.0,0.0,0.0],"texture":"#0"},"down":{"uv":[7.0,0.0,0.0,0.0],"texture":"#0"}}}],"display":{"thirdperson_righthand":{"translation":[0.0,0.75,2.5],"rotation":[146.49,81.07,-51.79],"scale":[0.56172,0.56172,0.56172]},"thirdperson_lefthand":{"translation":[0.0,0.75,2.5],"rotation":[146.49,81.07,-51.79],"scale":[0.56172,0.56172,0.56172]},"firstperson_righthand":{"translation":[1.13,3.95,1.88],"rotation":[-177.71,55.12,-126.79],"scale":[0.23664,0.23664,0.23664]},"firstperson_lefthand":{"translation":[1.13,3.95,1.88],"rotation":[-177.71,55.12,-126.79],"scale":[0.23664,0.23664,0.23664]},"ground":{"translation":[-0.25,13.75,0.0],"scale":[0.67577,0.67577,0.67577]},"gui":{"translation":[-1.0,2.0,0.0],"rotation":[-148.46,-40.09,160.53],"scale":[0.72656,0.72656,0.72656]},"head":{"translation":[0.0,-24.0,0.0],"scale":[1.6,1.6,1.6]},"fixed":{"translation":[0.0,12.5,-3.25],"rotation":[0.0,180.0,0.0],"scale":[1.66602,1.66602,1.66602]}},"credit":"Made with Blockbench","gui_light":"front"}