{
    "providers": [
		{"file": "minecraft:font/teams/red_rabbits.png", "type": "bitmap", "ascent": 7, "chars": ["\uE000"], "height": 8},
		{"file": "minecraft:font/teams/orange_ocelots.png", "type": "bitmap", "ascent": 7, "chars": ["\uE001"], "height": 8},
		{"file": "minecraft:font/teams/yellow_yaks.png", "type": "bitmap", "ascent": 7, "chars": ["\uE002"], "height": 8},
		{"file": "minecraft:font/teams/lime_llamas.png", "type": "bitmap", "ascent": 7, "chars": ["\uE003"], "height": 8},
		{"file": "minecraft:font/teams/green_geckos.png", "type": "bitmap", "ascent": 7, "chars": ["\uE004"], "height": 8},
		{"file": "minecraft:font/teams/cyan_coyotes.png", "type": "bitmap", "ascent": 7, "chars": ["\uE005"], "height": 8},
		{"file": "minecraft:font/teams/aqua_axolotls.png", "type": "bitmap", "ascent": 7, "chars": ["\uE006"], "height": 8},
		{"file": "minecraft:font/teams/blue_bats.png", "type": "bitmap", "ascent": 7, "chars": ["\uE007"], "height": 8},
		{"file": "minecraft:font/teams/purple_pandas.png", "type": "bitmap", "ascent": 7, "chars": ["\uE008"], "height": 8},
		{"file": "minecraft:font/teams/pink_parrots.png", "type": "bitmap", "ascent": 7, "chars": ["\uE009"], "height": 8},
		{"file": "minecraft:font/teams/red_ravens.png", "type": "bitmap", "ascent": 7, "chars": ["\uE00A"], "height": 8},
		{"file": "minecraft:font/teams/orange_oozes.png", "type": "bitmap", "ascent": 7, "chars": ["\uE00B"], "height": 8},
		{"file": "minecraft:font/teams/mustard_mummies.png", "type": "bitmap", "ascent": 7, "chars": ["\uE00C"], "height": 8},
		{"file": "minecraft:font/teams/lime_liches.png", "type": "bitmap", "ascent": 7, "chars": ["\uE00D"], "height": 8},
		{"file": "minecraft:font/teams/green_goblins.png", "type": "bitmap", "ascent": 7, "chars": ["\uE00E"], "height": 8},
		{"file": "minecraft:font/teams/cyan_centipedes.png", "type": "bitmap", "ascent": 7, "chars": ["\uE00F"], "height": 8},
		{"file": "minecraft:font/teams/aqua_abominations.png", "type": "bitmap", "ascent": 7, "chars": ["\uE010"], "height": 8},
		{"file": "minecraft:font/teams/blue_banshees.png", "type": "bitmap", "ascent": 7, "chars": ["\uE011"], "height": 8},
		{"file": "minecraft:font/teams/violet_vampires.png", "type": "bitmap", "ascent": 7, "chars": ["\uE012"], "height": 8},
		{"file": "minecraft:font/teams/fuchsia_frankens.png", "type": "bitmap", "ascent": 7, "chars": ["\uE013"], "height": 8},
		{"file": "minecraft:font/teams/red_reindeer.png", "type": "bitmap", "ascent": 7, "chars": ["\uE014"], "height": 8},
		{"file": "minecraft:font/teams/ginger_breadmen.png", "type": "bitmap", "ascent": 7, "chars": ["\uE015"], "height": 8},
		{"file": "minecraft:font/teams/yellow_yetis.png", "type": "bitmap", "ascent": 7, "chars": ["\uE016"], "height": 8},
		{"file": "minecraft:font/teams/mint_mistletoes.png", "type": "bitmap", "ascent": 7, "chars": ["\uE017"], "height": 8},
		{"file": "minecraft:font/teams/emerald_elves.png", "type": "bitmap", "ascent": 7, "chars": ["\uE018"], "height": 8},
		{"file": "minecraft:font/teams/teal_turkeys.png", "type": "bitmap", "ascent": 7, "chars": ["\uE019"], "height": 8},
		{"file": "minecraft:font/teams/cerulean_canes.png", "type": "bitmap", "ascent": 7, "chars": ["\uE01A"], "height": 8},
		{"file": "minecraft:font/teams/sapphire_santas.png", "type": "bitmap", "ascent": 7, "chars": ["\uE01B"], "height": 8},
		{"file": "minecraft:font/teams/purple_penguins.png", "type": "bitmap", "ascent": 7, "chars": ["\uE01C"], "height": 8},
		{"file": "minecraft:font/teams/pink_presents.png", "type": "bitmap", "ascent": 7, "chars": ["\uE01D"], "height": 8},
		{"file": "minecraft:font/spectator.png", "type": "bitmap", "ascent": 7, "chars": ["\uE01E"], "height": 8},
		{"file": "minecraft:font/crown.png", "type": "bitmap", "ascent": 7, "chars": ["\uE01F"], "height": 8},
		{"file": "minecraft:font/games/decision_dome.png", "type": "bitmap", "ascent": 7,"chars": ["\uE060"], "height": 8},
		{"file": "minecraft:font/games/unknown.png", "type": "bitmap", "ascent": 7,"chars": ["\uE061"], "height": 8},
		{"file": "minecraft:font/games/dodgebolt.png", "type": "bitmap", "ascent": 7,"chars": ["\uE062"], "height": 8},
		{"file": "minecraft:font/games/ace_race.png", "type": "bitmap", "ascent": 7,"chars": ["\uE063"], "height": 8},
		{"file": "minecraft:font/games/sky_battle.png", "type": "bitmap", "ascent": 7,"chars": ["\uE064"], "height": 8},
		{"file": "minecraft:font/games/tgttos.png", "type": "bitmap", "ascent": 7,"chars": ["\uE065"], "height": 8},
		{"file": "minecraft:font/games/rocket_spleef.png", "type": "bitmap", "ascent": 7,"chars": ["\uE066"], "height": 8},
		{"file": "minecraft:font/games/survival_games.png", "type": "bitmap", "ascent": 7,"chars": ["\uE067"], "height": 8},
		{"file": "minecraft:font/games/build_mart.png", "type": "bitmap", "ascent": 7,"chars": ["\uE068"], "height": 8},
		{"file": "minecraft:font/games/hole_in_the_wall.png", "type": "bitmap", "ascent": 7,"chars": ["\uE069"], "height": 8},
		{"file": "minecraft:font/games/parkour_warrior.png", "type": "bitmap", "ascent": 7,"chars": ["\uE06A"], "height": 8},
		{"file": "minecraft:font/games/battle_box.png", "type": "bitmap", "ascent": 7,"chars": ["\uE06B"], "height": 8},
		{"file": "minecraft:font/games/parkour_tag.png", "type": "bitmap", "ascent": 7,"chars": ["\uE06C"], "height": 8},
		{"file": "minecraft:font/games/sands_of_time.png", "type": "bitmap", "ascent": 7,"chars": ["\uE06D"], "height": 8},
		{"file": "minecraft:font/games/grid_runners.png", "type": "bitmap", "ascent": 7,"chars": ["\uE06E"], "height": 8},
		{"file": "minecraft:font/games/meltdown.png", "type": "bitmap", "ascent": 7,"chars": ["\uE06F"], "height": 8},
		{"file": "minecraft:font/games/bingo_but_fast.png", "type": "bitmap", "ascent": 7,"chars": ["\uE070"], "height": 8},
		{"file": "minecraft:font/game_logos/bingo_but_fast.png", "type": "bitmap", "ascent": 25, "chars": ["\uE090"], "height": 50},
		{"file": "minecraft:font/team_flag.png", "type": "bitmap", "ascent": 7, "chars": ["\uE0A4"], "height": 8},
		{"file": "minecraft:font/warning.png", "type": "bitmap", "ascent": 7, "chars": ["\uE0A9\uE0AA","\uE0AB\uE0AC"], "height": 8},
		{"file": "minecraft:font/breakdown.png", "type": "bitmap", "ascent": 7, "chars": ["\uE0B6"], "height": 8},
		{
			"file": "minecraft:font/misc_icons.png",
			"type": "bitmap",
			"ascent": 7,
			"chars": ["\u2606\u7B14\u8BB0\u0000","\uE100\uE101\u0000\u0000","\u0000\u0000\u0000\u0000","\u0000\u0000\u0000\u0000"],
			"height": 8
		},
		{
			"file": "minecraft:font/space_split.png",
			"ascent": -32768,
			"type": "bitmap",
			"chars": ["\uFF00"],
			"height": -20
		},
		{"type": "space", "advances": {"\uFF01": 255}},
		{"file": "minecraft:font/bingo_challenges/bone_block.png","type": "bitmap","ascent": 31,"chars": ["\uF00A"],"height": 36},
		{"file": "minecraft:font/bingo_challenges/campfire.png","type": "bitmap","ascent": 31,"chars": ["\uF00F"],"height": 36},
		{"file": "minecraft:font/bingo_challenges/steak.png","type": "bitmap","ascent": 31,"chars": ["\uF02C"],"height": 36},
		{"file": "minecraft:font/bingo_challenges/white_glazed_terracotta.png","type": "bitmap","ascent": 31,"chars": ["\uF03D"],"height": 36},
		{"file": "minecraft:font/bingo_challenges/20_oak_leaves.png","type": "bitmap","ascent": 31,"chars": ["\uF050"],"height": 36},
		{"file": "minecraft:font/bingo_challenges/bedrock.png","type": "bitmap","ascent": 31,"chars": ["\uF052"],"height": 36},
		{"file": "minecraft:font/bingo_challenges/block_above_250.png","type": "bitmap","ascent": 31,"chars": ["\uF053"],"height": 36},
		{"file": "minecraft:font/bingo_challenges/tame_horse.png","type": "bitmap","ascent": 31,"chars": ["\uF056"],"height": 36},
		{"file": "minecraft:font/bingo_challenges/8_oak_trapdoor.png","type": "bitmap","ascent": 31,"chars": ["\uF05F"],"height": 36},
		{"file": "minecraft:font/bingo_challenges/2_rotten_flesh.png","type": "bitmap","ascent": 31,"chars": ["\uF060"],"height": 36},
		{"file": "minecraft:font/bingo_challenges/ride_boat_with_creeper.png","type": "bitmap","ascent": 31,"chars": ["\uF0A8"],"height": 36},
		{"file": "minecraft:font/bingo_challenges/pink_bed.png","type": "bitmap","ascent": 31,"chars": ["\uF0B7"],"height": 36},
		{"file": "minecraft:font/bingo_challenges/yellow_dye.png","type": "bitmap","ascent": 31,"chars": ["\uF0B8"],"height": 36},
		{"file": "minecraft:font/bingo_challenges/slime_block.png","type": "bitmap","ascent": 31,"chars": ["\uF0B9"],"height": 36},
		{"file": "minecraft:font/bingo_challenges/cracked_stone_bricks.png","type": "bitmap","ascent": 31,"chars": ["\uF0BA"],"height": 36},
		{"file": "minecraft:font/bingo_challenges/baked_potato.png","type": "bitmap","ascent": 31,"chars": ["\uF0BB"],"height": 36},
		{"file": "minecraft:font/bingo_challenges/hook_zombie.png","type": "bitmap","ascent": 31,"chars": ["\uF0BC"],"height": 36},
		{"file": "minecraft:font/bingo_challenges/1000_dirt.png","type": "bitmap","ascent": 31,"chars": ["\uF0BD"],"height": 36},
		{"file": "minecraft:font/bingo_challenges/shield.png","type": "bitmap","ascent": 31,"chars": ["\uF0BE"],"height": 36},
		{"file": "minecraft:font/bingo_challenges/blue_wool.png","type": "bitmap","ascent": 31,"chars": ["\uF0BF"],"height": 36},
		{"file": "minecraft:font/bingo_challenges/beetroot_soup.png","type": "bitmap","ascent": 31,"chars": ["\uF0C0"],"height": 36},
		{"file": "minecraft:font/bingo_challenges/red_bundle.png","type": "bitmap","ascent": 31,"chars": ["\uF0C1"],"height": 36},
		{"file": "minecraft:font/bingo_challenges/grindstone.png","type": "bitmap","ascent": 31,"chars": ["\uF0C2"],"height": 36},
		{"file": "minecraft:font/bingo_challenges/kill_villager.png","type": "bitmap","ascent": 31,"chars": ["\uF0C3"],"height": 36},
		{"file": "minecraft:font/bingo_challenges/bell.png","type": "bitmap","ascent": 31,"chars": ["\uF0C4"],"height": 36},
		{
			"file": "minecraft:font/space_split.png",
			"ascent": -32768,
			"type": "bitmap",
			"chars": ["ꈂ"],
			"height": -3
		},
		{
			"file": "minecraft:font/space_split.png",
			"ascent": -32768,
			"type": "bitmap",
			"chars": ["\uE010"],
			"height": -2
		},
		{
			"file": "minecraft:font/space_split.png",
			"ascent": -32768,
			"type": "bitmap",
			"chars": ["\uE011"],
			"height": -1
		},
		{
			"file": "minecraft:font/space_split.png",
			"ascent": -32768,
			"type": "bitmap",
			"chars": ["\uE012"],
			"height": 0
		},
		
		{
			"file": "minecraft:font/space_split.png",
			"ascent": -32768,
			"type": "bitmap",
			"chars": ["\uE013"],
			"height": 1
		},
		
		{
			"file": "minecraft:font/space_split.png",
			"ascent": -32768,
			"type": "bitmap",
			"chars": ["\uE014"],
			"height": 2
		},
		
		{
			"file": "minecraft:font/space_split.png",
			"ascent": -32768,
			"type": "bitmap",
			"chars": ["\uE015"],
			"height": 3
		},
		
		{
			"file": "minecraft:font/space_split.png",
			"ascent": -32768,
			"type": "bitmap",
			"chars": ["\uE016"],
			"height": 4
		},
		
		{
			"file": "minecraft:font/space_split.png",
			"ascent": -32768,
			"type": "bitmap",
			"chars": ["\uE017"],
			"height": 5
		},
		
		{
			"file": "minecraft:font/space_split.png",
			"ascent": -32768,
			"type": "bitmap",
			"chars": ["\uE020\uE021\uE022\uE023","\uE024\uE025\uE026\uE027","\uE028\uE029\uE02A\uE02B","\uE02C\uE02D\uE02E\uE02F"],
			"height": -6
		},
		{
			"file": "minecraft:font/space_split.png",
			"ascent": -32768,
			"type": "bitmap",
			"chars": ["\uE200"],
			"height": -1
		},
		{
			"file": "minecraft:font/space_split.png",
			"ascent": -32768,
			"type": "bitmap",
			"chars": ["\uE201"],
			"height": 1
		},
		{
			"file": "minecraft:font/space_split.png",
			"ascent": -32768,
			"type": "bitmap",
			"chars": ["\uE202"],
			"height": 3
		},
		{
			"file": "minecraft:font/space_split.png",
			"ascent": -32768,
			"type": "bitmap",
			"chars": ["\uE203"],
			"height": 7
		},
		{
			"file": "minecraft:font/space_split.png",
			"ascent": -32768,
			"type": "bitmap",
			"chars": ["\uE204"],
			"height": 15
		},
		{
			"file": "minecraft:font/space_split.png",
			"ascent": -32768,
			"type": "bitmap",
			"chars": ["\uE205"],
			"height": 31
		},
		{
			"file": "minecraft:font/space_split.png",
			"ascent": -32768,
			"type": "bitmap",
			"chars": ["\uE206"],
			"height": 63
		},
		{
			"file": "minecraft:font/space_split.png",
			"ascent": -32768,
			"type": "bitmap",
			"chars": ["\uE207"],
			"height": 5
		},
		{
			"file": "minecraft:font/space_split.png",
			"ascent": -32768,
			"type": "bitmap",
			"chars": ["\uE208"],
			"height": -50
		}
    ]
}
