{
  "elements": [
    {
      "from": [
        8.0,
        0.0,
        0.0
      ],
      "to": [
        8.0,
        16.0,
        8.0
      ],
      "faces": {
        "east": {
          "uv": [
            8.0,
            0.0,
            16.0,
            16.0
          ],
          "texture": "#bars"
        },
        "west": {
          "uv": [
            16.0,
            0.0,
            8.0,
            16.0
          ],
          "texture": "#bars"
        }
      }
    },
    {
      "from": [
        7.0,
        0.0,
        0.0
      ],
      "to": [
        9.0,
        16.0,
        7.0
      ],
      "faces": {
        "north": {
          "uv": [
            7.0,
            0.0,
            9.0,
            16.0
          ],
          "texture": "#bars",
          "cullface": "north"
        }
      }
    },
    {
      "from": [
        7.0,
        0.025,
        0.0
      ],
      "to": [
        9.0,
        0.025,
        7.0
      ],
      "faces": {
        "up": {
          "uv": [
            7.0,
            0.0,
            9.0,
            7.0
          ],
          "texture": "#bars"
        },
        "down": {
          "uv": [
            9.0,
            0.0,
            7.0,
            7.0
          ],
          "texture": "#bars"
        }
      }
    },
    {
      "from": [
        7.0,
        15.965,
        0.0
      ],
      "to": [
        9.0,
        15.965,
        7.0
      ],
      "rotation": {
        "angle": 0.0,
        "axis": "y",
        "origin": [
          8.0,
          9.0,
          8.0
        ]
      },
      "faces": {
        "up": {
          "uv": [
            7.0,
            0.0,
            9.0,
            7.0
          ],
          "texture": "#bars"
        },
        "down": {
          "uv": [
            9.0,
            0.0,
            7.0,
            7.0
          ],
          "texture": "#bars"
        }
      }
    }
  ],
  "ambientocclusion": false,
  "textures": {
    "particle": "minecraft:block/iron_bars",
    "bars": "minecraft:block/iron_bars"
  }
}
