{
  "elements": [
    {
      "from": [
        8.0,
        0.0,
        8.0
      ],
      "to": [
        8.0,
        16.0,
        16.0
      ],
      "faces": {
        "east": {
          "uv": [
            0.0,
            0.0,
            8.0,
            16.0
          ],
          "texture": "#bars"
        },
        "west": {
          "uv": [
            8.0,
            0.0,
            0.0,
            16.0
          ],
          "texture": "#bars"
        }
      }
    },
    {
      "from": [
        7.0,
        0.0,
        9.0
      ],
      "to": [
        9.0,
        16.0,
        16.0
      ],
      "faces": {
        "south": {
          "uv": [
            7.0,
            0.0,
            9.0,
            16.0
          ],
          "texture": "#bars",
          "cullface": "south"
        },
        "up": {
          "uv": [
            7.0,
            9.0,
            9.0,
            16.0
          ],
          "texture": "#bars"
        },
        "down": {
          "uv": [
            9.0,
            9.0,
            7.0,
            16.0
          ],
          "texture": "#bars"
        }
      }
    },
    {
      "from": [
        7.0,
        0.025,
        9.0
      ],
      "to": [
        9.0,
        0.025,
        16.0
      ],
      "faces": {
        "up": {
          "uv": [
            7.0,
            9.0,
            9.0,
            16.0
          ],
          "texture": "#bars"
        },
        "down": {
          "uv": [
            9.0,
            9.0,
            7.0,
            16.0
          ],
          "texture": "#bars"
        }
      }
    },
    {
      "from": [
        7.0,
        15.965,
        9.0
      ],
      "to": [
        9.0,
        15.965,
        16.0
      ],
      "faces": {
        "up": {
          "uv": [
            7.0,
            9.0,
            9.0,
            16.0
          ],
          "texture": "#bars"
        },
        "down": {
          "uv": [
            9.0,
            9.0,
            7.0,
            16.0
          ],
          "texture": "#bars"
        }
      }
    }
  ],
  "ambientocclusion": false,
  "textures": {
    "particle": "minecraft:block/iron_bars",
    "bars": "minecraft:block/iron_bars"
  }
}
