{
  "elements": [
    {
      "from": [
        7.0,
        0.025,
        7.0
      ],
      "to": [
        9.0,
        0.025,
        9.0
      ],
      "faces": {
        "up": {
          "uv": [
            7.0,
            7.0,
            9.0,
            9.0
          ],
          "texture": "#edge"
        },
        "down": {
          "uv": [
            7.0,
            7.0,
            9.0,
            9.0
          ],
          "texture": "#edge"
        }
      }
    },
    {
      "from": [
        7.0,
        15.965,
        7.0
      ],
      "to": [
        9.0,
        15.965,
        9.0
      ],
      "faces": {
        "up": {
          "uv": [
            7.0,
            7.0,
            9.0,
            9.0
          ],
          "texture": "#edge"
        },
        "down": {
          "uv": [
            7.0,
            7.0,
            9.0,
            9.0
          ],
          "texture": "#edge"
        }
      }
    }
  ],
  "ambientocclusion": false,
  "textures": {
    "particle": "minecraft:block/iron_bars",
    "edge": "minecraft:block/iron_bars"
  }
}
