{
  "ambientocclusion": false,
  "elements": [
    {
      "from": [
        0.0,
        0.25,
        0.0
      ],
      "to": [
        16.0,
        0.25,
        16.0
      ],
      "faces": {
        "down": {
          "uv": [
            0.0,
            16.0,
            16.0,
            0.0
          ],
          "texture": "#texture",
          "tintindex": 0.0
        },
        "up": {
          "uv": [
            0.0,
            0.0,
            16.0,
            16.0
          ],
          "texture": "#texture",
          "tintindex": 0.0
        }
      }
    }
  ],
  "textures": {
    "particle": "minecraft:block/lily_pad_2",
    "texture": "minecraft:block/lily_pad_2"
  }
}
