{
  "parent": "minecraft:block/cube",
  "elements": [
    {
      "from": [
        0,
        0,
        0
      ],
      "to": [
        16,
        16,
        16
      ],
      "faces": {
        "down": {
          "uv": [
            0,
            0,
            16,
            16
          ],
          "texture": "#side",
          "rotation": 0,
          "cullface": "down"
        },
        "up": {
          "uv": [
            0,
            0,
            16,
            16
          ],
          "texture": "#top",
          "cullface": "up"
        },
        "north": {
          "uv": [
            0,
            0,
            16,
            16
          ],
          "texture": "#side",
          "cullface": "north"
        },
        "south": {
          "uv": [
            0,
            0,
            16,
            16
          ],
          "texture": "#side",
          "cullface": "south"
        },
        "west": {
          "uv": [
            0,
            0,
            16,
            16
          ],
          "texture": "#side",
          "rotation": 270,
          "cullface": "west"
        },
        "east": {
          "uv": [
            0,
            0,
            16,
            16
          ],
          "texture": "#side",
          "rotation": 90,
          "cullface": "east"
        }
      }
    }
  ],
  "textures": {
    "particle": "minecraft:block/speed_boost_top",
    "side": "minecraft:block/speed_boost_side",
    "top": "minecraft:block/speed_boost_top"
  }
}
