{
	"parent": "item/generated",
	"textures": {
		"layer0": "item/popped_chorus_fruit"
	},
 
	"overrides": [
		{"predicate": {"custom_model_data":1}, "model": "rocket_spleef/new_island_arrow"},
		{"predicate": {"custom_model_data":2}, "model": "rocket_spleef/new_island_bar"},
		{"predicate": {"custom_model_data":3}, "model": "rocket_spleef/updraft"},
		{"predicate": {"custom_model_data":4}, "model": "parkour_warrior/medal_outline"},
		{"predicate": {"custom_model_data":5}, "model": "parkour_warrior/medal_stone"},
		{"predicate": {"custom_model_data":6}, "model": "parkour_warrior/medal_bronze"},
		{"predicate": {"custom_model_data":7}, "model": "parkour_warrior/medal_silver"},
		{"predicate": {"custom_model_data":8}, "model": "parkour_warrior/medal_gold"},
		{"predicate": {"custom_model_data":9}, "model": "parkour_warrior/frog_outline"},
		{"predicate": {"custom_model_data":10}, "model": "parkour_warrior/frog_bronze"},
		{"predicate": {"custom_model_data":11}, "model": "parkour_warrior/frog_silver"},
		{"predicate": {"custom_model_data":12}, "model": "parkour_warrior/frog_gold"}
	]
}