{
  "credit": "Made_by_CookiesNom_with_Blockbench",
  "display": {
    "thirdperson_righthand": {
      "rotation": [
        0,
        90,
        0
      ],
      "translation": [
        0,
        15.5,
        4
      ],
      "scale": [
        2,
        2,
        2
      ]
    },
    "thirdperson_lefthand": {
      "rotation": [
        0,
        -90,
        0
      ],
      "translation": [
        0,
        15.5,
        4
      ],
      "scale": [
        2,
        2,
        2
      ]
    },
    "firstperson_righthand": {
      "rotation": [
        0,
        0,
        0
      ],
      "translation": [
        9,
        20,
        -2
      ],
      "scale": [
        3,
        3,
        3
      ]
    },
    "firstperson_lefthand": {
      "rotation": [
        0,
        0,
        0
      ],
      "translation": [
        9,
        20,
        -2
      ],
      "scale": [
        3,
        3,
        3
      ]
    },
    "gui": {
      "rotation": [
        30,
        45,
        0
      ],
      "translation": [
        0,
        17,
        0
      ],
      "scale": [
        3,
        3,
        3
      ]
    },
    "ground": {
      "rotation": [
        0,
        0,
        0
      ],
      "translation": [
        0,
        11,
        0
      ],
      "scale": [
        2,
        2,
        2
      ]
    }
  },
  "elements": [
    {
      "from": [
        7.5997,
        0.4587,
        5.125
      ],
      "to": [
        8.4747,
        1.3337,
        10.875
      ],
      "rotation": {
        "angle": 45,
        "axis": "z",
        "origin": [
          8,
          0.859,
          8
        ]
      },
      "faces": {
        "north": {
          "uv": [
            2.87656,
            2.87656,
            3.24844,
            3.24844
          ],
          "texture": "#0"
        },
        "east": {
          "uv": [
            0.00156,
            2.87656,
            2.87344,
            3.24844
          ],
          "texture": "#0"
        },
        "south": {
          "uv": [
            6.12656,
            2.87656,
            6.49844,
            3.24844
          ],
          "texture": "#0"
        },
        "west": {
          "uv": [
            3.25156,
            2.87656,
            6.12344,
            3.24844
          ],
          "texture": "#0"
        },
        "up": {
          "uv": [
            3.24844,
            2.87344,
            2.87656,
            0.00156
          ],
          "texture": "#0"
        },
        "down": {
          "uv": [
            3.62344,
            0.00156,
            3.25156,
            2.87344
          ],
          "texture": "#0"
        }
      }
    },
    {
      "from": [
        7.5,
        0,
        5.75
      ],
      "to": [
        8.5,
        0.5,
        10.25
      ],
      "rotation": {
        "angle": 0,
        "axis": "y",
        "origin": [
          8,
          0.859,
          8
        ]
      },
      "faces": {
        "north": {
          "uv": [
            2.25156,
            5.50156,
            2.74844,
            5.74844
          ],
          "texture": "#0"
        },
        "east": {
          "uv": [
            0.00156,
            5.50156,
            2.24844,
            5.74844
          ],
          "texture": "#0"
        },
        "south": {
          "uv": [
            5.00156,
            5.50156,
            5.49844,
            5.74844
          ],
          "texture": "#0"
        },
        "west": {
          "uv": [
            2.75156,
            5.50156,
            4.99844,
            5.74844
          ],
          "texture": "#0"
        },
        "up": {
          "uv": [
            2.74844,
            5.49844,
            2.25156,
            3.25156
          ],
          "texture": "#0"
        },
        "down": {
          "uv": [
            3.24844,
            3.25156,
            2.75156,
            5.49844
          ],
          "texture": "#0"
        }
      }
    },
    {
      "from": [
        7.74615,
        -0.10196,
        5.75
      ],
      "to": [
        8.45325,
        0.39804,
        10.25
      ],
      "rotation": {
        "angle": 45,
        "axis": "z",
        "origin": [
          8,
          0.859,
          8
        ]
      },
      "faces": {
        "north": {
          "uv": [
            5.87656,
            2.25156,
            6.12344,
            2.49844
          ],
          "texture": "#0"
        },
        "east": {
          "uv": [
            3.62656,
            2.25156,
            5.87344,
            2.49844
          ],
          "texture": "#0"
        },
        "south": {
          "uv": [
            8.37656,
            2.25156,
            8.62344,
            2.49844
          ],
          "texture": "#0"
        },
        "west": {
          "uv": [
            6.12656,
            2.25156,
            8.37344,
            2.49844
          ],
          "texture": "#0"
        },
        "up": {
          "uv": [
            6.12344,
            2.24844,
            5.87656,
            0.00156
          ],
          "texture": "#0"
        },
        "down": {
          "uv": [
            6.37344,
            0.00156,
            6.12656,
            2.24844
          ],
          "texture": "#0"
        }
      }
    },
    {
      "from": [
        7.54675,
        -0.10196,
        5.75
      ],
      "to": [
        8.25385,
        0.39804,
        10.25
      ],
      "rotation": {
        "angle": -45,
        "axis": "z",
        "origin": [
          8,
          0.859,
          8
        ]
      },
      "faces": {
        "north": {
          "uv": [
            5.50156,
            5.75156,
            5.74844,
            5.99844
          ],
          "texture": "#0"
        },
        "east": {
          "uv": [
            3.25156,
            5.75156,
            5.49844,
            5.99844
          ],
          "texture": "#0"
        },
        "south": {
          "uv": [
            8.00156,
            5.75156,
            8.24844,
            5.99844
          ],
          "texture": "#0"
        },
        "west": {
          "uv": [
            5.75156,
            5.75156,
            7.99844,
            5.99844
          ],
          "texture": "#0"
        },
        "up": {
          "uv": [
            5.74844,
            5.74844,
            5.50156,
            3.50156
          ],
          "texture": "#0"
        },
        "down": {
          "uv": [
            5.99844,
            3.50156,
            5.75156,
            5.74844
          ],
          "texture": "#0"
        }
      }
    },
    {
      "from": [
        7,
        0.5,
        5.75
      ],
      "to": [
        7.5,
        1,
        10.25
      ],
      "rotation": {
        "angle": 0,
        "axis": "y",
        "origin": [
          8,
          0.859,
          8
        ]
      },
      "faces": {
        "north": {
          "uv": [
            5.00156,
            8.25156,
            5.24844,
            8.49844
          ],
          "texture": "#0"
        },
        "east": {
          "uv": [
            2.75156,
            8.25156,
            4.99844,
            8.49844
          ],
          "texture": "#0"
        },
        "south": {
          "uv": [
            7.50156,
            8.25156,
            7.74844,
            8.49844
          ],
          "texture": "#0"
        },
        "west": {
          "uv": [
            5.25156,
            8.25156,
            7.49844,
            8.49844
          ],
          "texture": "#0"
        },
        "up": {
          "uv": [
            5.24844,
            8.24844,
            5.00156,
            6.00156
          ],
          "texture": "#0"
        },
        "down": {
          "uv": [
            5.49844,
            6.00156,
            5.25156,
            8.24844
          ],
          "texture": "#0"
        }
      }
    },
    {
      "from": [
        8.5,
        0.5,
        5.75
      ],
      "to": [
        9,
        1,
        10.25
      ],
      "rotation": {
        "angle": 0,
        "axis": "y",
        "origin": [
          8,
          0.859,
          8
        ]
      },
      "faces": {
        "north": {
          "uv": [
            2.25156,
            8.00156,
            2.49844,
            8.24844
          ],
          "texture": "#0"
        },
        "east": {
          "uv": [
            0.00156,
            8.00156,
            2.24844,
            8.24844
          ],
          "texture": "#0"
        },
        "south": {
          "uv": [
            4.75156,
            8.00156,
            4.99844,
            8.24844
          ],
          "texture": "#0"
        },
        "west": {
          "uv": [
            2.50156,
            8.00156,
            4.74844,
            8.24844
          ],
          "texture": "#0"
        },
        "up": {
          "uv": [
            2.49844,
            7.99844,
            2.25156,
            5.75156
          ],
          "texture": "#0"
        },
        "down": {
          "uv": [
            2.74844,
            5.75156,
            2.50156,
            7.99844
          ],
          "texture": "#0"
        }
      }
    },
    {
      "from": [
        7,
        1,
        6.25
      ],
      "to": [
        7.5,
        1.5,
        9.75
      ],
      "rotation": {
        "angle": 0,
        "axis": "y",
        "origin": [
          8,
          0.859,
          8
        ]
      },
      "faces": {
        "north": {
          "uv": [
            7.75156,
            4.25156,
            7.99844,
            4.49844
          ],
          "texture": "#0"
        },
        "east": {
          "uv": [
            6.00156,
            4.25156,
            7.74844,
            4.49844
          ],
          "texture": "#0"
        },
        "south": {
          "uv": [
            9.75156,
            4.25156,
            9.99844,
            4.49844
          ],
          "texture": "#0"
        },
        "west": {
          "uv": [
            8.00156,
            4.25156,
            9.74844,
            4.49844
          ],
          "texture": "#0"
        },
        "up": {
          "uv": [
            7.99844,
            4.24844,
            7.75156,
            2.50156
          ],
          "texture": "#0"
        },
        "down": {
          "uv": [
            8.24844,
            2.50156,
            8.00156,
            4.24844
          ],
          "texture": "#0"
        }
      }
    },
    {
      "from": [
        8.5,
        1,
        6.25
      ],
      "to": [
        9,
        1.5,
        9.75
      ],
      "rotation": {
        "angle": 0,
        "axis": "y",
        "origin": [
          8,
          0.859,
          8
        ]
      },
      "faces": {
        "north": {
          "uv": [
            7.25156,
            7.75156,
            7.49844,
            7.99844
          ],
          "texture": "#0"
        },
        "east": {
          "uv": [
            5.50156,
            7.75156,
            7.24844,
            7.99844
          ],
          "texture": "#0"
        },
        "south": {
          "uv": [
            9.25156,
            7.75156,
            9.49844,
            7.99844
          ],
          "texture": "#0"
        },
        "west": {
          "uv": [
            7.50156,
            7.75156,
            9.24844,
            7.99844
          ],
          "texture": "#0"
        },
        "up": {
          "uv": [
            7.49844,
            7.74844,
            7.25156,
            6.00156
          ],
          "texture": "#0"
        },
        "down": {
          "uv": [
            7.74844,
            6.00156,
            7.50156,
            7.74844
          ],
          "texture": "#0"
        }
      }
    },
    {
      "from": [
        8.5,
        -0.63229,
        9.19069
      ],
      "to": [
        9,
        0.07482,
        9.69069
      ],
      "rotation": {
        "angle": -45,
        "axis": "x",
        "origin": [
          8,
          0.859,
          8
        ]
      },
      "faces": {
        "north": {
          "uv": [
            1.00156,
            0.50156,
            1.24844,
            0.74844
          ],
          "texture": "#0"
        },
        "east": {
          "uv": [
            0.75156,
            0.50156,
            0.99844,
            0.74844
          ],
          "texture": "#0"
        },
        "south": {
          "uv": [
            1.50156,
            0.50156,
            1.74844,
            0.74844
          ],
          "texture": "#0"
        },
        "west": {
          "uv": [
            1.25156,
            0.50156,
            1.49844,
            0.74844
          ],
          "texture": "#0"
        },
        "up": {
          "uv": [
            1.24844,
            0.49844,
            1.00156,
            0.25156
          ],
          "texture": "#0"
        },
        "down": {
          "uv": [
            1.49844,
            0.25156,
            1.25156,
            0.49844
          ],
          "texture": "#0"
        }
      }
    },
    {
      "from": [
        7,
        -0.63229,
        9.19069
      ],
      "to": [
        7.5,
        0.07482,
        9.69069
      ],
      "rotation": {
        "angle": -45,
        "axis": "x",
        "origin": [
          8,
          0.859,
          8
        ]
      },
      "faces": {
        "north": {
          "uv": [
            0.25156,
            0.25156,
            0.49844,
            0.49844
          ],
          "texture": "#0"
        },
        "east": {
          "uv": [
            0.00156,
            0.25156,
            0.24844,
            0.49844
          ],
          "texture": "#0"
        },
        "south": {
          "uv": [
            0.75156,
            0.25156,
            0.99844,
            0.49844
          ],
          "texture": "#0"
        },
        "west": {
          "uv": [
            0.50156,
            0.25156,
            0.74844,
            0.49844
          ],
          "texture": "#0"
        },
        "up": {
          "uv": [
            0.49844,
            0.24844,
            0.25156,
            0.00156
          ],
          "texture": "#0"
        },
        "down": {
          "uv": [
            0.74844,
            0.00156,
            0.50156,
            0.24844
          ],
          "texture": "#0"
        }
      }
    },
    {
      "from": [
        8.5,
        -0.63229,
        6.30931
      ],
      "to": [
        9,
        0.07482,
        6.80931
      ],
      "rotation": {
        "angle": 45,
        "axis": "x",
        "origin": [
          8,
          0.859,
          8
        ]
      },
      "faces": {
        "north": {
          "uv": [
            1.00156,
            1.00156,
            1.24844,
            1.24844
          ],
          "texture": "#0"
        },
        "east": {
          "uv": [
            0.75156,
            1.00156,
            0.99844,
            1.24844
          ],
          "texture": "#0"
        },
        "south": {
          "uv": [
            1.50156,
            1.00156,
            1.74844,
            1.24844
          ],
          "texture": "#0"
        },
        "west": {
          "uv": [
            1.25156,
            1.00156,
            1.49844,
            1.24844
          ],
          "texture": "#0"
        },
        "up": {
          "uv": [
            1.24844,
            0.99844,
            1.00156,
            0.75156
          ],
          "texture": "#0"
        },
        "down": {
          "uv": [
            1.49844,
            0.75156,
            1.25156,
            0.99844
          ],
          "texture": "#0"
        }
      }
    },
    {
      "from": [
        7,
        -0.63229,
        6.30931
      ],
      "to": [
        7.5,
        0.07482,
        6.80931
      ],
      "rotation": {
        "angle": 45,
        "axis": "x",
        "origin": [
          8,
          0.859,
          8
        ]
      },
      "faces": {
        "north": {
          "uv": [
            0.25156,
            0.75156,
            0.49844,
            0.99844
          ],
          "texture": "#0"
        },
        "east": {
          "uv": [
            0.00156,
            0.75156,
            0.24844,
            0.99844
          ],
          "texture": "#0"
        },
        "south": {
          "uv": [
            0.75156,
            0.75156,
            0.99844,
            0.99844
          ],
          "texture": "#0"
        },
        "west": {
          "uv": [
            0.50156,
            0.75156,
            0.74844,
            0.99844
          ],
          "texture": "#0"
        },
        "up": {
          "uv": [
            0.49844,
            0.74844,
            0.25156,
            0.50156
          ],
          "texture": "#0"
        },
        "down": {
          "uv": [
            0.74844,
            0.50156,
            0.50156,
            0.74844
          ],
          "texture": "#0"
        }
      }
    }
  ],
  "textures": {
    "0": "minecraft:fun/hotdog",
    "particle": "minecraft:fun/hotdog_eat"
  }
}
