{
	"format_version": "1.9.0",
	"credit": "Made with Blockbench",
	"ambientocclusion": false,
	"texture_size": [144, 32],
	"textures": {
		"0": "ace_race/arrow_field_9b",
		"particle": "ace_race/arrow_field_9b"
	},
	"elements": [
		{
			"from": [-10, 0, 8],
			"to": [26, 8, 8],
			"shade": false,
			"light_emission": 15,
			"rotation": {"angle": 0, "axis": "y", "origin": [-15, 0, 6]},
			"faces": {
				"north": {"uv": [0, 0, 16, 16], "texture": "#0"},
				"south": {"uv": [16, 0, 0, 16], "texture": "#0"}
			}
		}
	],
	"gui_light": "front",
	"display": {
		"head": {
			"scale": [4, 4, 4]
		}
	}
}