{
    "providers": [
		{"file": "minecraft:font/teams_offset/red_rabbits.png", "type": "bitmap", "ascent": 4, "chars": ["\uE000"], "height": 10},
		{"file": "minecraft:font/teams_offset/orange_ocelots.png", "type": "bitmap", "ascent": 4, "chars": ["\uE001"], "height": 10},
		{"file": "minecraft:font/teams_offset/yellow_yaks.png", "type": "bitmap", "ascent": 4, "chars": ["\uE002"], "height": 10},
		{"file": "minecraft:font/teams_offset/lime_llamas.png", "type": "bitmap", "ascent": 4, "chars": ["\uE003"], "height": 10},
		{"file": "minecraft:font/teams_offset/green_geckos.png", "type": "bitmap", "ascent": 4, "chars": ["\uE004"], "height": 10},
		{"file": "minecraft:font/teams_offset/cyan_coyotes.png", "type": "bitmap", "ascent": 4, "chars": ["\uE005"], "height": 10},
		{"file": "minecraft:font/teams_offset/aqua_axolotls.png", "type": "bitmap", "ascent": 4, "chars": ["\uE006"], "height": 10},
		{"file": "minecraft:font/teams_offset/blue_bats.png", "type": "bitmap", "ascent": 4, "chars": ["\uE007"], "height": 10},
		{"file": "minecraft:font/teams_offset/purple_pandas.png", "type": "bitmap", "ascent": 4, "chars": ["\uE008"], "height": 10},
		{"file": "minecraft:font/teams_offset/pink_parrots.png", "type": "bitmap", "ascent": 4, "chars": ["\uE009"], "height": 10},
		{"file": "minecraft:font/teams_offset/red_ravens.png", "type": "bitmap", "ascent": 4, "chars": ["\uE00A"], "height": 10},
		{"file": "minecraft:font/teams_offset/orange_oozes.png", "type": "bitmap", "ascent": 4, "chars": ["\uE00B"], "height": 10},
		{"file": "minecraft:font/teams_offset/mustard_mummies.png", "type": "bitmap", "ascent": 4, "chars": ["\uE00C"], "height": 10},
		{"file": "minecraft:font/teams_offset/lime_liches.png", "type": "bitmap", "ascent": 4, "chars": ["\uE00D"], "height": 10},
		{"file": "minecraft:font/teams_offset/green_goblins.png", "type": "bitmap", "ascent": 4, "chars": ["\uE00E"], "height": 10},
		{"file": "minecraft:font/teams_offset/cyan_centipedes.png", "type": "bitmap", "ascent": 4, "chars": ["\uE00F"], "height": 10},
		{"file": "minecraft:font/teams_offset/aqua_abominations.png", "type": "bitmap", "ascent": 4, "chars": ["\uE010"], "height": 10},
		{"file": "minecraft:font/teams_offset/blue_banshees.png", "type": "bitmap", "ascent": 4, "chars": ["\uE011"], "height": 10},
		{"file": "minecraft:font/teams_offset/violet_vampires.png", "type": "bitmap", "ascent": 4, "chars": ["\uE012"], "height": 10},
		{"file": "minecraft:font/teams_offset/fuchsia_frankens.png", "type": "bitmap", "ascent": 4, "chars": ["\uE013"], "height": 10},
		{"file": "minecraft:font/teams_offset/red_reindeer.png", "type": "bitmap", "ascent": 4, "chars": ["\uE014"], "height": 10},
		{"file": "minecraft:font/teams_offset/ginger_breadmen.png", "type": "bitmap", "ascent": 4, "chars": ["\uE015"], "height": 10},
		{"file": "minecraft:font/teams_offset/yellow_yetis.png", "type": "bitmap", "ascent": 4, "chars": ["\uE016"], "height": 10},
		{"file": "minecraft:font/teams_offset/mint_mistletoes.png", "type": "bitmap", "ascent": 4, "chars": ["\uE017"], "height": 10},
		{"file": "minecraft:font/teams_offset/emerald_elves.png", "type": "bitmap", "ascent": 4, "chars": ["\uE018"], "height": 10},
		{"file": "minecraft:font/teams_offset/teal_turkeys.png", "type": "bitmap", "ascent": 4, "chars": ["\uE019"], "height": 10},
		{"file": "minecraft:font/teams_offset/cerulean_canes.png", "type": "bitmap", "ascent": 4, "chars": ["\uE01A"], "height": 10},
		{"file": "minecraft:font/teams_offset/sapphire_santas.png", "type": "bitmap", "ascent": 4, "chars": ["\uE01B"], "height": 10},
		{"file": "minecraft:font/teams_offset/purple_penguins.png", "type": "bitmap", "ascent": 4, "chars": ["\uE01C"], "height": 10},
		{"file": "minecraft:font/teams_offset/pink_presents.png", "type": "bitmap", "ascent": 4, "chars": ["\uE01D"], "height": 10},
		{"chars": ["\uE0A3"], "file": "minecraft:font/player.png", "type": "bitmap", "ascent": 4, "height": 8},
		{"file": "minecraft:font/offline.png", "type": "bitmap", "ascent": 4, "chars": ["\uE0B5"], "height": 8},
		{"file": "minecraft:font/banked.png", "type": "bitmap", "ascent": 4, "chars": ["\uE0B6"], "height": 8},
		{"file": "minecraft:font/entombed.png", "type": "bitmap", "ascent": 4, "chars": ["\uE0B7"], "height": 8}
    ]
}
