{
	"credit": "Made with Blockbench",
	"textures": {
		"0": "sands_of_time/coin",
		"particle": "sands_of_time/coin"
	},
	"elements": [
		{
			"from": [10.1, 0, 8],
			"to": [14.1, 1, 12],
			"rotation": {"angle": 22.5, "axis": "y", "origin": [12.1, 0.5, 10]},
			"faces": {
				"north": {"uv": [0, 5, 4, 6], "texture": "#0"},
				"east": {"uv": [0, 5, 4, 6], "texture": "#0"},
				"south": {"uv": [0, 5, 4, 6], "texture": "#0"},
				"west": {"uv": [0, 5, 4, 6], "texture": "#0"},
				"up": {"uv": [0, 0, 4, 4], "texture": "#0"},
				"down": {"uv": [0, 0, 4, 4], "texture": "#0"}
			}
		},
		{
			"from": [6.1, 1, 0.7],
			"to": [10.1, 2, 4.7],
			"rotation": {"angle": 22.5, "axis": "y", "origin": [8.1, 1.5, 2.7]},
			"faces": {
				"north": {"uv": [0, 4, 4, 5], "texture": "#0"},
				"east": {"uv": [0, 4, 4, 5], "texture": "#0"},
				"south": {"uv": [0, 4, 4, 5], "texture": "#0"},
				"west": {"uv": [0, 4, 4, 5], "texture": "#0"},
				"up": {"uv": [0, 0, 4, 4], "texture": "#0"},
				"down": {"uv": [0, 0, 4, 4], "texture": "#0"}
			}
		},
		{
			"from": [6.1, 2, 0.7],
			"to": [10.1, 3, 4.7],
			"rotation": {"angle": 22.5, "axis": "y", "origin": [8.1, 2.5, 2.7]},
			"faces": {
				"north": {"uv": [0, 5, 4, 6], "texture": "#0"},
				"east": {"uv": [0, 5, 4, 6], "texture": "#0"},
				"south": {"uv": [0, 5, 4, 6], "texture": "#0"},
				"west": {"uv": [0, 5, 4, 6], "texture": "#0"},
				"up": {"uv": [0, 0, 4, 4], "texture": "#0"},
				"down": {"uv": [0, 0, 4, 4], "texture": "#0"}
			}
		},
		{
			"from": [6.1, 3, 0.7],
			"to": [10.1, 4, 4.7],
			"rotation": {"angle": 22.5, "axis": "y", "origin": [8.1, 3.5, 2.7]},
			"faces": {
				"north": {"uv": [0, 4, 4, 5], "texture": "#0"},
				"east": {"uv": [0, 4, 4, 5], "texture": "#0"},
				"south": {"uv": [0, 4, 4, 5], "texture": "#0"},
				"west": {"uv": [0, 4, 4, 5], "texture": "#0"},
				"up": {"uv": [0, 0, 4, 4], "texture": "#0"},
				"down": {"uv": [0, 0, 4, 4], "texture": "#0"}
			}
		},
		{
			"from": [10.1, 4, 9],
			"to": [14.1, 5, 13],
			"rotation": {"angle": 22.5, "axis": "y", "origin": [12.1, 4.5, 11]},
			"faces": {
				"north": {"uv": [0, 5, 4, 6], "texture": "#0"},
				"east": {"uv": [0, 5, 4, 6], "texture": "#0"},
				"south": {"uv": [0, 5, 4, 6], "texture": "#0"},
				"west": {"uv": [0, 5, 4, 6], "texture": "#0"},
				"up": {"uv": [0, 0, 4, 4], "texture": "#0"},
				"down": {"uv": [0, 0, 4, 4], "texture": "#0"}
			}
		},
		{
			"from": [10.1, 6, 8],
			"to": [14.1, 7, 12],
			"rotation": {"angle": 22.5, "axis": "y", "origin": [12.1, 6.5, 10]},
			"faces": {
				"north": {"uv": [0, 5, 4, 6], "texture": "#0"},
				"east": {"uv": [0, 5, 4, 6], "texture": "#0"},
				"south": {"uv": [0, 5, 4, 6], "texture": "#0"},
				"west": {"uv": [0, 5, 4, 6], "texture": "#0"},
				"up": {"uv": [0, 0, 4, 4], "texture": "#0"},
				"down": {"uv": [0, 0, 4, 4], "texture": "#0"}
			}
		},
		{
			"from": [10.1, 7, 8],
			"to": [14.1, 8, 12],
			"rotation": {"angle": 22.5, "axis": "y", "origin": [12.1, 7.5, 10]},
			"faces": {
				"north": {"uv": [0, 4, 4, 5], "texture": "#0"},
				"east": {"uv": [0, 4, 4, 5], "texture": "#0"},
				"south": {"uv": [0, 4, 4, 5], "texture": "#0"},
				"west": {"uv": [0, 4, 4, 5], "texture": "#0"},
				"up": {"uv": [0, 0, 4, 4], "texture": "#0"},
				"down": {"uv": [0, 0, 4, 4], "texture": "#0"}
			}
		},
		{
			"from": [10.1, 1, 8],
			"to": [14.1, 2, 12],
			"rotation": {"angle": 22.5, "axis": "y", "origin": [12.1, 1.5, 10]},
			"faces": {
				"north": {"uv": [0, 4, 4, 5], "texture": "#0"},
				"east": {"uv": [0, 4, 4, 5], "texture": "#0"},
				"south": {"uv": [0, 4, 4, 5], "texture": "#0"},
				"west": {"uv": [0, 4, 4, 5], "texture": "#0"},
				"up": {"uv": [0, 0, 4, 4], "texture": "#0"},
				"down": {"uv": [0, 0, 4, 4], "texture": "#0"}
			}
		},
		{
			"from": [10.1, 2, 8],
			"to": [14.1, 3, 12],
			"rotation": {"angle": 22.5, "axis": "y", "origin": [12.1, 2.5, 10]},
			"faces": {
				"north": {"uv": [0, 5, 4, 6], "texture": "#0"},
				"east": {"uv": [0, 5, 4, 6], "texture": "#0"},
				"south": {"uv": [0, 5, 4, 6], "texture": "#0"},
				"west": {"uv": [0, 5, 4, 6], "texture": "#0"},
				"up": {"uv": [0, 0, 4, 4], "texture": "#0"},
				"down": {"uv": [0, 0, 4, 4], "texture": "#0"}
			}
		},
		{
			"from": [10.1, 3, 8],
			"to": [14.1, 4, 12],
			"rotation": {"angle": 22.5, "axis": "y", "origin": [12.1, 3.5, 10]},
			"faces": {
				"north": {"uv": [0, 4, 4, 5], "texture": "#0"},
				"east": {"uv": [0, 4, 4, 5], "texture": "#0"},
				"south": {"uv": [0, 4, 4, 5], "texture": "#0"},
				"west": {"uv": [0, 4, 4, 5], "texture": "#0"},
				"up": {"uv": [0, 0, 4, 4], "texture": "#0"},
				"down": {"uv": [0, 0, 4, 4], "texture": "#0"}
			}
		},
		{
			"from": [10.1, 5, 8],
			"to": [14.1, 6, 12],
			"rotation": {"angle": 22.5, "axis": "y", "origin": [12.1, 5.5, 10]},
			"faces": {
				"north": {"uv": [0, 4, 4, 5], "texture": "#0"},
				"east": {"uv": [0, 4, 4, 5], "texture": "#0"},
				"south": {"uv": [0, 4, 4, 5], "texture": "#0"},
				"west": {"uv": [0, 4, 4, 5], "texture": "#0"},
				"up": {"uv": [0, 0, 4, 4], "texture": "#0"},
				"down": {"uv": [0, 0, 4, 4], "texture": "#0"}
			}
		},
		{
			"from": [6.1, 0, 0.7],
			"to": [10.1, 1, 4.7],
			"rotation": {"angle": 22.5, "axis": "y", "origin": [8.1, 0.5, 2.7]},
			"faces": {
				"north": {"uv": [0, 5, 4, 6], "texture": "#0"},
				"east": {"uv": [0, 5, 4, 6], "texture": "#0"},
				"south": {"uv": [0, 5, 4, 6], "texture": "#0"},
				"west": {"uv": [0, 5, 4, 6], "texture": "#0"},
				"up": {"uv": [0, 0, 4, 4], "texture": "#0"},
				"down": {"uv": [0, 0, 4, 4], "texture": "#0"}
			}
		},
		{
			"from": [1, 6, 1],
			"to": [5, 7, 5],
			"rotation": {"angle": -22.5, "axis": "y", "origin": [3, 6.5, 3]},
			"faces": {
				"north": {"uv": [0, 4, 4, 5], "texture": "#0"},
				"east": {"uv": [0, 4, 4, 5], "texture": "#0"},
				"south": {"uv": [0, 4, 4, 5], "texture": "#0"},
				"west": {"uv": [0, 4, 4, 5], "texture": "#0"},
				"up": {"uv": [0, 0, 4, 4], "texture": "#0"},
				"down": {"uv": [0, 0, 4, 4], "texture": "#0"}
			}
		},
		{
			"from": [1, 0, 1],
			"to": [5, 1, 5],
			"rotation": {"angle": -45, "axis": "y", "origin": [3, 0.5, 3]},
			"faces": {
				"north": {"uv": [0, 4, 4, 5], "texture": "#0"},
				"east": {"uv": [0, 4, 4, 5], "texture": "#0"},
				"south": {"uv": [0, 4, 4, 5], "texture": "#0"},
				"west": {"uv": [0, 4, 4, 5], "texture": "#0"},
				"up": {"uv": [0, 0, 4, 4], "texture": "#0"},
				"down": {"uv": [0, 0, 4, 4], "texture": "#0"}
			}
		},
		{
			"from": [1, 2, 1],
			"to": [5, 3, 5],
			"rotation": {"angle": -45, "axis": "y", "origin": [3, 2.5, 3]},
			"faces": {
				"north": {"uv": [0, 4, 4, 5], "texture": "#0"},
				"east": {"uv": [0, 4, 4, 5], "texture": "#0"},
				"south": {"uv": [0, 4, 4, 5], "texture": "#0"},
				"west": {"uv": [0, 4, 4, 5], "texture": "#0"},
				"up": {"uv": [0, 0, 4, 4], "texture": "#0"},
				"down": {"uv": [0, 0, 4, 4], "texture": "#0"}
			}
		},
		{
			"from": [1, 1, 1],
			"to": [5, 2, 5],
			"rotation": {"angle": -45, "axis": "y", "origin": [3, 1.5, 3]},
			"faces": {
				"north": {"uv": [0, 5, 4, 6], "texture": "#0"},
				"east": {"uv": [0, 5, 4, 6], "texture": "#0"},
				"south": {"uv": [0, 5, 4, 6], "texture": "#0"},
				"west": {"uv": [0, 5, 4, 6], "texture": "#0"},
				"up": {"uv": [0, 0, 4, 4], "texture": "#0"},
				"down": {"uv": [0, 0, 4, 4], "texture": "#0"}
			}
		},
		{
			"from": [1, 3, 1],
			"to": [5, 4, 5],
			"rotation": {"angle": -45, "axis": "y", "origin": [3, 3.5, 3]},
			"faces": {
				"north": {"uv": [0, 5, 4, 6], "texture": "#0"},
				"east": {"uv": [0, 5, 4, 6], "texture": "#0"},
				"south": {"uv": [0, 5, 4, 6], "texture": "#0"},
				"west": {"uv": [0, 5, 4, 6], "texture": "#0"},
				"up": {"uv": [0, 0, 4, 4], "texture": "#0"},
				"down": {"uv": [0, 0, 4, 4], "texture": "#0"}
			}
		},
		{
			"from": [1, 4, 1],
			"to": [5, 5, 5],
			"rotation": {"angle": -45, "axis": "y", "origin": [3, 4.5, 3]},
			"faces": {
				"north": {"uv": [0, 4, 4, 5], "texture": "#0"},
				"east": {"uv": [0, 4, 4, 5], "texture": "#0"},
				"south": {"uv": [0, 4, 4, 5], "texture": "#0"},
				"west": {"uv": [0, 4, 4, 5], "texture": "#0"},
				"up": {"uv": [0, 0, 4, 4], "texture": "#0"},
				"down": {"uv": [0, 0, 4, 4], "texture": "#0"}
			}
		},
		{
			"from": [1, 5, 1],
			"to": [5, 6, 5],
			"rotation": {"angle": -45, "axis": "y", "origin": [3, 5.5, 3]},
			"faces": {
				"north": {"uv": [0, 5, 4, 6], "texture": "#0"},
				"east": {"uv": [0, 5, 4, 6], "texture": "#0"},
				"south": {"uv": [0, 5, 4, 6], "texture": "#0"},
				"west": {"uv": [0, 5, 4, 6], "texture": "#0"},
				"up": {"uv": [0, 0, 4, 4], "texture": "#0"},
				"down": {"uv": [0, 0, 4, 4], "texture": "#0"}
			}
		},
		{
			"from": [6, 0, 11],
			"to": [10, 1, 15],
			"rotation": {"angle": -22.5, "axis": "y", "origin": [8, 0.5, 13]},
			"faces": {
				"north": {"uv": [0, 4, 4, 5], "texture": "#0"},
				"east": {"uv": [0, 4, 4, 5], "texture": "#0"},
				"south": {"uv": [0, 4, 4, 5], "texture": "#0"},
				"west": {"uv": [0, 4, 4, 5], "texture": "#0"},
				"up": {"uv": [0, 0, 4, 4], "texture": "#0"},
				"down": {"uv": [0, 0, 4, 4], "texture": "#0"}
			}
		},
		{
			"from": [6, 1, 11],
			"to": [10, 2, 15],
			"rotation": {"angle": -22.5, "axis": "y", "origin": [8, 1.5, 13]},
			"faces": {
				"north": {"uv": [0, 5, 4, 6], "texture": "#0"},
				"east": {"uv": [0, 5, 4, 6], "texture": "#0"},
				"south": {"uv": [0, 5, 4, 6], "texture": "#0"},
				"west": {"uv": [0, 5, 4, 6], "texture": "#0"},
				"up": {"uv": [0, 0, 4, 4], "texture": "#0"},
				"down": {"uv": [0, 0, 4, 4], "texture": "#0"}
			}
		},
		{
			"from": [6, 2, 11],
			"to": [10, 3, 15],
			"rotation": {"angle": -22.5, "axis": "y", "origin": [8, 2.5, 13]},
			"faces": {
				"north": {"uv": [0, 4, 4, 5], "texture": "#0"},
				"east": {"uv": [0, 4, 4, 5], "texture": "#0"},
				"south": {"uv": [0, 4, 4, 5], "texture": "#0"},
				"west": {"uv": [0, 4, 4, 5], "texture": "#0"},
				"up": {"uv": [0, 0, 4, 4], "texture": "#0"},
				"down": {"uv": [0, 0, 4, 4], "texture": "#0"}
			}
		},
		{
			"from": [6, 3, 11],
			"to": [10, 4, 15],
			"rotation": {"angle": 0, "axis": "y", "origin": [8, 3.5, 13]},
			"faces": {
				"north": {"uv": [0, 5, 4, 6], "texture": "#0"},
				"east": {"uv": [0, 5, 4, 6], "texture": "#0"},
				"south": {"uv": [0, 5, 4, 6], "texture": "#0"},
				"west": {"uv": [0, 5, 4, 6], "texture": "#0"},
				"up": {"uv": [0, 0, 4, 4], "texture": "#0"},
				"down": {"uv": [0, 0, 4, 4], "texture": "#0"}
			}
		},
		{
			"from": [6, 4, 11],
			"to": [10, 5, 15],
			"rotation": {"angle": -22.5, "axis": "y", "origin": [8, 4.5, 13]},
			"faces": {
				"north": {"uv": [0, 4, 4, 5], "texture": "#0"},
				"east": {"uv": [0, 4, 4, 5], "texture": "#0"},
				"south": {"uv": [0, 4, 4, 5], "texture": "#0"},
				"west": {"uv": [0, 4, 4, 5], "texture": "#0"},
				"up": {"uv": [0, 0, 4, 4], "texture": "#0"},
				"down": {"uv": [0, 0, 4, 4], "texture": "#0"}
			}
		},
		{
			"from": [11.5, 1, 3],
			"to": [15.5, 2, 7],
			"rotation": {"angle": 0, "axis": "y", "origin": [13.5, 1.5, 5]},
			"faces": {
				"north": {"uv": [0, 5, 4, 6], "texture": "#0"},
				"east": {"uv": [0, 5, 4, 6], "texture": "#0"},
				"south": {"uv": [0, 5, 4, 6], "texture": "#0"},
				"west": {"uv": [0, 5, 4, 6], "texture": "#0"},
				"up": {"uv": [0, 0, 4, 4], "texture": "#0"},
				"down": {"uv": [0, 0, 4, 4], "texture": "#0"}
			}
		},
		{
			"from": [11.5, 0, 3],
			"to": [15.5, 1, 7],
			"rotation": {"angle": 0, "axis": "y", "origin": [13.5, 0.5, 5]},
			"faces": {
				"north": {"uv": [0, 4, 4, 5], "texture": "#0"},
				"east": {"uv": [0, 4, 4, 5], "texture": "#0"},
				"south": {"uv": [0, 4, 4, 5], "texture": "#0"},
				"west": {"uv": [0, 4, 4, 5], "texture": "#0"},
				"up": {"uv": [0, 0, 4, 4], "texture": "#0"},
				"down": {"uv": [0, 0, 4, 4], "texture": "#0"}
			}
		},
		{
			"from": [11.5, 2, 3],
			"to": [15.5, 3, 7],
			"rotation": {"angle": 22.5, "axis": "y", "origin": [13.5, 2.5, 5]},
			"faces": {
				"north": {"uv": [0, 4, 4, 5], "texture": "#0"},
				"east": {"uv": [0, 4, 4, 5], "texture": "#0"},
				"south": {"uv": [0, 4, 4, 5], "texture": "#0"},
				"west": {"uv": [0, 4, 4, 5], "texture": "#0"},
				"up": {"uv": [0, 0, 4, 4], "texture": "#0"},
				"down": {"uv": [0, 0, 4, 4], "texture": "#0"}
			}
		},
		{
			"from": [11.5, 3, 3],
			"to": [15.5, 4, 7],
			"rotation": {"angle": 22.5, "axis": "y", "origin": [13.5, 3.5, 5]},
			"faces": {
				"north": {"uv": [0, 5, 4, 6], "texture": "#0"},
				"east": {"uv": [0, 5, 4, 6], "texture": "#0"},
				"south": {"uv": [0, 5, 4, 6], "texture": "#0"},
				"west": {"uv": [0, 5, 4, 6], "texture": "#0"},
				"up": {"uv": [0, 0, 4, 4], "texture": "#0"},
				"down": {"uv": [0, 0, 4, 4], "texture": "#0"}
			}
		},
		{
			"from": [11.5, 4, 3],
			"to": [15.5, 5, 7],
			"rotation": {"angle": 22.5, "axis": "y", "origin": [13.5, 4.5, 5]},
			"faces": {
				"north": {"uv": [0, 4, 4, 5], "texture": "#0"},
				"east": {"uv": [0, 4, 4, 5], "texture": "#0"},
				"south": {"uv": [0, 4, 4, 5], "texture": "#0"},
				"west": {"uv": [0, 4, 4, 5], "texture": "#0"},
				"up": {"uv": [0, 0, 4, 4], "texture": "#0"},
				"down": {"uv": [0, 0, 4, 4], "texture": "#0"}
			}
		},
		{
			"from": [4, 0, 5],
			"to": [8, 1, 9],
			"rotation": {"angle": -22.5, "axis": "y", "origin": [6, 0.5, 7]},
			"faces": {
				"north": {"uv": [0, 4, 4, 5], "texture": "#0"},
				"east": {"uv": [0, 4, 4, 5], "texture": "#0"},
				"south": {"uv": [0, 4, 4, 5], "texture": "#0"},
				"west": {"uv": [0, 4, 4, 5], "texture": "#0"},
				"up": {"uv": [0, 0, 4, 4], "texture": "#0"},
				"down": {"uv": [0, 0, 4, 4], "texture": "#0"}
			}
		},
		{
			"from": [4, 2, 5],
			"to": [8, 3, 9],
			"rotation": {"angle": -22.5, "axis": "y", "origin": [6, 2.5, 7]},
			"faces": {
				"north": {"uv": [0, 4, 4, 5], "texture": "#0"},
				"east": {"uv": [0, 4, 4, 5], "texture": "#0"},
				"south": {"uv": [0, 4, 4, 5], "texture": "#0"},
				"west": {"uv": [0, 4, 4, 5], "texture": "#0"},
				"up": {"uv": [0, 0, 4, 4], "texture": "#0"},
				"down": {"uv": [0, 0, 4, 4], "texture": "#0"}
			}
		},
		{
			"from": [4, 6, 5],
			"to": [8, 7, 9],
			"rotation": {"angle": -22.5, "axis": "y", "origin": [6, 6.5, 7]},
			"faces": {
				"north": {"uv": [0, 4, 4, 5], "texture": "#0"},
				"east": {"uv": [0, 4, 4, 5], "texture": "#0"},
				"south": {"uv": [0, 4, 4, 5], "texture": "#0"},
				"west": {"uv": [0, 4, 4, 5], "texture": "#0"},
				"up": {"uv": [0, 0, 4, 4], "texture": "#0"},
				"down": {"uv": [0, 0, 4, 4], "texture": "#0"}
			}
		},
		{
			"from": [4, 4, 5],
			"to": [8, 5, 9],
			"rotation": {"angle": -22.5, "axis": "y", "origin": [6, 4.5, 7]},
			"faces": {
				"north": {"uv": [0, 4, 4, 5], "texture": "#0"},
				"east": {"uv": [0, 4, 4, 5], "texture": "#0"},
				"south": {"uv": [0, 4, 4, 5], "texture": "#0"},
				"west": {"uv": [0, 4, 4, 5], "texture": "#0"},
				"up": {"uv": [0, 0, 4, 4], "texture": "#0"},
				"down": {"uv": [0, 0, 4, 4], "texture": "#0"}
			}
		},
		{
			"from": [4, 8, 5],
			"to": [8, 9, 9],
			"rotation": {"angle": -22.5, "axis": "y", "origin": [6, 8.5, 7]},
			"faces": {
				"north": {"uv": [0, 4, 4, 5], "texture": "#0"},
				"east": {"uv": [0, 4, 4, 5], "texture": "#0"},
				"south": {"uv": [0, 4, 4, 5], "texture": "#0"},
				"west": {"uv": [0, 4, 4, 5], "texture": "#0"},
				"up": {"uv": [0, 0, 4, 4], "texture": "#0"},
				"down": {"uv": [0, 0, 4, 4], "texture": "#0"}
			}
		},
		{
			"from": [4, 9, 5],
			"to": [8, 10, 9],
			"rotation": {"angle": -22.5, "axis": "y", "origin": [6, 9.5, 7]},
			"faces": {
				"north": {"uv": [0, 5, 4, 6], "texture": "#0"},
				"east": {"uv": [0, 5, 4, 6], "texture": "#0"},
				"south": {"uv": [0, 5, 4, 6], "texture": "#0"},
				"west": {"uv": [0, 5, 4, 6], "texture": "#0"},
				"up": {"uv": [0, 0, 4, 4], "texture": "#0"},
				"down": {"uv": [0, 0, 4, 4], "texture": "#0"}
			}
		},
		{
			"from": [4, 5, 5],
			"to": [8, 6, 9],
			"rotation": {"angle": -22.5, "axis": "y", "origin": [6, 5.5, 7]},
			"faces": {
				"north": {"uv": [0, 5, 4, 6], "texture": "#0"},
				"east": {"uv": [0, 5, 4, 6], "texture": "#0"},
				"south": {"uv": [0, 5, 4, 6], "texture": "#0"},
				"west": {"uv": [0, 5, 4, 6], "texture": "#0"},
				"up": {"uv": [0, 0, 4, 4], "texture": "#0"},
				"down": {"uv": [0, 0, 4, 4], "texture": "#0"}
			}
		},
		{
			"from": [4, 3, 5],
			"to": [8, 4, 9],
			"rotation": {"angle": -22.5, "axis": "y", "origin": [6, 3.5, 7]},
			"faces": {
				"north": {"uv": [0, 5, 4, 6], "texture": "#0"},
				"east": {"uv": [0, 5, 4, 6], "texture": "#0"},
				"south": {"uv": [0, 5, 4, 6], "texture": "#0"},
				"west": {"uv": [0, 5, 4, 6], "texture": "#0"},
				"up": {"uv": [0, 0, 4, 4], "texture": "#0"},
				"down": {"uv": [0, 0, 4, 4], "texture": "#0"}
			}
		},
		{
			"from": [4, 1, 5],
			"to": [8, 2, 9],
			"rotation": {"angle": -22.5, "axis": "y", "origin": [6, 1.5, 7]},
			"faces": {
				"north": {"uv": [0, 5, 4, 6], "texture": "#0"},
				"east": {"uv": [0, 5, 4, 6], "texture": "#0"},
				"south": {"uv": [0, 5, 4, 6], "texture": "#0"},
				"west": {"uv": [0, 5, 4, 6], "texture": "#0"},
				"up": {"uv": [0, 0, 4, 4], "texture": "#0"},
				"down": {"uv": [0, 0, 4, 4], "texture": "#0"}
			}
		},
		{
			"from": [4, 7, 5],
			"to": [8, 8, 9],
			"rotation": {"angle": -22.5, "axis": "y", "origin": [6, 7.5, 7]},
			"faces": {
				"north": {"uv": [0, 5, 4, 6], "texture": "#0"},
				"east": {"uv": [0, 5, 4, 6], "texture": "#0"},
				"south": {"uv": [0, 5, 4, 6], "texture": "#0"},
				"west": {"uv": [0, 5, 4, 6], "texture": "#0"},
				"up": {"uv": [0, 0, 4, 4], "texture": "#0"},
				"down": {"uv": [0, 0, 4, 4], "texture": "#0"}
			}
		},
		{
			"from": [4, 10, 5],
			"to": [8, 11, 9],
			"rotation": {"angle": -22.5, "axis": "y", "origin": [6, 10.5, 7]},
			"faces": {
				"north": {"uv": [0, 4, 4, 5], "texture": "#0"},
				"east": {"uv": [0, 4, 4, 5], "texture": "#0"},
				"south": {"uv": [0, 4, 4, 5], "texture": "#0"},
				"west": {"uv": [0, 4, 4, 5], "texture": "#0"},
				"up": {"uv": [0, 0, 4, 4], "texture": "#0"},
				"down": {"uv": [0, 0, 4, 4], "texture": "#0"}
			}
		},
		{
			"from": [1, 0, 9],
			"to": [5, 1, 13],
			"rotation": {"angle": 22.5, "axis": "y", "origin": [3, 0.5, 11]},
			"faces": {
				"north": {"uv": [0, 4, 4, 5], "texture": "#0"},
				"east": {"uv": [0, 4, 4, 5], "texture": "#0"},
				"south": {"uv": [0, 4, 4, 5], "texture": "#0"},
				"west": {"uv": [0, 4, 4, 5], "texture": "#0"},
				"up": {"uv": [0, 0, 4, 4], "texture": "#0"},
				"down": {"uv": [0, 0, 4, 4], "texture": "#0"}
			}
		},
		{
			"from": [1, 1, 9],
			"to": [5, 2, 13],
			"rotation": {"angle": 22.5, "axis": "y", "origin": [3, 1.5, 11]},
			"faces": {
				"north": {"uv": [0, 5, 4, 6], "texture": "#0"},
				"east": {"uv": [0, 5, 4, 6], "texture": "#0"},
				"south": {"uv": [0, 5, 4, 6], "texture": "#0"},
				"west": {"uv": [0, 5, 4, 6], "texture": "#0"},
				"up": {"uv": [0, 0, 4, 4], "texture": "#0"},
				"down": {"uv": [0, 0, 4, 4], "texture": "#0"}
			}
		},
		{
			"from": [1, 3, 9],
			"to": [5, 4, 13],
			"rotation": {"angle": 22.5, "axis": "y", "origin": [3, 3.5, 11]},
			"faces": {
				"north": {"uv": [0, 5, 4, 6], "texture": "#0"},
				"east": {"uv": [0, 5, 4, 6], "texture": "#0"},
				"south": {"uv": [0, 5, 4, 6], "texture": "#0"},
				"west": {"uv": [0, 5, 4, 6], "texture": "#0"},
				"up": {"uv": [0, 0, 4, 4], "texture": "#0"},
				"down": {"uv": [0, 0, 4, 4], "texture": "#0"}
			}
		},
		{
			"from": [1, 5, 9],
			"to": [5, 6, 13],
			"rotation": {"angle": 22.5, "axis": "y", "origin": [3, 5.5, 11]},
			"faces": {
				"north": {"uv": [0, 5, 4, 6], "texture": "#0"},
				"east": {"uv": [0, 5, 4, 6], "texture": "#0"},
				"south": {"uv": [0, 5, 4, 6], "texture": "#0"},
				"west": {"uv": [0, 5, 4, 6], "texture": "#0"},
				"up": {"uv": [0, 0, 4, 4], "texture": "#0"},
				"down": {"uv": [0, 0, 4, 4], "texture": "#0"}
			}
		},
		{
			"from": [1, 2, 9],
			"to": [5, 3, 13],
			"rotation": {"angle": 22.5, "axis": "y", "origin": [3, 2.5, 11]},
			"faces": {
				"north": {"uv": [0, 4, 4, 5], "texture": "#0"},
				"east": {"uv": [0, 4, 4, 5], "texture": "#0"},
				"south": {"uv": [0, 4, 4, 5], "texture": "#0"},
				"west": {"uv": [0, 4, 4, 5], "texture": "#0"},
				"up": {"uv": [0, 0, 4, 4], "texture": "#0"},
				"down": {"uv": [0, 0, 4, 4], "texture": "#0"}
			}
		},
		{
			"from": [1, 4, 9],
			"to": [5, 5, 13],
			"rotation": {"angle": 45, "axis": "y", "origin": [3, 4.5, 11]},
			"faces": {
				"north": {"uv": [0, 4, 4, 5], "texture": "#0"},
				"east": {"uv": [0, 4, 4, 5], "texture": "#0"},
				"south": {"uv": [0, 4, 4, 5], "texture": "#0"},
				"west": {"uv": [0, 4, 4, 5], "texture": "#0"},
				"up": {"uv": [0, 0, 4, 4], "texture": "#0"},
				"down": {"uv": [0, 0, 4, 4], "texture": "#0"}
			}
		},
		{
			"from": [1, 6, 9],
			"to": [5, 7, 13],
			"rotation": {"angle": 0, "axis": "y", "origin": [3, 6.5, 11]},
			"faces": {
				"north": {"uv": [0, 4, 4, 5], "texture": "#0"},
				"east": {"uv": [0, 4, 4, 5], "texture": "#0"},
				"south": {"uv": [0, 4, 4, 5], "texture": "#0"},
				"west": {"uv": [0, 4, 4, 5], "texture": "#0"},
				"up": {"uv": [0, 0, 4, 4], "texture": "#0"},
				"down": {"uv": [0, 0, 4, 4], "texture": "#0"}
			}
		},
		{
			"from": [1, 7, 9],
			"to": [5, 8, 13],
			"rotation": {"angle": 0, "axis": "y", "origin": [3, 7.5, 11]},
			"faces": {
				"north": {"uv": [0, 5, 4, 6], "texture": "#0"},
				"east": {"uv": [0, 5, 4, 6], "texture": "#0"},
				"south": {"uv": [0, 5, 4, 6], "texture": "#0"},
				"west": {"uv": [0, 5, 4, 6], "texture": "#0"},
				"up": {"uv": [0, 0, 4, 4], "texture": "#0"},
				"down": {"uv": [0, 0, 4, 4], "texture": "#0"}
			}
		},
		{
			"from": [1, 8, 9],
			"to": [5, 9, 13],
			"rotation": {"angle": 0, "axis": "y", "origin": [3, 8.5, 11]},
			"faces": {
				"north": {"uv": [0, 4, 4, 5], "texture": "#0"},
				"east": {"uv": [0, 4, 4, 5], "texture": "#0"},
				"south": {"uv": [0, 4, 4, 5], "texture": "#0"},
				"west": {"uv": [0, 4, 4, 5], "texture": "#0"},
				"up": {"uv": [0, 0, 4, 4], "texture": "#0"},
				"down": {"uv": [0, 0, 4, 4], "texture": "#0"}
			}
		}
	],
	"display": {
		"head": {
			"translation": [0, -35.2, 0]
		}
	}
}