{
    "providers": [
		{
			"file": "minecraft:font/game_icons.png",
			"type": "bitmap",
			"ascent": 7,
			"chars": ["\u278A\u278B\u278C\u278D","\u278E\u278F\u2790\u2791","\u2792\u2793\u2794\u2795","\u2796\u2797\u0000\u00BF"],
			"height": 8
		},
		{
			"file": "minecraft:font/team_icons.png",
			"type": "bitmap",
			"ascent": 7,
			"chars": ["\uE009\uE008\u2779\u2776","\u277A\u2777\uE00A\uE00B","\uE000\uE001\uE002\uE003","\uE004\uE005\uE006\uE007"],
			"height": 8
		},
		{
			"file": "minecraft:font/team_icons_themed.png",
			"type": "bitmap",
			"ascent": 7,
			"chars": ["\uE030\uE031\uE032\uE033","\uE034\uE035\uE036\uE037","\uE038\uE039\uE03A\uE03B","\uE03C\uE03D\uE03E\uE03F"],
			"height": 8
		},
		{"file": "minecraft:font/games/decision_dome.png", "type": "bitmap", "ascent": 7,"chars": ["\uE060"], "height": 8},
		{"file": "minecraft:font/games/unknown.png", "type": "bitmap", "ascent": 7,"chars": ["\uE061"], "height": 8},
		{"file": "minecraft:font/games/dodgebolt.png", "type": "bitmap", "ascent": 7,"chars": ["\uE062"], "height": 8},
		{"file": "minecraft:font/games/ace_race.png", "type": "bitmap", "ascent": 7,"chars": ["\uE063"], "height": 8},
		{"file": "minecraft:font/games/sky_battle.png", "type": "bitmap", "ascent": 7,"chars": ["\uE064"], "height": 8},
		{"file": "minecraft:font/games/tgttos.png", "type": "bitmap", "ascent": 7,"chars": ["\uE065"], "height": 8},
		{"file": "minecraft:font/games/rocket_spleef.png", "type": "bitmap", "ascent": 7,"chars": ["\uE066"], "height": 8},
		{"file": "minecraft:font/games/survival_games.png", "type": "bitmap", "ascent": 7,"chars": ["\uE067"], "height": 8},
		{"file": "minecraft:font/games/build_mart.png", "type": "bitmap", "ascent": 7,"chars": ["\uE068"], "height": 8},
		{"file": "minecraft:font/games/hole_in_the_wall.png", "type": "bitmap", "ascent": 7,"chars": ["\uE069"], "height": 8},
		{"file": "minecraft:font/games/parkour_warrior.png", "type": "bitmap", "ascent": 7,"chars": ["\uE06A"], "height": 8},
		{"file": "minecraft:font/games/battle_box.png", "type": "bitmap", "ascent": 7,"chars": ["\uE06B"], "height": 8},
		{"file": "minecraft:font/games/parkour_tag.png", "type": "bitmap", "ascent": 7,"chars": ["\uE06C"], "height": 8},
		{"file": "minecraft:font/games/sands_of_time.png", "type": "bitmap", "ascent": 7,"chars": ["\uE06D"], "height": 8},
		{"file": "minecraft:font/games/grid_runners.png", "type": "bitmap", "ascent": 7,"chars": ["\uE06E"], "height": 8},
		{"file": "minecraft:font/games/meltdown.png", "type": "bitmap", "ascent": 7,"chars": ["\uE06F"], "height": 8},
		{"file": "minecraft:font/games/bingo_but_fast.png", "type": "bitmap", "ascent": 7,"chars": ["\uE070"], "height": 8},
		{
			"file": "minecraft:font/misc_icons.png",
			"type": "bitmap",
			"ascent": 7,
			"chars": ["\u2606\u7B14\u8BB0\u0000","\uE100\uE101\u0000\u0000","\u0000\u0000\u0000\u0000","\u0000\u0000\u0000\u0000"],
			"height": 8
		},
		{
			"file": "minecraft:font/space_split.png",
			"ascent": -32768,
			"type": "bitmap",
			"chars": ["\uFF00"],
			"height": -20
		},
		{"type": "space", "advances": {"\uFF01": 255}},
		{"file": "minecraft:font/bingo_challenges/cooked_salmon.png","type": "bitmap","ascent": 31,"chars": ["\uF000"],"height": 36},
		{"file": "minecraft:font/bingo_challenges/crossbow.png","type": "bitmap","ascent": 31,"chars": ["\uF001"],"height": 36},
		{"file": "minecraft:font/bingo_challenges/enchanting_table.png","type": "bitmap","ascent": 31,"chars": ["\uF002"],"height": 36},
		{"file": "minecraft:font/bingo_challenges/mossy_cobblestone.png","type": "bitmap","ascent": 31,"chars": ["\uF003"],"height": 36},
		{"file": "minecraft:font/bingo_challenges/terracotta.png","type": "bitmap","ascent": 31,"chars": ["\uF004"],"height": 36},
		{"file": "minecraft:font/bingo_challenges/3_glass_bottle.png","type": "bitmap","ascent": 31,"chars": ["\uF005"],"height": 36},
		{"file": "minecraft:font/bingo_challenges/4_flower_pot.png","type": "bitmap","ascent": 31,"chars": ["\uF006"],"height": 36},
		{"file": "minecraft:font/bingo_challenges/8_wheat_seeds.png","type": "bitmap","ascent": 31,"chars": ["\uF007"],"height": 36},
		{"file": "minecraft:font/bingo_challenges/64_sand.png","type": "bitmap","ascent": 31,"chars": ["\uF008"],"height": 36},
		{"file": "minecraft:font/bingo_challenges/activator_rail.png","type": "bitmap","ascent": 31,"chars": ["\uF009"],"height": 36},
		{"file": "minecraft:font/bingo_challenges/bone_block.png","type": "bitmap","ascent": 31,"chars": ["\uF00A"],"height": 36},
		{"file": "minecraft:font/bingo_challenges/book_and_quill.png","type": "bitmap","ascent": 31,"chars": ["\uF00B"],"height": 36},
		{"file": "minecraft:font/bingo_challenges/bookshelf.png","type": "bitmap","ascent": 31,"chars": ["\uF00C"],"height": 36},
		{"file": "minecraft:font/bingo_challenges/bricks.png","type": "bitmap","ascent": 31,"chars": ["\uF00D"],"height": 36},
		{"file": "minecraft:font/bingo_challenges/cake.png","type": "bitmap","ascent": 31,"chars": ["\uF00E"],"height": 36},
		{"file": "minecraft:font/bingo_challenges/campfire.png","type": "bitmap","ascent": 31,"chars": ["\uF00F"],"height": 36},
		{"file": "minecraft:font/bingo_challenges/cauldron.png","type": "bitmap","ascent": 31,"chars": ["\uF010"],"height": 36},
		{"file": "minecraft:font/bingo_challenges/chiseled_sandstone.png","type": "bitmap","ascent": 31,"chars": ["\uF011"],"height": 36},
		{"file": "minecraft:font/bingo_challenges/chiseled_stone_bricks.png","type": "bitmap","ascent": 31,"chars": ["\uF012"],"height": 36},
		{"file": "minecraft:font/bingo_challenges/clock.png","type": "bitmap","ascent": 31,"chars": ["\uF013"],"height": 36},
		{"file": "minecraft:font/bingo_challenges/coarse_dirt.png","type": "bitmap","ascent": 31,"chars": ["\uF014"],"height": 36},
		{"file": "minecraft:font/bingo_challenges/compass.png","type": "bitmap","ascent": 31,"chars": ["\uF015"],"height": 36},
		{"file": "minecraft:font/bingo_challenges/cooked_porkchop.png","type": "bitmap","ascent": 31,"chars": ["\uF016"],"height": 36},
		{"file": "minecraft:font/bingo_challenges/diamond.png","type": "bitmap","ascent": 31,"chars": ["\uF017"],"height": 36},
		{"file": "minecraft:font/bingo_challenges/dispenser.png","type": "bitmap","ascent": 31,"chars": ["\uF018"],"height": 36},
		{"file": "minecraft:font/bingo_challenges/flint_and_steel.png","type": "bitmap","ascent": 31,"chars": ["\uF019"],"height": 36},
		{"file": "minecraft:font/bingo_challenges/golden_apple.png","type": "bitmap","ascent": 31,"chars": ["\uF01A"],"height": 36},
		{"file": "minecraft:font/bingo_challenges/short_grass.png","type": "bitmap","ascent": 31,"chars": ["\uF01B"],"height": 36},
		{"file": "minecraft:font/bingo_challenges/lapis_block.png","type": "bitmap","ascent": 31,"chars": ["\uF01C"],"height": 36},
		{"file": "minecraft:font/bingo_challenges/lava_bucket.png","type": "bitmap","ascent": 31,"chars": ["\uF01D"],"height": 36},
		{"file": "minecraft:font/bingo_challenges/leather_cap.png","type": "bitmap","ascent": 31,"chars": ["\uF01E"],"height": 36},
		{"file": "minecraft:font/bingo_challenges/lightning_rod.png","type": "bitmap","ascent": 31,"chars": ["\uF01F"],"height": 36},
		{"file": "minecraft:font/bingo_challenges/loom.png","type": "bitmap","ascent": 31,"chars": ["\uF020"],"height": 36},
		{"file": "minecraft:font/bingo_challenges/milk_bucket.png","type": "bitmap","ascent": 31,"chars": ["\uF021"],"height": 36},
		{"file": "minecraft:font/bingo_challenges/minecart_with_chest.png","type": "bitmap","ascent": 31,"chars": ["\uF022"],"height": 36},
		{"file": "minecraft:font/bingo_challenges/mushroom_stew.png","type": "bitmap","ascent": 31,"chars": ["\uF023"],"height": 36},
		{"file": "minecraft:font/bingo_challenges/note_block.png","type": "bitmap","ascent": 31,"chars": ["\uF024"],"height": 36},
		{"file": "minecraft:font/bingo_challenges/obsidian.png","type": "bitmap","ascent": 31,"chars": ["\uF025"],"height": 36},
		{"file": "minecraft:font/bingo_challenges/painting.png","type": "bitmap","ascent": 31,"chars": ["\uF026"],"height": 36},
		{"file": "minecraft:font/bingo_challenges/piston.png","type": "bitmap","ascent": 31,"chars": ["\uF027"],"height": 36},
		{"file": "minecraft:font/bingo_challenges/purple_dye.png","type": "bitmap","ascent": 31,"chars": ["\uF028"],"height": 36},
		{"file": "minecraft:font/bingo_challenges/red_concrete.png","type": "bitmap","ascent": 31,"chars": ["\uF029"],"height": 36},
		{"file": "minecraft:font/bingo_challenges/redstone_repeater.png","type": "bitmap","ascent": 31,"chars": ["\uF02A"],"height": 36},
		{"file": "minecraft:font/bingo_challenges/smithing_table.png","type": "bitmap","ascent": 31,"chars": ["\uF02B"],"height": 36},
		{"file": "minecraft:font/bingo_challenges/steak.png","type": "bitmap","ascent": 31,"chars": ["\uF02C"],"height": 36},
		{"file": "minecraft:font/bingo_challenges/tuff.png","type": "bitmap","ascent": 31,"chars": ["\uF02D"],"height": 36},
		{"file": "minecraft:font/bingo_challenges/2_charcoal.png","type": "bitmap","ascent": 31,"chars": ["\uF02E"],"height": 36},
		{"file": "minecraft:font/bingo_challenges/8_arrow.png","type": "bitmap","ascent": 31,"chars": ["\uF02F"],"height": 36},
		{"file": "minecraft:font/bingo_challenges/coal_block.png","type": "bitmap","ascent": 31,"chars": ["\uF030"],"height": 36},
		{"file": "minecraft:font/bingo_challenges/fermented_spider_eye.png","type": "bitmap","ascent": 31,"chars": ["\uF031"],"height": 36},
		{"file": "minecraft:font/bingo_challenges/fletching_table.png","type": "bitmap","ascent": 31,"chars": ["\uF032"],"height": 36},
		{"file": "minecraft:font/bingo_challenges/golden_hoe.png","type": "bitmap","ascent": 31,"chars": ["\uF033"],"height": 36},
		{"file": "minecraft:font/bingo_challenges/orange_concrete.png","type": "bitmap","ascent": 31,"chars": ["\uF034"],"height": 36},
		{"file": "minecraft:font/bingo_challenges/pink_wool.png","type": "bitmap","ascent": 31,"chars": ["\uF035"],"height": 36},
		{"file": "minecraft:font/bingo_challenges/3_glow_lichen.png","type": "bitmap","ascent": 31,"chars": ["\uF036"],"height": 36},
		{"file": "minecraft:font/bingo_challenges/anvil.png","type": "bitmap","ascent": 31,"chars": ["\uF037"],"height": 36},
		{"file": "minecraft:font/bingo_challenges/barrel.png","type": "bitmap","ascent": 31,"chars": ["\uF038"],"height": 36},
		{"file": "minecraft:font/bingo_challenges/blast_furnace.png","type": "bitmap","ascent": 31,"chars": ["\uF039"],"height": 36},
		{"file": "minecraft:font/bingo_challenges/blue_stained_glass_pane.png","type": "bitmap","ascent": 31,"chars": ["\uF03A"],"height": 36},
		{"file": "minecraft:font/bingo_challenges/seagrass.png","type": "bitmap","ascent": 31,"chars": ["\uF03B"],"height": 36},
		{"file": "minecraft:font/bingo_challenges/tnt.png","type": "bitmap","ascent": 31,"chars": ["\uF03C"],"height": 36},
		{"file": "minecraft:font/bingo_challenges/white_glazed_terracotta.png","type": "bitmap","ascent": 31,"chars": ["\uF03D"],"height": 36},
		{"file": "minecraft:font/bingo_challenges/cut_copper.png","type": "bitmap","ascent": 31,"chars": ["\uF03E"],"height": 36},
		{"file": "minecraft:font/bingo_challenges/diamond_boots.png","type": "bitmap","ascent": 31,"chars": ["\uF03F"],"height": 36},
		{"file": "minecraft:font/bingo_challenges/target.png","type": "bitmap","ascent": 31,"chars": ["\uF040"],"height": 36},
		{"file": "minecraft:font/bingo_challenges/spyglass.png","type": "bitmap","ascent": 31,"chars": ["\uF041"],"height": 36},
		{"file": "minecraft:font/bingo_challenges/2_lead.png","type": "bitmap","ascent": 31,"chars": ["\uF042"],"height": 36},
		{"file": "minecraft:font/bingo_challenges/brush.png","type": "bitmap","ascent": 31,"chars": ["\uF043"],"height": 36},
		{"file": "minecraft:font/bingo_challenges/flowering_azalea.png","type": "bitmap","ascent": 31,"chars": ["\uF044"],"height": 36},
		{"file": "minecraft:font/bingo_challenges/mangrove_propagule.png","type": "bitmap","ascent": 31,"chars": ["\uF045"],"height": 36},
		{"file": "minecraft:font/bingo_challenges/packed_mud.png","type": "bitmap","ascent": 31,"chars": ["\uF046"],"height": 36},
		{"file": "minecraft:font/bingo_challenges/20_cherry_leaves.png","type": "bitmap","ascent": 31,"chars": ["\uF047"],"height": 36},
		{"file": "minecraft:font/bingo_challenges/3_redstone_block.png","type": "bitmap","ascent": 31,"chars": ["\uF048"],"height": 36},
		{"file": "minecraft:font/bingo_challenges/bread.png","type": "bitmap","ascent": 31,"chars": ["\uF049"],"height": 36},
		{"file": "minecraft:font/bingo_challenges/cookie.png","type": "bitmap","ascent": 31,"chars": ["\uF04A"],"height": 36},
		{"file": "minecraft:font/bingo_challenges/green_dye.png","type": "bitmap","ascent": 31,"chars": ["\uF04B"],"height": 36},
		{"file": "minecraft:font/bingo_challenges/red_stained_glass.png","type": "bitmap","ascent": 31,"chars": ["\uF04C"],"height": 36},
		{"file": "minecraft:font/bingo_challenges/gold_block.png","type": "bitmap","ascent": 31,"chars": ["\uF04D"],"height": 36},
		{"file": "minecraft:font/bingo_challenges/yellow_terracotta.png","type": "bitmap","ascent": 31,"chars": ["\uF04E"],"height": 36},
		{"file": "minecraft:font/bingo_challenges/dried_kelp_block.png","type": "bitmap","ascent": 31,"chars": ["\uF04F"],"height": 36},
		{"file": "minecraft:font/bingo_challenges/20_oak_leaves.png","type": "bitmap","ascent": 31,"chars": ["\uF050"],"height": 36},
		{"file": "minecraft:font/bingo_challenges/diamond_block.png","type": "bitmap","ascent": 31,"chars": ["\uF051"],"height": 36},
		{"file": "minecraft:font/bingo_challenges/bedrock.png","type": "bitmap","ascent": 31,"chars": ["\uF052"],"height": 36},
		{"file": "minecraft:font/bingo_challenges/block_above_250.png","type": "bitmap","ascent": 31,"chars": ["\uF053"],"height": 36},
		{"file": "minecraft:font/bingo_challenges/catch_fish.png","type": "bitmap","ascent": 31,"chars": ["\uF054"],"height": 36},
		{"file": "minecraft:font/bingo_challenges/hook_player.png","type": "bitmap","ascent": 31,"chars": ["\uF055"],"height": 36},
		{"file": "minecraft:font/bingo_challenges/tame_horse.png","type": "bitmap","ascent": 31,"chars": ["\uF056"],"height": 36},
		{"file": "minecraft:font/bingo_challenges/punch_chicken_below_0.png","type": "bitmap","ascent": 31,"chars": ["\uF057"],"height": 36},
		{"file": "minecraft:font/bingo_challenges/summon_iron_golem.png","type": "bitmap","ascent": 31,"chars": ["\uF058"],"height": 36},
		{"file": "minecraft:font/bingo_challenges/use_jukebox.png","type": "bitmap","ascent": 31,"chars": ["\uF059"],"height": 36},
		{"file": "minecraft:font/bingo_challenges/emerald.png","type": "bitmap","ascent": 31,"chars": ["\uF05A"],"height": 36},
		{"file": "minecraft:font/bingo_challenges/attack_warden.png","type": "bitmap","ascent": 31,"chars": ["\uF05B"],"height": 36},
		{"file": "minecraft:font/bingo_challenges/full_gold_armor.png","type": "bitmap","ascent": 31,"chars": ["\uF05C"],"height": 36},
		{"file": "minecraft:font/bingo_challenges/minecart.png","type": "bitmap","ascent": 31,"chars": ["\uF05D"],"height": 36},
		{"file": "minecraft:font/bingo_challenges/cyan_glazed_terracotta.png","type": "bitmap","ascent": 31,"chars": ["\uF05E"],"height": 36},
		{"file": "minecraft:font/bingo_challenges/8_oak_trapdoor.png","type": "bitmap","ascent": 31,"chars": ["\uF05F"],"height": 36},
		{"file": "minecraft:font/bingo_challenges/2_rotten_flesh.png","type": "bitmap","ascent": 31,"chars": ["\uF060"],"height": 36},
		{"file": "minecraft:font/bingo_challenges/3_shroomlight.png","type": "bitmap","ascent": 31,"chars": ["\uF061"],"height": 36},
		{"file": "minecraft:font/bingo_challenges/4_soul_campfire.png","type": "bitmap","ascent": 31,"chars": ["\uF062"],"height": 36},
		{"file": "minecraft:font/bingo_challenges/16_magma_block.png","type": "bitmap","ascent": 31,"chars": ["\uF063"],"height": 36},
		{"file": "minecraft:font/bingo_challenges/16_quartz.png","type": "bitmap","ascent": 31,"chars": ["\uF064"],"height": 36},
		{"file": "minecraft:font/bingo_challenges/32_warped_wart_block.png","type": "bitmap","ascent": 31,"chars": ["\uF065"],"height": 36},
		{"file": "minecraft:font/bingo_challenges/64_netherrack.png","type": "bitmap","ascent": 31,"chars": ["\uF066"],"height": 36},
		{"file": "minecraft:font/bingo_challenges/brewing_stand.png","type": "bitmap","ascent": 31,"chars": ["\uF067"],"height": 36},
		{"file": "minecraft:font/bingo_challenges/fire_charge.png","type": "bitmap","ascent": 31,"chars": ["\uF068"],"height": 36},
		{"file": "minecraft:font/bingo_challenges/ghast_tear.png","type": "bitmap","ascent": 31,"chars": ["\uF069"],"height": 36},
		{"file": "minecraft:font/bingo_challenges/gilded_blackstone.png","type": "bitmap","ascent": 31,"chars": ["\uF06A"],"height": 36},
		{"file": "minecraft:font/bingo_challenges/golden_chestplate.png","type": "bitmap","ascent": 31,"chars": ["\uF06B"],"height": 36},
		{"file": "minecraft:font/bingo_challenges/item_frame.png","type": "bitmap","ascent": 31,"chars": ["\uF06C"],"height": 36},
		{"file": "minecraft:font/bingo_challenges/ladder.png","type": "bitmap","ascent": 31,"chars": ["\uF06D"],"height": 36},
		{"file": "minecraft:font/bingo_challenges/smoker.png","type": "bitmap","ascent": 31,"chars": ["\uF06E"],"height": 36},
		{"file": "minecraft:font/bingo_challenges/smooth_basalt.png","type": "bitmap","ascent": 31,"chars": ["\uF06F"],"height": 36},
		{"file": "minecraft:font/bingo_challenges/stone_pickaxe.png","type": "bitmap","ascent": 31,"chars": ["\uF070"],"height": 36},
		{"file": "minecraft:font/bingo_challenges/white_dye.png","type": "bitmap","ascent": 31,"chars": ["\uF071"],"height": 36},
		{"file": "minecraft:font/bingo_challenges/respawn_anchor.png","type": "bitmap","ascent": 31,"chars": ["\uF072"],"height": 36},
		{"file": "minecraft:font/bingo_challenges/enchant_iron_sword.png","type": "bitmap","ascent": 31,"chars": ["\uF073"],"height": 36},
		{"file": "minecraft:font/bingo_challenges/light_candle.png","type": "bitmap","ascent": 31,"chars": ["\uF074"],"height": 36},
		{"file": "minecraft:font/bingo_challenges/20_calcite.png","type": "bitmap","ascent": 31,"chars": ["\uF075"],"height": 36},
		{"file": "minecraft:font/bingo_challenges/light_blue_concrete.png","type": "bitmap","ascent": 31,"chars": ["\uF076"],"height": 36},
		{"file": "minecraft:font/bingo_challenges/3_acacia_door.png","type": "bitmap","ascent": 31,"chars": ["\uF077"],"height": 36},
		{"file": "minecraft:font/bingo_challenges/3_fern.png","type": "bitmap","ascent": 31,"chars": ["\uF078"],"height": 36},
		{"file": "minecraft:font/bingo_challenges/25_andesite.png","type": "bitmap","ascent": 31,"chars": ["\uF079"],"height": 36},
		{"file": "minecraft:font/bingo_challenges/25_diorite.png","type": "bitmap","ascent": 31,"chars": ["\uF07A"],"height": 36},
		{"file": "minecraft:font/bingo_challenges/25_granite.png","type": "bitmap","ascent": 31,"chars": ["\uF07B"],"height": 36},
		{"file": "minecraft:font/bingo_challenges/64_spruce_leaves.png","type": "bitmap","ascent": 31,"chars": ["\uF07C"],"height": 36},
		{"file": "minecraft:font/bingo_challenges/enchanted_book.png","type": "bitmap","ascent": 31,"chars": ["\uF07D"],"height": 36},
		{"file": "minecraft:font/bingo_challenges/kill_pillager.png","type": "bitmap","ascent": 31,"chars": ["\uF07E"],"height": 36},
		{"file": "minecraft:font/bingo_challenges/kill_snow_golem.png","type": "bitmap","ascent": 31,"chars": ["\uF07F"],"height": 36},
		{"file": "minecraft:font/bingo_challenges/magma_block.png","type": "bitmap","ascent": 31,"chars": ["\uF080"],"height": 36},
		{
			"file": "minecraft:font/space_split.png",
			"ascent": -32768,
			"type": "bitmap",
			"chars": ["ꈂ"],
			"height": -3
		},
		{
			"file": "minecraft:font/space_split.png",
			"ascent": -32768,
			"type": "bitmap",
			"chars": ["\uE010"],
			"height": -2
		},
		{
			"file": "minecraft:font/space_split.png",
			"ascent": -32768,
			"type": "bitmap",
			"chars": ["\uE011"],
			"height": -1
		},
		{
			"file": "minecraft:font/space_split.png",
			"ascent": -32768,
			"type": "bitmap",
			"chars": ["\uE012"],
			"height": 0
		},
		
		{
			"file": "minecraft:font/space_split.png",
			"ascent": -32768,
			"type": "bitmap",
			"chars": ["\uE013"],
			"height": 1
		},
		
		{
			"file": "minecraft:font/space_split.png",
			"ascent": -32768,
			"type": "bitmap",
			"chars": ["\uE014"],
			"height": 2
		},
		
		{
			"file": "minecraft:font/space_split.png",
			"ascent": -32768,
			"type": "bitmap",
			"chars": ["\uE015"],
			"height": 3
		},
		
		{
			"file": "minecraft:font/space_split.png",
			"ascent": -32768,
			"type": "bitmap",
			"chars": ["\uE016"],
			"height": 4
		},
		
		{
			"file": "minecraft:font/space_split.png",
			"ascent": -32768,
			"type": "bitmap",
			"chars": ["\uE017"],
			"height": 5
		},
		
		{
			"file": "minecraft:font/space_split.png",
			"ascent": -32768,
			"type": "bitmap",
			"chars": ["\uE020\uE021\uE022\uE023","\uE024\uE025\uE026\uE027","\uE028\uE029\uE02A\uE02B","\uE02C\uE02D\uE02E\uE02F"],
			"height": -6
		},
		{
			"file": "minecraft:font/space_split.png",
			"ascent": -32768,
			"type": "bitmap",
			"chars": ["\uE200"],
			"height": -1
		},
		{
			"file": "minecraft:font/space_split.png",
			"ascent": -32768,
			"type": "bitmap",
			"chars": ["\uE201"],
			"height": 1
		},
		{
			"file": "minecraft:font/space_split.png",
			"ascent": -32768,
			"type": "bitmap",
			"chars": ["\uE202"],
			"height": 3
		},
		{
			"file": "minecraft:font/space_split.png",
			"ascent": -32768,
			"type": "bitmap",
			"chars": ["\uE203"],
			"height": 7
		},
		{
			"file": "minecraft:font/space_split.png",
			"ascent": -32768,
			"type": "bitmap",
			"chars": ["\uE204"],
			"height": 15
		},
		{
			"file": "minecraft:font/space_split.png",
			"ascent": -32768,
			"type": "bitmap",
			"chars": ["\uE205"],
			"height": 31
		},
		{
			"file": "minecraft:font/space_split.png",
			"ascent": -32768,
			"type": "bitmap",
			"chars": ["\uE206"],
			"height": 63
		},
		{
			"file": "minecraft:font/space_split.png",
			"ascent": -32768,
			"type": "bitmap",
			"chars": ["\uE207"],
			"height": 5
		},
		{
			"file": "minecraft:font/space_split.png",
			"ascent": -32768,
			"type": "bitmap",
			"chars": ["\uE208"],
			"height": -50
		}
    ]
}
